site_name,site_address,site_city,state_abbr,status,site_telephone_number,longitude,latitude
GOOD SAMARITAN SHELTER,401 W Morrison Ave,Santa Maria,CA,Active,805-346-8185,-120.44105703,34.94385598
Mary Isaak Homeless Shelter  Clinic,900 Hopper St,Petaluma,CA,Active,707-559-7500,-122.62322911,38.23365235
SAC Health System Indio Clinic,82 Civic Center Dr,Indio,CA,Active,909-771-2822,-116.21811332,33.71870652
HAWKINS VILLAGE MEDICAL CLINIC,333 Schwerin St,San Francisco,CA,Active,415-585-2451,-122.41175914,37.70914617
Clinicas Del Camino Real Inc - Ocean View,4400 Olds Rd,Oxnard,CA,Active,805-986-5551,-119.14839346,34.16003689
COMPLETE CARE COMMUNITY HEALTH CENTER,2928 E Cesar E Chavez Ave,Los Angeles,CA,Active,323-266-6700,-118.200982,34.04348217
ACHCH Tiburcio Vasquez Health Center Zone 3 Street Health Mobile Unit,22331 Mission Blvd,Hayward,CA,Active,510-471-5907,-122.08710087,37.67438139
LACHC Mobile Medical Van #1,325 E 7th St,Los Angeles,CA,Active,213-893-1960,-118.24855802,34.04215447
Central City Community Health Center. Inc. - Baldwin Park 1,4126 N Maine Ave,Baldwin Park,CA,Active,626-653-0800,-117.96034023,34.08771802
APLA Health - 3741 S. La Brea,3741 S La Brea Ave,Los Angeles,CA,Active,323-329-9010,-118.35583004,34.01879998
HCHC-El Sereno,3301 N Eastern Ave,Los Angeles,CA,Active,626-286-8700,-118.17807594,34.08373697
ACHCH Lifelong Downtown South Berkeley Street Health Team Zone 13 Mobile Health Unit,"3075 Adeline St, Suite 280",Berkeley,CA,Active,510-981-4100,-122.2693278,37.85277352
AltaMed Dental Group - Mobile Unit #1,1325 N Anaheim Blvd,Anaheim,CA,Active,888-499-9303,-117.9207272,33.85319356
COUNTY HEALTH CLINIC - LOMPOC,301 N R St,Lompoc,CA,Active,805-737-6400,-120.47148711,34.64279051
KMOH ADMINISTRATIVE OFFICES  -  MT. VERNON,1700 Mount Vernon Ave,Bakersfield,CA,Active,661-326-2000,-118.97063006,35.3825233
Omni Family Health,4131 Ming Ave,Bakersfield,CA,Active,866-707-6664,-119.05054782,35.33849891
Dutton Campus,1300 N Dutton Ave,Santa Rosa,CA,Active,707-303-3600,-122.73302852,38.44978995
San Ysidro Health Maternal & Child Health Center,4050 Beyer Blvd,San Ysidro,CA,Active,619-662-4100,-117.04684171,32.55869118
School Clinic - Analy,445 Taft St,Sebastopol,CA,Active,707-869-5977,-122.8236731,38.40622648
Venice Family Clinic - Irma Colen Administration Suite,12099 W Washington Blvd STE 304,Los Angeles,CA,Active,310-664-7948,-118.42392386,33.99748475
CHPY-COLE STREET CLINIC,555 Cole St,San Francisco,CA,Active,415-751-8181,-122.45044305,37.77000838
San Ysidro Health Gastroenterology,"480 4th Ave, Suite 316",Chula Vista,CA,Active,619-662-4100,-117.08247687,32.633924
Morongo Basin Community Health Center-BH,58383 29 Palms Hwy,Yucca Valley,CA,Active,760-366-1548,-116.38981265,34.13125549
Turlock Colorado Ave Center,2141 Colorado Ave,Turlock,CA,Active,209-850-3500,-120.83583134,37.51226851
South Bay Behavioral Health Center,740 10th St,Imperial Beach,CA,Active,619-515-2300,-117.11216582,32.58303335
Dinuba Unified School District Behavioral Health Center,490 W Kamm Ave,Dinuba,CA,Active,559-595-1000,-119.40042032,36.53138167
SJCH Leavey Community Clinic,3628 E Imperial Hwy STE 301,Lynwood,CA,Active,323-541-1411,-118.20441598,33.93073015
NEIGHBORHOOD HEALTHCARE ~ Pediatrics,426 N Date St,Escondido,CA,Active,760-690-5900,-117.07136741,33.12927004
Omni Family Health,161 N Mill St,Tehachapi,CA,Active,866-707-6664,-118.45241814,35.13415406
Precision Health Center-Huntington Park,2568 Clarendon Ave,Huntington Park,CA,Active,323-582-5444,-118.22585071,33.98349709
LACHC at Pico Aliso Mental Health Suite,1619 E 4th St,Los Angeles,CA,Active,213-893-1960,-118.22201848,34.04297519
DAP Health -Mobile Unit 3,779 N Buena Vista St,Hemet,CA,Active,760-321-6776,-116.96789039,33.75999245
Petaluma Eye Care Center,1225 N McDowell Blvd,Petaluma,CA,Active,707-559-7500,-122.66182727,38.26996971
"Central City Community Health Center, Inc. - El Monte","10050 Garvey Ave, Suite 111",El Monte,CA,Active,626-652-0790,-118.04940677,34.0617561
Northeast Community Clinic,"1414 S Grand Ave, Ste 300",Los Angeles,CA,Active,213-222-1300,-118.26569993,34.03663977
Neighborhood Healthcare ~ Mead Valley,21705 Martin St,Perris,CA,Active,760-520-8300,-117.28450999,33.84293901
SJCH - Roosevelt High School-Based Health Center,444 S Mathews St,Los Angeles,CA,Active,323-541-1600,-118.21108664,34.03921087
CNHF - Upland Admin,"360 E 7th St, Suite B",Upland,CA,Active,909-981-2500,-117.64652003,34.08859654
Family Health Matters Community Health Center,1182 N Euclid St,Anaheim,CA,Active,714-441-0411,-117.94140796,33.84992638
Admin Campus - Ste 120,120 Stony Point Rd,Santa Rosa,CA,Active,707-303-3600,-122.74452002,38.4422964
Families Together of Orange County-Mobile Clinic,"661 W 1st St, Suite G",Tustin,CA,Active,714-665-9890,-117.83117931,33.74622476
AMH Comprehensive Medical Centers - Maywood Temporary,6043 Atlantic Blvd,Maywood,CA,Active,213-484-8786,-118.18633194,33.98405229
NEMS PACE San Jose Center,939 Story Rd,San Jose,CA,Active,800-508-4578,-121.85981257,37.33240309
Sacramento Community Clinic - Assembly Court,5524 Assembly Ct,Sacramento,CA,Active,916-642-1867,-121.43929869,38.49330288
El Dorado Community Health Center Cameron Park Main,"3100 Ponte Morino Dr, Ste 120",Cameron Park,CA,Active,530-621-7700,-120.96733124,38.66240648
Peach Tree Mobile Unit,5600 Lindhurst Ave,Marysville,CA,Active,530-749-3242,-121.55995301,39.11558237
Blessing Community Health Center,"3972 N Waterman Ave, Suite 104",San Bernardino,CA,Active,909-433-9700,-117.27919083,34.16408505
Mission City Community Network - SFV- Mobile,8527 Sepulveda Blvd,North Hills,CA,Active,818-895-3100,-118.46799809,34.22544008
COMMUNITY HEALTH CENTERS COASTAL DENTAL,1304 S Miller St,Santa Maria,CA,Active,805-352-1188,-120.43092557,34.93826458
Ojai Valley Community Health Center,1200 Maricopa Hwy,Ojai,CA,Active,805-640-8293,-119.26307039,34.44245275
Valencia Behavioral Health Center,"25115 Avenue Stanford, #A",Valencia,CA,Active,661-468-7405,-118.57539684,34.4365063
OHI - Solano Widenmann Leadership Academy,1025 Corcoran Ave,Vallejo,CA,Active,707-558-2000,-122.24027562,38.15436801
"AltaMed Medical Group - Medical and Dental, Mobile Unit",13555 Excelsior Dr,Norwalk,CA,Active,888-499-9303,-118.04296201,33.8962638
Asian Health Services Dental and Wellness Clinic,770 E 14th St,San Leandro,CA,Active,510-250-8300,-122.15905582,37.72952463
San Ysidro Health Euclid,"286 Euclid Ave, Ste 302",San Diego,CA,Active,619-662-4100,-117.08512295,32.7070851
SJCH Mobile #04,808 West 58Th Street,Los Angeles,CA,Active,323-541-1600,-118.28724754,33.98968108
Venice Family Clinic - Colen Annex,4700 Inglewood Blvd,Culver City,CA,Active,310-392-8630,-118.41503058,33.99311305
Dinuba Community Health Center - Building 1,888 N Alta Ave,Dinuba,CA,Active,559-595-1000,-119.39462503,36.5528379
La Mesa Family Health Center,"8530 La Mesa Blvd, Ste 200",La Mesa,CA,Active,619-515-2300,-117.01346162,32.76875014
"Central City Community Health Center, Inc.- Benito Juarez Elementary School",841 S Sunkist St,Anaheim,CA,Active,323-724-0019,-117.88106655,33.82936913
Eastside Family Dental Clinic,923 N Milpas St,Santa Barbara,CA,Active,805-884-1998,-119.69125002,34.43035004
Canyon Vista,200 Edmonds Rd,Redwood City,CA,Active,650-367-1890,-122.28568023,37.47362869
Eisner Health at Lynwood,"3680 E Imperial Hwy, Suite 200",Lynwood,CA,Active,310-608-4898,-118.20111192,33.93184398
Green Acres Elementary School,966 Bostwick Ln,Santa Cruz,CA,Active,831-475-0111,-121.9869,36.98368998
Family Health Matters Wellness Center,1168 N Euclid St,Anaheim,CA,Active,714-441-0411,-117.94160191,33.84959965
Family HealthCare Network - Fresno First,3425 N 1st St,Fresno,CA,Active,877-960-3426,-119.77306695,36.78188308
Golden Plains Unified School District Community Health Center,6052 Juanche Ave,Tranquillity,CA,Active,559-364-2984,-120.25434652,36.64616525
"AltaMed Medical Group - East Los Angeles / Whittier, Brady",6201 Whittier Blvd,Los Angeles,CA,Active,888-499-9303,-118.13742002,34.01661398
Russian River Health Center #1,16387 First St,Guerneville,CA,Active,707-869-2849,-122.99994126,38.50084986
United Health Centers Kerman Whitesbridge,14271 W Whitesbridge Ave,Kerman,CA,Active,559-646-6618 x0010,-120.04676509,36.7348285
CONNECTING POINT,995 Market St,San Francisco,CA,Active,415-255-3525,-122.40995527,37.78225476
SF GENERAL HOSP WOMEN'S HLTH CTR,1001 Potrero Ave BLDG 5F,San Francisco,CA,Active,415-206-8000,-122.4065352,37.75548833
AltaMed Medical Group - Huntington Park Seville,"7705 Seville Ave, Ste B",Huntington Park,CA,Active,888-499-9303,-118.22243909,33.96866999
Family HealthCare Network-Traver Health Center,4177 Avenue 368,Kingsburg,CA,Active,877-960-3426,-119.4794726,36.45872983
Eisner Health Dermatology at Sherman Oaks,15477 Ventura Blvd STE 100,Sherman Oaks,CA,Active,213-747-5542,-118.47122864,34.15468022
CONTRA COSTA COUNTY HEALTH SERVICES DEPT.,50 Douglas Dr,Martinez,CA,Active,925-313-6600,-122.12615333,37.99363505
39th Avenue Campus - Outpatient Clinics,222 W 39th Ave,San Mateo,CA,Active,650-573-2222,-122.30016801,37.53091325
Youth Health Center,455 Oconnor Dr,San Jose,CA,Active,408-885-7709,-121.9403029,37.32654728
Harmony Health Medical Clinic and Family Resource Center,1930 N Beale Rd,Marysville,CA,Active,530-743-6888,-121.54494915,39.12751255
Sonoma Valley Community Health Center,19270 Sonoma Hwy,Sonoma,CA,Active,707-939-6070,-122.47456968,38.29872119
REDWOODS RURAL HEALTH CENTER,101 W Coast Rd,Redway,CA,Active,707-923-2783,-123.8131416,40.11700103
CMCC- 6th Street Optometry/Vision,"1307 W 6th St, Suite 101",Corona,CA,Active,951-278-8910,-117.58993254,33.87833734
HIGHLAND WELLNESS,1411 E 31st St,Oakland,CA,Active,510-437-5039,-122.23167076,37.79828322
NEIGHBORHOOD HEALTHCARE ~ ESCONDIDO,460 N Elm St,Escondido,CA,Active,760-520-8100,-117.072576,33.12823098
DAP Health,1695 N Sunrise Way STE 101-106,Palm Springs,CA,Active,760-323-2118,-116.52820743,33.84423498
Golden Valley Health Centers - Modesto Paradise Suite E102,401 Paradise Rd,Modesto,CA,Active,209-722-4842,-121.01281304,37.6280065
Admin Campus - Ste 105,"120 Stony Point Rd, Suite 105",Santa Rosa,CA,Active,707-303-3600,-122.74479906,38.44236962
LONG VALLEY HEALTH CENTER - DENTAL,51 Branscomb Rd,Laytonville,CA,Active,707-984-8222,-123.48413229,39.68741639
CommuniCare+OLE Travis,"1313 Travis Blvd, Suite A",Fairfield,CA,Active,707-254-1774,-122.05059592,38.25772887
Tiburcio Vasquez Health Center Chabot College,Hesperian Blvd,Hayward,CA,Active,510-471-5907,-122.10261346,37.64037073
SAC Murrieta Suite 430,"28078 Baxter Rd, Suite 430",Murrieta,CA,Active,909-382-7100,-117.16693938,33.61472033
"Community Medical Centers, Mobile Unit 101",2666 West Ln,Stockton,CA,Active,209-940-5600,-121.28116797,37.98034847
"Benevolence Industries, Inc. - Long Beach",934 Atlantic Ave,Long Beach,CA,Active,562-437-1888,-118.18456915,33.77840121
"COMMUNITY MEDICINE INC., SANTA ANA",301 N Main St,Santa Ana,CA,Active,714-547-6641,-117.86749659,33.74724211
SJCH - Mobile 5,808 West 58Th Street,Los Angeles,CA,Active,323-541-1600,-118.28724754,33.98968108
CSC Community Health Center - San Gabriel Valley - STE 126,320 S Garfield Ave STE 126,Alhambra,CA,Active,213-808-1792,-118.12445715,34.09177588
Alisal Integrated Health Center,331 N Sanborn Rd,Salinas,CA,Active,831-796-8800,-121.6259931,36.67898789
Ferndale Community Health Center,638 Main St,Ferndale,CA,Active,707-786-4028,-124.2614,40.57839999
AHS Dental Clinic @ CoA,555 Ralph Appezzato Memorial Pkwy BLDG A218,Alameda,CA,Active,510-986-6812,-122.27931903,37.781512
Community Supports Annex,76 Briceland Thorn Rd,Redway,CA,Active,707-923-2783,-123.82501272,40.12060295
"Alexander Valley Healthcare (Medical/Behavioral Health/Financial Services: Suite A,B,C)",6 Tarman Dr,Cloverdale,CA,Active,707-894-4229,-123.01777786,38.7980921
SOUTH FORK HIGH SCHOOL/MIRANDA JUNIOR HIGH SCHOOL,6831 Avenue of the Giants St,Miranda,CA,Active,707-943-3144,-123.8243054,40.23594534
Garfield Health Center Rowland Heights,"19138 E Walnut Dr N, Ste 202",Rowland Heights,CA,Active,626-300-9939,-117.88504192,33.99572259
"AltaMed Medical Group - West Covina, Amar",1536 E Amar Rd,West Covina,CA,Active,888-499-9303,-117.91267999,34.02937999
Serenity Anaheim Clinic,1930 E Anaheim St,Long Beach,CA,Active,562-478-4102,-118.16812184,33.78237947
AltaMed Dental Group at Barbara Benson Elementary,12712 Elizabeth Way,Tustin,CA,Active,888-499-9303,-117.80529532,33.75147564
Hurtt Family Health Clinic - Santa Ana Dental,1100 N Tustin Ave STE D,Santa Ana,CA,Active,714-247-0300,-117.83424742,33.75471098
VCC:  GRAPEVINE,134 Grapevine Rd,Vista,CA,Active,760-631-5000,-117.27544362,33.19142013
LA CLINICA PITTSBURG DENTAL,339 E Leland Rd,Pittsburg,CA,Active,925-431-1250,-121.88719717,38.01220989
Families Together of Orange County - Fountain Valley,"11180 Warner Ave, Suite 353",Fountain Valley,CA,Active,714-665-9890,-117.93346476,33.7154791
SUD-MH  Medical Mobile Unit,"43322 Gingham Ave, Suite 104",Lancaster,CA,Active,661-874-4050,-118.12178911,34.67015763
CNHF - Mobile Care Clinic #1,1329 N H St,San Bernardino,CA,Active,909-981-0803,-117.30053284,34.12386009
Independence SB Health Clinic,617 N Jackson Ave,San Jose,CA,Active,408-729-9700,-121.85541614,37.37039966
All for Health-1310 S Central,1310 S Central Ave,Glendale,CA,Active,818-409-3020,-118.25778038,34.12940841
La Maestra Monroe Clark Middle School Clinic,4388 Thorn St BLDG 300,San Diego,CA,Active,619-563-6801,-117.10065797,32.74025129
KCS Health Center - Commonwealth,8352 Commonwealth Ave,Buena Park,CA,Active,714-503-6550,-117.98726112,33.86981417
AltaMed Medical and Dental Group  -  Boyle Heights,3945 Whittier Blvd,Los Angeles,CA,Active,888-499-9303,-118.18770985,34.02409575
SAC Hospitality Lane Administration Ste 301,"275 W Hospitality Ln, Suite 301",San Bernardino,CA,Active,909-382-7100,-117.28921534,34.06532914
Clinicas del Camino Real Inc - Karen R. Burnham,1100 W Gonzales Rd,Oxnard,CA,Active,805-988-0053,-119.19102164,34.21880933
The Primary School,2086 Clarke Ave,East Palo Alto,CA,Active,650-330-7410,-122.13460899,37.4616587
Garfield Health Center Atlantic Dental Clinic,701 S Atlantic Blvd STE 202,Monterey Park,CA,Active,626-300-9939,-118.13634839,34.05382447
San Juan High School,7551 Greenback Ln,Citrus Heights,CA,Active,916-971-5112,-121.28687303,38.67833243
Via Care Cesar Chavez West Resource Center,4755 E Cesar E Chavez Ave STE D,Los Angeles,CA,Active,323-268-9191,-118.16285331,34.04062867
South of Market Health Center,229 7th St,San Francisco,CA,Active,415-503-6000,-122.40853211,37.77756329
"ChapCare by AltaMed Medical Group  -  Monrovia, Lime","513 E Lime Ave, Suite 101",Monrovia,CA,Active,888-499-9303,-117.99319437,34.14843897
Elica Health Centers,155 15th St,West Sacramento,CA,Active,916-454-2345,-121.52576356,38.57092086
"Community Medical Centers, Tracy Grant Line Road",2151 W Grant Line Rd,Tracy,CA,Active,209-820-1500,-121.45555774,37.75467252
Greenville Rancheria Administration,1405 Montgomery Rd,Red Bluff,CA,Active,530-528-8600,-122.22528845,40.15843957
Healthcare to the Homeless,1621 Gold St,Alviso,CA,Active,408-935-3918,-121.97541662,37.42480259
Eisner Health - Women's Health Center,"1513 S Grand Ave, Suite 220",Los Angeles,CA,Active,213-747-5542,-118.26667517,34.0361845
The ROADS Foundation - ROADS Mobile 1,4800 E Los Coyotes Diagonal,Long Beach,CA,Active,310-627-5850,-118.13765832,33.79290194
Hesperia Health Center,16453 Bear Valley Rd,Hesperia,CA,Active,800-722-4777,-117.30434954,34.47023377
Cali Med Health Center Downey,9317 Firestone Blvd,Downey,CA,Active,562-861-1245,-118.11698293,33.93256381
Wesley Health Centers - Whittier,10750 Laurel Ave,Whittier,CA,Active,323-201-4516,-118.04835383,33.93553687
San Ysidro Health Community Heights Family Medicine,4690 El Cajon Blvd,San Diego,CA,Active,619-662-4100,-117.09325332,32.75625582
3CCC - Olympic,"3030 W Olympic Blvd, Ste 206",Los Angeles,CA,Active,213-322-2666,-118.3015754,34.05259074
San Ysidro Health Palomar High School,480 Palomar St,Chula Vista,CA,Active,619-628-3670,-117.07357537,32.60542008
Family HealthCare Network  -  Springville Health Center,31954 Country Club Dr,Porterville,CA,Active,877-767-0540,-118.85981913,36.1020864
Complete Care Community Health Center-Administrative Site,"3000 S Robertson Blvd, Suite 280",Los Angeles,CA,Active,310-730-6362,-118.39002435,34.03242866
"El Proyecto del Barrio, Inc., Esperanza Clinic","9140 Van Nuys Blvd, Suite 207",Panorama City,CA,Active,818-830-7181,-118.45006182,34.23662598
Magnolia Family Medical Center,"2240 E Gonzales Rd, Suite 100",Oxnard,CA,Active,805-981-5151,-119.14689587,34.21798878
Central Valley PACE,"2401 E Orangeburg Ave, Suite 330",Modesto,CA,Active,209-373-2800,-120.95573069,37.66476734
Mission City Community Network - Victorville,15201 Eleventh St STE 300,Victorville,CA,Active,650-243-6928,-117.29253189,34.52720653
NORTH EAST MEDICAL SERVICES - MEDICAL ONCOLOGY,"728 Pacific Ave, Ste 602",San Francisco,CA,Active,888-500-1886,-122.40744095,37.79686207
CNHF - Grand Clinic,2614 S Grand Ave,Los Angeles,CA,Active,323-234-5000,-118.27243429,34.02592799
Omni Family Health,21138 Paso Robles Hwy,Lost Hills,CA,Active,866-707-6664,-119.69488757,35.61618009
AltaMed PACE - Anaheim,1325 N Anaheim Blvd,Anaheim,CA,Active,888-499-9303,-117.9207272,33.85319356
North Park Family Health Center,3544 30th St,San Diego,CA,Active,619-515-2424,-117.13036704,32.74285944
Elica Health Centers Health On Wheels,3701 J St,Sacramento,CA,Active,916-454-2345,-121.4566256,38.5712369
WellSpace Health - San Juan Community Health Center,"5959 Greenback Ln, Suite 500",Citrus Heights,CA,Active,916-725-1177,-121.3225107,38.68198468
Share Ourselves at Costa Mesa,1650 Adams Ave,Costa Mesa,CA,Active,949-270-2100,-117.92510507,33.67328871
Alliance Medical Center - Windsor,"8465 Old Redwood Hwy, Suite 320",Windsor,CA,Active,707-433-5494,-122.80167823,38.54322688
La Clinica TRUCHA,1525 Fruitvale Ave,Oakland,CA,Active,510-535-6286,-122.22509001,37.77927025
RRHC 49 Briceland,49 Briceland Dr,Garberville,CA,Active,707-923-7521,-123.81155814,40.08787639
LINDA VISTA HEALTH CARE CENTER,6973 Linda Vista Rd,San Diego,CA,Active,858-279-0925,-117.1695449,32.78714669
AltaMed Dental Group at Vista Heritage Global Academy,2609 W 5th St,Santa Ana,CA,Active,888-499-9303,-117.90294005,33.74872257
Beverly Care-Family Care Center,101 E Beverly Blvd STE 303,Montebello,CA,Active,323-920-0505,-118.09844006,34.01556205
S. Mark Taper Foundation Health Center,6043 Hollywood Blvd,Los Angeles,CA,Active,323-330-1668,-118.32148536,34.10182784
The Children's Clinic at the Long Beach Multiservice Center,1301 W 12th St,Long Beach,CA,Active,844-822-4646,-118.2090329,33.78201008
Family Wellness Center - Hope Building,619 Lincoln Ave,Woodland,CA,Active,530-662-2211,-121.77271278,38.67564012
CSC- Community Health Center - Monterey Park Clinic,855 S Atlantic Blvd,Monterey Park,CA,Active,213-808-1700,-118.13813349,34.05140277
Family HealthCare Network - Dinuba Health Center,324 N Vermont Ave,Dinuba,CA,Active,877-960-3426,-119.38908576,36.54779321
Fifth Avenue Behavioral Health Center,1750 5th Ave,San Diego,CA,Active,619-515-2300,-117.16040384,32.72359921
San Leandro Mobile Van,16110 E 14th St,Ashland,CA,Active,510-471-5913,-122.1174385,37.69780604
CSVS - CASTROVILLE CLINIC,10561 Merritt St,Castroville,CA,Active,831-633-1514,-121.75943912,36.76715721
Beverly Care- Women's Health Center,1920 W Whittier Blvd,Montebello,CA,Active,323-725-5073,-118.12216965,34.01325489
Morongo Basin Community Health Center-Peds,58383 29 Palms Hwy,Yucca Valley,CA,Active,760-365-9305,-116.38981265,34.13125549
Marin Community Clinic - Administration 10 Commercial,"10 Commercial Blvd, Suite 204",Novato,CA,Active,415-448-1500,-122.53277974,38.06859508
WEST BERKELEY FAMILY PRACTICE,837 Addison St,Berkeley,CA,Active,510-981-4200,-122.29706067,37.8671955
AltaMed PACE - Compton,2616 E Alondra Blvd,Compton,CA,Active,888-499-9303,-118.19494427,33.88872948
AltaMed Dental Group at John Muir Elementary,1951 Mabury St,Santa Ana,CA,Active,888-499-9303,-117.84404327,33.76348071
El Dorado Community Health Center - Placerville,4212 Missouri Flat Rd BLDG,Placerville,CA,Active,530-621-7700,-120.83489097,38.70622401
Nhan Hoa Comprehensive Health Care Clinic,7761 Garden Grove Blvd,Garden Grove,CA,Active,714-898-8888,-117.99664914,33.77421939
NORTH RICHMOND CENTER FOR HEALTH,1501 3rd St,Richmond,CA,Active,510-374-7330,-122.3671768,37.95499992
Innercare El Centro,852 E Danenberg Dr,El Centro,CA,Active,760-352-2257,-115.52770223,32.77273368
AltaMed Dental Group at Earl Warren Elementary,12871 Estock Dr,Garden Grove,CA,Active,888-499-9303,-117.91006626,33.78536431
VHC Moorpark - Diagnostic Imaging,2400 Moorpark Ave STE 214,San Jose,CA,Active,408-885-7049,-121.93712197,37.31608248
TrueCare San Marcos Rancheros Administrative Offices,"330 Rancheros Dr, Ste 232",San Marcos,CA,Active,760-736-6767,-117.15643225,33.13881757
Admin Campus - Ste 125,"120 Stony Point Rd, Suite 125",Santa Rosa,CA,Active,707-303-3600,-122.74453218,38.44233312
Tri-State Community Healthcare Center,4137 Verdugo Rd,Los Angeles,CA,Active,323-344-9255,-118.23215665,34.12607836
CSVS - PAJARO CLINIC,"29 Bishop St, Suite A",Royal Oaks,CA,Active,831-728-2505,-121.74954026,36.90152981
Community Medical Wellness Centers USA - Suite 104-105,1360 E Anaheim St,Long Beach,CA,Active,562-270-0324,-118.17464698,33.78235139
Fall River Valley Health Center,43658 State Highway 299 E,Fall River Mills,CA,Active,530-999-9020,-121.42152135,41.02860589
Tarzana Treatment Centers-Palmdale,320 E Palmdale Blvd,Palmdale,CA,Active,661-729-9000,-118.12398383,34.57954578
TrueCare,1130 2nd St,Encinitas,CA,Active,760-753-7842,-117.29395212,33.0374452
Coral Street Recuperative Care Center,115 Coral St,Santa Cruz,CA,Active,831-454-2080,-122.03047349,36.98484555
Tri-State Community Healthcare Center,"1532 San Bernardino Ave, Ste A2",Pomona,CA,Active,323-425-8978,-117.7200926,34.07586448
TrueCare,220 Rotanzi St,Ramona,CA,Active,760-736-6700,-116.88888039,33.02907943
Tri-State Community Healthcare Center,4141 1/2 Verdugo Rd,Los Angeles,CA,Active,323-255-2900,-118.23231699,34.12620698
AMC Patient Resource Center and Administration Offices,8499 Old Redwood Hwy STE 205,Windsor,CA,Active,707-395-3113,-122.80154018,38.54391005
AMH Comprehensive Medical Centers - Alvarado,"937 S Alvarado St, Suite 1 D",Los Angeles,CA,Active,213-484-8786,-118.27982746,34.05255926
Primary Healthcare Services @ Tarzana Treatment Centers,18646 Oxnard St,Tarzana,CA,Active,888-777-8565,-118.53976202,34.17923602
Market Street Dental,"1400 Market St, Suite 8103",Redding,CA,Active,530-337-6244,-122.39151198,40.58491521
Neighborhood Healthcare ~ Corona,308 W 6th St,Corona,CA,Active,760-520-8300,-117.56951599,33.87429957
Delano Community Health Center,1508 Garces Hwy STE 1,Delano,CA,Active,833-278-4584,-119.2369196,35.76139102
OHI - Mare Island Health and Fitness Academy,400 Rickover St,Vallejo,CA,Active,707-558-2000,-122.27339705,38.09523901
North East Medical Services - 2311 Taraval,2311 Taraval St,San Francisco,CA,Active,888-500-1886,-122.49099838,37.74214011
The Vasek Polak Children's Clinic Family Health Center,1057 Pine Ave,Long Beach,CA,Active,844-822-4646,-118.19266548,33.78010106
Family HealthCare Network - Corporate,305 E Center Ave,Visalia,CA,Active,559-737-4700,-119.28962996,36.33081201
Family Practice Clinic California,1414 N California St,Stockton,CA,Active,209-468-9540,-121.28790199,37.96779582
CSVS - SOLEDAD CLINIC,799 Front St,Soledad,CA,Active,831-678-0881,-121.32612163,36.42530548
GVHC - WESTLEY,301 Howard Rd,Westley,CA,Active,209-894-3141,-121.19876967,37.54477742
Marin Community Clinic - West San Rafael,1618 2nd St,San Rafael,CA,Active,415-448-1500,-122.53640676,37.97263268
Morongo Basin Community Health Center- Mobile Dental Unit (MDU),6380 Split Rock Ave,Twentynine Palms,CA,Active,760-820-4131 x1804,-116.06067686,34.13778214
Venice Family Clinic - Dr. Terri Brehove Mobile Clinic,8933 S La Cienega Blvd,Inglewood,CA,Active,310-392-8636,-118.37060247,33.95514018
NEIGHBORHOOD HEALTHCARE ~ LAKESIDE MEDICAL,10039 Vine St STE A,Lakeside,CA,Active,619-390-9135,-116.92118248,32.86107349
United Health Centers Clovis Herndon,2497 Herndon Ave STE 103,Clovis,CA,Active,559-646-6618 x0010,-119.66672097,36.83742748
Irvington Dave Clinic II,40930 Fremont Blvd,Fremont,CA,Active,510-252-6811,-121.9597381,37.53409398
Camarena Health -- County Club Drive,"1130 Country Club Dr, Suite E",Madera,CA,Active,559-664-4000,-120.07455697,36.97612401
APLA Health - Michael Gottlieb Health Center,"7531 Santa Monica Blvd, Ste 100",West Hollywood,CA,Active,323-215-1725,-118.35411619,34.09081649
Lemon Grove Physical Health and Wellness Center,7826 Broadway,Lemon Grove,CA,Active,619-515-2300,-117.02990172,32.74296623
AltaMed Medical and Dental Group: South Gate,8627 Atlantic Ave,South Gate,CA,Active,888-499-9303,-118.18412499,33.95456581
ACHCH Shelter Health Mobile Health Unit,384 14th St,Oakland,CA,Active,510-891-8950,-122.2695003,37.80387789
Wesley Health Centers- Bell Gardens Dental,6336 East Florence Avenue,Bell Gardens,CA,Active,866-733-5924,-118.15185919,33.96542946
St. Mary Health Centers' Mobile Clinics,18300 US Highway 18,Apple Valley,CA,Active,760-946-4240,-117.26520232,34.54053474
"Community Medical Centers, E March Lane","1801 E March Ln, Ste D470",Stockton,CA,Active,209-507-7027,-121.287169,38.00304335
VCC: Durian Pediatrics,105 Durian St STE A,Vista,CA,Active,760-631-5000,-117.27297247,33.192562
Complete Care Community Health Center--Sherman Oaks,"4910 Van Nuys Blvd, Suite 303",Sherman Oaks,CA,Active,818-789-8848,-118.44850857,34.15985098
La Clinica at 95th Avenue,9475 International Blvd,Oakland,CA,Active,510-535-4000,-122.1723957,37.74647975
San Ysidro Health National City,601 E 14th St,National City,CA,Active,619-662-4100,-117.09860515,32.6724697
County of Monterey - NIDO,1441 Constitution Blvd BLDG 760,Salinas,CA,Active,831-796-1770,-121.6317,36.69876
Harmony Health Medical Clinic and Family Resource Center,1908 N Beale Rd,Marysville,CA,Active,530-743-6888,-121.54578415,39.12752059
SAC Murrieta,"28078 Baxter Rd, Suite 540",Murrieta,CA,Active,909-382-7100,-117.16693938,33.61472033
ACHCH ROOTS Street Health Zone 7  Mobile Unit,9925 International Blvd,Oakland,CA,Active,510-777-1177,-122.17002798,37.74309422
VCC: Mission Pediatric & Family Dentistry,1910 Mission Ave,Oceanside,CA,Active,760-631-5000,-117.36567799,33.20426498
Mobile Counseling Center I,823 Gateway Center Way,San Diego,CA,Active,619-515-2300,-117.11349855,32.71540946
Western Sierra Medical Clinic,10544 Spenceville Rd,Penn Valley,CA,Active,530-273-4984 x102,-121.1780906,39.19637105
Community Medical Wellness Centers USA,1360 E Anaheim St STE 101-103,Long Beach,CA,Active,562-270-0324,-118.17444004,33.78258252
St. Mary Mobile Dental,18435 Bear Valley Rd,Hesperia,CA,Active,760-261-5040,-117.26088266,34.47089427
Main Avenue Elementary School,1400 Main Ave,Sacramento,CA,Active,916-929-9559,-121.4326158,38.65462074
Clinica de Salud del Valle de Salinas - Administration,430 Airport Blvd,Salinas,CA,Active,831-757-8689,-121.61605602,36.66567768
Community Health Centers of America-Fair Oaks,6608 Mercy Ct,Fair Oaks,CA,Active,916-261-9844,-121.31069113,38.6659211
Wesley Health Centers- Mobile Health Clinic III,522 S San Pedro St,Los Angeles,CA,Active,866-733-5924,-118.24413774,34.0434758
"Community Medical Center, CareLink Mammography Van","7912 West Ln, Suite 221",Stockton,CA,Active,209-373-2800,-121.29226704,38.02161283
Mobile Van #1,200 S Wells Rd STE 200,Ventura,CA,Active,805-647-6322,-119.1597434,34.29321833
"MISSION CITY COMMUNITY NETWORK, INC.",15206 Parthenia St,North Hills,CA,Active,818-895-3100,-118.46382566,34.22810616
Family HealthCare Network - Mobile Van #2,31180 Road 72,Visalia,CA,Active,877-960-3426,-119.41166502,36.35595001
EAST VALLEY COMMUNITY HEALTH CTR,420 Glendora Avenue,West Covina,CA,Active,626-919-5724,-117.92516961,34.06753395
TIGER HEALTH CLINIC (aka Fremont High School-Based Clinic),4610 Foothill Blvd,Oakland,CA,Active,510-434-2001,-122.20972401,37.77440025
Neighborhood Healthcare ~ Washington Avenue,550 W Washington Ave STE 101,Escondido,CA,Active,760-520-8300,-117.09199318,33.12516882
Cali Med Health Center Downey- Florence,"8500 Florence Ave, Suite 200",Downey,CA,Active,562-861-1245,-118.1217726,33.94941508
Camarena Health Oakhurst Urgent Care,49165 Road 426,Oakhurst,CA,Active,559-664-4000,-119.64996982,37.3303403
Glen Avon Elementary School,4352 Pyrite St,Jurupa Valley,CA,Active,760-520-8300,-117.46190911,34.00844141
KCS Health Center  Mobile,"7212 Orangethorpe Ave, Suite 9 A",Buena Park,CA,Active,714-503-6550,-118.00735937,33.85769087
Elica Health Centers  Health On Wheels 2,1276 Halyard Dr,West Sacramento,CA,Active,916-454-2345,-121.55073694,38.57322269
Indian Health Center of Santa Clara Valley - WIC,1685 Westwood Dr STE 4,San Jose,CA,Active,406-445-3400 x210,-121.91513892,37.30277746
Castle Family Health Centers at Atwater,1775 Third St,Atwater,CA,Active,209-381-2080,-120.60678133,37.3520113
All For Health-Laguna Niguel,"25500 Rancho Niguel Rd, Suite 250",Laguna Niguel,CA,Active,949-323-3330,-117.68435016,33.5553775
Western Sierra Medical Clinic - Ophthalmology Services,400 Sierra College Dr # A1,Grass Valley,CA,Active,530-274-9762,-121.05691485,39.23647067
"Tri-State Community Healthcare, San Bernadino",1262 W 16th St,San Bernardino,CA,Active,760-326-0222,-117.31262155,34.12897582
"Sierra Family Medical Clinic, Oregon House",8676 Marysville Rd,Oregon House,CA,Active,530-292-3478,-121.27775779,39.35643628
Family Health Centers of San Diego,823 Gateway Center Way,San Diego,CA,Active,619-515-2300,-117.11349855,32.71540946
Corona Community Health Center,2813 S Main St FL 1,Corona,CA,Active,951-272-5445,-117.57069499,33.84741667
Morongo Basin CHC Yucca Valley Pediatrics,"58375 29 Palms Hwy, Ste A",Yucca Valley,CA,Active,760-365-9305,-116.39034666,34.13145556
Aria Community Health Center,191 E Polk St,Coalinga,CA,Active,559-935-2100,-120.35982389,36.13676731
Woodland Community College,2300 E Gibson Rd,Woodland,CA,Active,530-661-7758,-121.73613818,38.65958006
Healthy Development Services Center - Central Region,"2044 1st Ave, Ste 200",San Diego,CA,Active,619-515-2300,-117.16390362,32.7266452
Community Health Centers of America McFarland Health Center,733 3rd St,Mc Farland,CA,Active,661-792-3097,-119.23125428,35.68258458
"All for Health, Health for All--Burbank","401 S Glenoaks Blvd, Ste 101",Burbank,CA,Active,818-748-1740,-118.30304324,34.18083285
RUHS Community Health Center Administration,"7888 Mission Grove Pkwy S, Ste 120",Riverside,CA,Active,951-522-7110,-117.32692074,33.90832674
CSVS - CIRCLE CLINIC,950 Circle Dr,Salinas,CA,Active,831-757-6237,-121.62719397,36.67951138
Logan Memorial Family Health Center,2875 Ocean View Blvd STE E128,San Diego,CA,Active,619-515-2300,-117.13208231,32.70112846
1842 Bay Road,1842 Bay Rd,East Palo Alto,CA,Active,650-330-7400,-122.13330895,37.47224982
"Community Medical Centers, Administration II",7272 Murray Dr,Stockton,CA,Active,209-373-2800,-121.30118404,38.01617482
Omni Family Health,4151 Mexicali Dr,Bakersfield,CA,Active,866-707-6664,-119.08221323,35.31719647
East Valley Community Health Center Family Resource Center Dental & Vision,17800 Renault St,La Puente,CA,Active,626-919-5724,-117.91327133,34.01405402
Cordova High School,2239 Chase Dr,Rancho Cordova,CA,Active,916-294-2450,-121.30847412,38.59899198
Van Buren Elementary School,9501 Jurupa Rd,Jurupa Valley,CA,Active,760-520-8300,-117.4911125,33.99628178
Western Sierra Medical Clinic - Education Street,"11720 Education St, Suite 3",Auburn,CA,Active,530-537-3000,-121.1020343,38.94409576
DAP Health - Centro Medico Escondido - 1111 Washington,"1111 E Washington Ave, Ste A",Escondido,CA,Active,760-466-8700,-117.06960277,33.13210296
WellSpace Health -  North Highlands Community Health Center,6015 Watt Ave,North Highlands,CA,Active,999-999-9999,-121.38469663,38.67652764
Tri-State Crenshaw,6630 Crenshaw Blvd,Los Angeles,CA,Active,760-326-0222,-118.33051417,33.97897173
DAVIS COMMUNITY CLINIC,2051 John Jones Rd,Davis,CA,Active,530-758-2060,-121.76961424,38.56389447
Moorpark High School,4500 Tierra Rejada Rd,Moorpark,CA,Active,805-659-1740,-118.89825669,34.27018738
San Ysidro Health Alpine Family Medicine,1620 Alpine Blvd,Alpine,CA,Active,619-662-4100,-116.77992797,32.83835732
ACHCH StreetHealth Team Mobile Unit,384 14th St,Oakland,CA,Active,510-891-8950,-122.2695003,37.80387789
Benevolence Health Center,"611 E Imperial Hwy, Suite 107",Los Angeles,CA,Active,323-732-0100,-118.26448154,33.93137388
Medical Mobile Unit #3,777 E Santa Clara St,San Jose,CA,Active,669-263-4017,-121.87497099,37.34396132
Rohnert Park Community Acupuncture,"6040 Commerce Blvd, Ste 108",Rohnert Park,CA,Active,707-559-7500,-122.71000452,38.35184683
Elica Health Centers - Marysville,3234 Marysville Blvd,Sacramento,CA,Active,916-454-2345,-121.43226066,38.62636731
San Ysidro Health South Bay,330 E 8th St # 340,National City,CA,Active,619-662-4100,-117.10307213,32.67687563
COMPRECARE HEALTH CENTER,3030 Alum Rock Ave,San Jose,CA,Active,408-272-6300,-121.82876902,37.364451
Family HealthCare Network - Terra Bella Health Center,9416 Road 238,Terra Bella,CA,Active,877-960-3426,-119.03995423,35.96063411
HAYWARD WELLNESS,664 Southland Mall,Hayward,CA,Active,510-266-1700,-122.10418906,37.65066328
Neighborhood Healthcare ~ Morena Valley,6301 Day St,Riverside,CA,Active,760-520-8300,-117.27897064,33.93715995
CNHF - H Street Clinic,1329 N H St,San Bernardino,CA,Active,909-381-0803,-117.30053284,34.12386009
Family HealthCare Network - City Center,3837 N Clark St,Fresno,CA,Active,877-960-3426,-119.78558775,36.7880344
Mobile Medical   Unit,1976 N Beale Rd,Marysville,CA,Active,530-743-6888,-121.54306205,39.12743686
AHS HCH Mobile Health Clinic #1,6955 Foothill Blvd,Oakland,CA,Active,510-459-7384,-122.175927,37.76796596
Mission City Community Network - Mission Hills,10200 Sepulveda Blvd STE 300,Mission Hills,CA,Active,818-830-6373,-118.46731555,34.25572164
SAC Barstow,801 E Mountain View St,Barstow,CA,Active,909-382-7100,-117.017684,34.8935949
Martinez Health Center -Specialty 2A,2500 Alhambra Ave,Martinez,CA,Active,925-370-5851,-122.13291803,38.006699
MISSION NEIGHBORHOOD HC,165 Capp St,San Francisco,CA,Active,415-552-3870,-122.41833021,37.76405878
Community Medical Wellness Centers USA,1360 E Anaheim St STE 202-203,Long Beach,CA,Active,562-270-0324,-118.17444004,33.78258252
CHC SLO HOMELESS MOBILE MEDICAL 3,2801 Santa Maria Way,Santa Maria,CA,Active,805-938-9200,-120.43466599,34.90880898
ACHCH Lifelong Downtown Oakland Street Health Team Zone 9 Mobile Health Unit,386 14th St,Oakland,CA,Active,510-210-5050,-122.2695003,37.80387789
Adelanto Community Health Center - County of San Bernardino,11336 Bartlett Ave,Adelanto,CA,Active,760-956-4422,-117.41746005,34.57972083
"Dora Street Health Center, Suite B1","1165 S Dora St, Ste B1",Ukiah,CA,Active,707-468-1010,-123.20957022,39.13597638
Wilmington Community Clinic Admin Site,1328 N Avalon Blvd,Wilmington,CA,Active,310-549-5760,-118.26285604,33.78974151
Neighborhood Healthcare ~ Escondido Ohio Ave,910 E Ohio Ave,Escondido,CA,Active,760-520-8300,-117.07026888,33.12715659
"Unicare Community Health Center, Inc. - Westlake 2.0",741 S Alvarado St,Los Angeles,CA,Active,213-413-6666,-118.27808545,34.05550332
El Cajon Family Health Center,525 East Main Street,El Cajon,CA,Active,619-515-2498,-116.95598934,32.79486387
CNHF - Norwalk Clinic,"13132 Studebaker Rd, Ste A",Norwalk,CA,Active,562-888-5944,-118.09913333,33.91188004
LifeLong Street Medicine Van #3,2730 Adeline St,Oakland,CA,Active,510-981-4177,-122.2818538,37.82001121
GVHC - McHenry Suite 565,1524 McHenry Ave,Modesto,CA,Active,866-682-4842,-120.99344959,37.66570574
TRANSITION HOUSE,425 E Cota St,Santa Barbara,CA,Active,805-866-9668,-119.69148002,34.42300598
San Fernando Community Health Center,"732 Mott St, Suite 110",San Fernando,CA,Active,818-963-5690,-118.44456581,34.27639074
TrueCare Vista Way Health Center Ste 200,"3998 Vista Way, Suite 200",Oceanside,CA,Active,760-736-6767,-117.29260096,33.18424699
John H. Still Middle School,2250 John Still Dr,Sacramento,CA,Active,916-433-5375,-121.48409066,38.4772942
Reidy Creek Elementary School,2869 N Broadway RM Fml,Escondido,CA,Active,760-520-8300,-117.08933335,33.17248223
Northeast Community Clinic,"1414 S Grand Ave, Suite 380",Los Angeles,CA,Active,213-743-9000,-118.26543004,34.03649501
NORTH EAST MEDICAL SERVICES - POLK,650 Polk St,San Francisco,CA,Active,888-500-1886,-122.41886875,37.78283429
Gravenstein South,"652 Petaluma Ave, Suite C",Sebastopol,CA,Active,707-869-5977,-122.82039309,38.39652426
Oak Hill Elementary School,1820 Oak Hill Dr RM Mpr,Escondido,CA,Active,760-520-8300,-117.05043824,33.12988607
Elica Health Centers - V Street Medical Center,923 V St,Sacramento,CA,Active,916-454-2345,-121.50000002,38.56754354
Goleta Neighborhood Clinic,5580 Calle Real,Santa Barbara,CA,Active,805-617-7878,-119.81871262,34.44142149
John XXIII Health Center,195 E San Fernando St STE 100,San Jose,CA,Active,408-283-8140,-121.88522692,37.33621216
Huntington Park Family Health Center- Suite 280,2680 Saturn Ave STE 280,Huntington Park,CA,Active,323-908-4200,-118.22288475,33.97688241
Conway Elementary School,1325 Conway Dr RM Flr # 5,Escondido,CA,Active,760-520-8300,-117.07398135,33.1462629
AMERICAN INDIAN HEALTH & SERVICES,4141 State St,Santa Barbara,CA,Active,805-681-7356 x222,-119.7611939,34.44034885
Conejo Valley Family Medical Group,125 W Thousand Oaks Blvd STE 300,Thousand Oaks,CA,Active,805-418-9100,-118.88049954,34.17854778
AltaMed Dental Group at Centralia Elementary School,195 N Western Ave,Anaheim,CA,Active,888-499-9303,-118.0023024,33.83342836
Point Reyes Community Health Center - Administrative Unit #23,65 3rd St,Point Reyes Station,CA,Active,415-663-8666,-122.80703259,38.0678117
OHI - Hillside Elementary,15980 Marcella St,Ashland,CA,Active,510-317-5311,-122.11639998,37.70177998
NIPOMO COMMUNITY MEDICAL CENTER,150 Tejas Pl,Nipomo,CA,Active,805-929-3211,-120.49835437,35.02703417
San Ysidro Health Heritage Park,"1392 E Palomar St, Suite 501",Chula Vista,CA,Active,619-662-4100,-116.9976272,32.62350081
Elm Community Health Center,2740 S Elm Ave,Fresno,CA,Active,559-457-5200,-119.79125526,36.70102638
Hurtt Family Health Clinic - Pediatric Mobile Clinic 2,1 Hope Dr,Tustin,CA,Active,714-240-2070,-117.83263441,33.71554222
Southern California Medical Center - Woodland Hills,20011 Ventura Blvd,Woodland Hills,CA,Active,818-650-6700,-118.56877254,34.17196249
Story Rd Health Clinic,"2880 Story Rd, Ste A",San Jose,CA,Active,408-729-9700,-121.82266951,37.35371546
Valley Health Center Tully,500 Tully Rd,San Jose,CA,Active,408-494-7461,-121.85028336,37.30546156
WellSpace Health - Sunrise Community Health Center,"7777 Sunrise Blvd, Ste 2500",Citrus Heights,CA,Active,916-722-2227,-121.27188736,38.70681967
Del Norte Mobile Health Services,"550 E Washington Blvd, Suite 100",Crescent City,CA,Active,707-465-6925,-124.19890361,41.77322307
Sacramento Community Clinic - Del Paso,2200 Del Paso Blvd,Sacramento,CA,Active,916-924-7988,-121.45061049,38.60998887
MARTIN DE PORRES,225 Potrero Ave,San Francisco,CA,Active,415-552-0240,-122.40728178,37.76661086
Angeles Community Health Center  -  Mobile Unit,6208 Seville Ave,Huntington Park,CA,Active,323-588-8855,-118.22260061,33.98382405
Todos Para La Salud,"4420 N 1st St, Suite 123",Fresno,CA,Active,559-231-5366,-119.77200505,36.79817817
San Antonio High School Health Clinic,500 Vallejo St,Petaluma,CA,Active,707-559-7500,-122.62846402,38.23781598
Community Medical Wellness Center USA Suite 206 - 209,"1360 E Anaheim St, Ste 206",Long Beach,CA,Active,562-270-0324,-118.17444112,33.78257204
WIC PROGRAM,32970 Alvarado Niles Rd,Union City,CA,Active,510-471-5907 x3231,-122.04543075,37.59396205
AVH Administration Site,106 E 1st St,Cloverdale,CA,Active,707-668-1777,-123.01668796,38.80555711
Neighborhood Healthcare ~ Prenatal,"488 E Valley Pkwy, #404",Escondido,CA,Active,760-520-8300,-117.07738201,33.12561499
Fire House Clinic,28300 Huntwood Ave,Hayward,CA,Active,510-471-5907,-122.06404586,37.63275137
"AltaMed Pharmacy - Santa Ana, Bristol",2720 S Bristol St,Santa Ana,CA,Active,888-499-9303,-117.88598203,33.71032197
County of Monterey - Laurel Vista,1441 Constitution Blvd STE 301,Salinas,CA,Active,831-755-4000,-121.6317,36.69876
Tri-State Community Healthcare Center,3600 E 1st St,Los Angeles,CA,Active,323-694-0911,-118.18902664,34.03581671
Brighter Beginnings Family Health Clinic Richmond,2727 Macdonald Ave,Richmond,CA,Active,510-213-6681,-122.34223259,37.93523439
Kwang He Won- Broadway,2423 N Broadway,Los Angeles,CA,Active,213-385-0448,-118.21612978,34.07366146
United Health Centers Fresno Kings Canyon,5539 E Kings Canyon Rd,Fresno,CA,Active,559-646-6618 x0010,-119.70314369,36.73594007
WellSpace Health - Folsom Community Health Center,"1710 Prairie City Rd, #125",Folsom,CA,Active,916-407-2222,-121.16726478,38.65280518
Kings River Union Elementary School District Behavioral Health Center,3961 Avenue 400 RM 1A,Kingsburg,CA,Active,559-693-2462 x9,-119.48655305,36.51759635
CLCHC Mission Viejo Admin Site - Suite 250,27271 Las Ramblas,Mission Viejo,CA,Active,949-866-3600,-117.66962303,33.56567972
AZUSA HEALTH CENTER,150 N Azusa Ave,Azusa,CA,Active,626-969-7885,-117.90723653,34.12358001
Brighter Beginnings Mobile Dental Van,512 W 5th St,Antioch,CA,Active,925-303-4780,-121.81321238,38.01486599
L.R. Green Elementary School,3115 Las Palmas Ave RM Mpr,Escondido,CA,Active,760-520-8300,-117.0599262,33.08596079
Todos Para La Salud: N. Fresno,3030 N Fresno St,Fresno,CA,Active,559-227-1622,-119.7808617,36.77826244
La Clinica North Vallejo Administrative & Support Services,200 Hospital Dr,Vallejo,CA,Active,510-535-4000,-122.23897048,38.13110664
Wesley Health Centers - Norwalk Annex,12340 Firestone Blvd,Norwalk,CA,Active,323-201-4516,-118.07039648,33.90620461
GVHC - McHenry Suite 570,"1524 McHenry Ave, Ste 570",Modesto,CA,Active,866-682-4842,-120.99395074,37.66621138
TULELAKE HEALTH CENTER,498 Main St,Tulelake,CA,Active,530-999-9060,-121.47639423,41.95499989
"Women's, Babies' & Children's Center",1000 Placer St,Redding,CA,Active,530-225-7480,-122.38541465,40.58404127
Centro Medico Reseda,9017 Reseda Blvd,Northridge,CA,Active,951-278-3196,-118.53611807,34.23415458
Lyon-Martin Community Health Services,1735 Mission St,San Francisco,CA,Active,415-565-7667,-122.41984047,37.76944344
HealthRIGHT360- San Mateo Clinic,"117 N San Mateo Dr, Ste 1",San Mateo,CA,Active,650-425-9408,-122.32870948,37.56871249
Clinicas Del Camino Real Inc - Oxnard,650 Meta St,Oxnard,CA,Active,805-487-5351,-119.17558888,34.195334
Visalia Health Care Center,2611 N Dinuba Blvd,Visalia,CA,Active,559-623-0700,-119.29777801,36.352468
Main Campus Community Health Center,26600 Cactus Ave STE 300,Moreno Valley,CA,Active,951-988-9500,-117.19334632,33.91056396
"Community Medical Centers, Medical Records",2666 West Ln STE 900,Stockton,CA,Active,209-546-3870,-121.28192042,37.9801872
Tarzana Treatment Centers - Sherman Way,"18040 Sherman Way, Suite 300",Reseda,CA,Active,818-654-3887,-118.52660469,34.20091367
Apple Valley Wellness Center,15998 Quantico Rd,Apple Valley,CA,Active,760-483-9444,-117.2712235,34.54171087
PEH Field Services,420 Glendora Avenue,West Covina,CA,Active,626-919-4333,-117.92516961,34.06753395
"AltaMed Medical Group - Northgate Market, Olympic",2323 W Olympic Blvd,Los Angeles,CA,Active,888-499-9303,-118.28254471,34.05280804
Livingston Wolves Center,1617 Main St,Livingston,CA,Active,209-850-3500,-120.72292794,37.37611304
Gateway Community School (Camarillo),200 Horizon Cir,Camarillo,CA,Active,NA,-119.07569656,34.20820812
Temple Family Health Center,2121 W Temple St,Los Angeles,CA,Active,323-653-1990,-118.26875355,34.07068287
VCC: Lake Elsinore Health Center,31361 Riverside Dr,Lake Elsinore,CA,Active,760-631-5000,-117.36925665,33.68206246
Franklin Elementary School Health Care Center,1111 E Mason St,Santa Barbara,CA,Active,805-568-2099,-119.67781652,34.42485685
DAY LABOR PROGRAM,3358 Cesar Chavez,San Francisco,CA,Active,415-255-3525,-122.41719505,37.74844208
Dunsmuir Dental Center,4303 Stagecoach Rd,Dunsmuir,CA,Active,530-235-4157,-122.27646801,41.22245043
Wesley Health and Wellness,45104 10th St W,Lancaster,CA,Active,661-942-2391,-118.14738141,34.70292723
OLE Health - Calistoga,911 Washington St,Calistoga,CA,Active,707-709-2308,-122.5773283,38.57782507
Central Fresno Community Health Center,4711 W Ashlan Ave,Fresno,CA,Active,559-203-6660,-119.87834701,36.79324781
"Comprehensive Community Health Centers, Inc. Mobile Van 2",10753 Artesia Blvd,Cerritos,CA,Active,818-392-8745,-118.10486781,33.87327983
Omni Family Health,"2200 Panama Ln, Suite 101",Bakersfield,CA,Active,866-707-6664,-119.02685453,35.29627381
Kings Winery Medical Clinic,E Kings Canyon Rd,Fresno,CA,Active,559-255-6476,-119.69652639,36.75275136
Glendale 2,1204 S Central Ave,Glendale,CA,Active,818-895-3100,-118.25779396,34.1320573
COMMUNITY HEALTH CENTERS LOMPOC,1300 W Ocean Ave,Lompoc,CA,Active,805-737-1169,-120.47348988,34.63814178
Achievable Health Lovelace Center,"200 Corporate Pointe, Suite 50",Culver City,CA,Active,424-266-7480,-118.38294851,33.98799237
Elica Health Centers - Glendale,2400 Glendale Ln,Sacramento,CA,Active,916-454-2345,-121.40521176,38.59735927
CASTRO-MISSION HEALTH CENTER,3850 17th St,San Francisco,CA,Active,415-934-7700,-122.43194745,37.7629235
Rolland & Kathryn Lowe Medical Center,835 Webster St,Oakland,CA,Active,510-318-5800,-122.27126998,37.79985399
Camino Health Center - Lake Forest,"22481 Aspan St, Ste A",Lake Forest,CA,Active,949-240-2272,-117.71264042,33.63579365
WellSpace Health - Oak Park Community Health Center,3415 Martin Luther King Jr Blvd,Sacramento,CA,Active,916-233-4920,-121.46440987,38.5437598
"Community Medical Centers, West Lane","7912 West Ln, Suite 221",Stockton,CA,Active,209-636-5000,-121.29226704,38.02161283
Madison Elementary School,5241 Harrison St,North Highlands,CA,Active,916-566-1900,-121.36912121,38.66195532
"Unicare Community Health Center, Inc. - Pomona",1501 E Holt Ave,Pomona,CA,Active,909-623-3600,-117.72061002,34.063479
"Central City Community Health Center, Inc.- Mobile 3",4126 Maine Ave,Baldwin Park,CA,Active,626-653-0800,-117.96010153,34.08760564
Serenity Care Health Group - Owensmouth,6800 Owensmouth Ave,Canoga Park,CA,Active,562-478-4102,-118.60139323,34.19413024
"Community Medical Centers, Vacaville","600 Nut Tree Rd, Suite 310",Vacaville,CA,Active,707-359-1800,-121.94926039,38.36143648
Wesley Health Centers - MLK Recuperative Care Center,1670 E 120th St,Los Angeles,CA,Active,424-338-2111,-118.2444638,33.92407944
"Community Medical Centers, Dorothy L. Jones",2044 Fair St,Stockton,CA,Active,209-751-1900,-121.26459502,37.93382799
COMMUNITY HEALTH CENTERS DEL VALLE,430 S Blosser Rd,Santa Maria,CA,Active,805-346-3914,-120.45268666,34.94877498
The Achievable Foundation,"5901 Green Valley Cir, Suite 405",Culver City,CA,Active,424-266-7474,-118.39195612,33.98449406
Innercare West Shores,1289 S Marina Dr,Salton City,CA,Active,760-394-4338,-115.9699674,33.27584203
Family HealthCare Network - Visalia Bridge Health Center,501 N Bridge St,Visalia,CA,Active,877-960-3426,-119.28936433,36.33410832
AltaMed Behavioral Health  -  Legacy Senior High VAPA,5225 Tweedy Blvd,South Gate,CA,Active,855-425-1777,-118.1789583,33.94133275
NORTH EAST MEDICAL SERVICES - NORIEGA,1450 Noriega St,San Francisco,CA,Active,888-500-1886,-122.47940789,37.75425837
NORTH EAST MEDICAL SERVICES - LELAND,82 Leland Ave,San Francisco,CA,Active,888-500-1886,-122.40516836,37.71198654
"Community Medical Centers, Dixon",131 W A St,Dixon,CA,Active,707-635-1600,-121.82328793,38.44529763
United Health Centers Fresno Ashlan,2848 W Ashlan Ave,Fresno,CA,Active,800-492-4227,-119.8438709,36.79444416
VHC Moorpark - Lab,2400 Moorpark Ave STE 105,San Jose,CA,Active,408-885-7049,-121.93712197,37.31608248
APHCV-Los Feliz Health Center,1530 Hillhurst Ave,Los Angeles,CA,Active,323-644-3888,-118.28704562,34.09891479
CNHF - Riverside Clinic,3750 Arlington Ave,Riverside,CA,Active,951-774-3050,-117.39916856,33.94597377
La Maestra Family Clinic Inc.,4179 Fairmount Ave,San Diego,CA,Active,619-280-4213,-117.10081843,32.75284159
FamilyHealth on Commercial,"2325 Commercial St, Apartment 1400",San Diego,CA,Active,619-515-2422,-117.14209802,32.70494701
Ravenswood Family Health Network Mobile Dental Unit,1885 Bay Rd,East Palo Alto,CA,Active,650-867-4266,-122.13248997,37.47298198
Sky Country Elementary School,5520 Lucretia Ave,Jurupa Valley,CA,Active,760-520-8300,-117.52848062,33.98830163
ACHCH Lifelong Emeryville-W.Oakland Street Health Team Zone 12 Mobile Health Unit,"3075 Adeline St, Suite 280",Berkeley,CA,Active,510-981-8100,-122.2693278,37.85277352
Omni Family Health,277 E Front St,Buttonwillow,CA,Active,866-707-6664,-119.46506897,35.39942499
NEWARK WELLNESS,6066 Civic Terrace Ave,Newark,CA,Active,510-505-1600,-122.02796973,37.53601251
St Vincent de Paul Village Family Health Center,16 15th St,San Diego,CA,Active,619-645-6405,-117.15080514,32.70554589
Garfield Health Center Rowland Heights Administrative Site,"19138 E Walnut Dr N, Ste 103",Rowland Heights,CA,Active,626-300-9939,-117.88504192,33.99572259
OHI - Grace Patterson Elementary,1080 Porter St,Vallejo,CA,Active,707-558-2000,-122.23815911,38.07936859
RON ROBINSON SENIOR CARE CENTER,222 W 39th Ave # S-131,San Mateo,CA,Active,650-573-2426,-122.29877821,37.53039073
NEIGHBORHOOD HEALTHCARE ~ LAKESIDE DENTAL,10039 Vine St,Lakeside,CA,Active,619-390-9135,-116.92041797,32.8611931
Hill Country Community Clinic - Mistletoe,"1024 Mistletoe Ln, Suite B",Redding,CA,Active,530-337-6243,-122.35269304,40.57870577
"AltaMed Medical Group: Garden Grove, Harbor",12751 Harbor Blvd,Garden Grove,CA,Active,888-499-9303,-117.91559505,33.77758724
SJCH Rolland Curtis Gardens Health Center,1060 Exposition Blvd,Los Angeles,CA,Active,323-541-1600,-118.29332962,34.01800411
NECC - Clinica Cuzcatlan,3559 Gage Ave,Bell Gardens,CA,Active,626-457-6900,-118.20162372,33.97986863
Parkway Campus,"925 Corporate Cntr Pkwy, Suite A",Santa Rosa,CA,Active,707-303-3600,-122.75391521,38.42536236
Eureka Community Health Center,2200 Tydd St,Eureka,CA,Active,707-441-1642,-124.14581003,40.802114
SAINT MARTHA'S SHELTER,1050 S Van Ness Ave,San Francisco,CA,Active,415-255-3525,-122.41702959,37.75645958
Friends of Family Health Center - Tustin,13152 Newport Ave STE B,Tustin,CA,Active,562-690-0400,-117.81267106,33.74737656
Diamond Neighborhoods Family Health Center,4725 Market St,San Diego,CA,Active,619-515-2560,-117.09309146,32.71101881
"T.H.E. CLINIC, INC.",3834 S Western Ave,Los Angeles,CA,Active,323-730-1920 x3007,-118.30874319,34.01633335
La Clinica Vallejo,415 Georgia St,Vallejo,CA,Active,510-535-4000,-122.25620275,38.10107801
VHC Moorpark -Internal Medicine,2400 Moorpark Ave STE 204,San Jose,CA,Active,408-885-7049,-121.93712197,37.31608248
Community Medical Wellness Centers USA-Sylmar,14117 Hubbard St UNIT M,Sylmar,CA,Active,818-833-3066,-118.44068457,34.29822191
"SFV Health Center, Inc. dba Elevate Health Center - 9375 San Fernando Rd STE 3A",9375 San Fernando Rd,Sun Valley,CA,Active,818-504-4513,-118.39414045,34.23936423
SAC Murrieta Suite 128,"28078 Baxter Rd, Suite 128",Murrieta,CA,Active,909-382-7100,-117.16693938,33.61472033
Gardner Packard Children's Health Center,"3351 El Camino Real, Suite 100",Atherton,CA,Active,650-497-8820,-122.20692814,37.46615262
"Community Medical Centers, Lodi East",1150 S Cherokee Ln,Lodi,CA,Active,209-370-1700,-121.26006276,38.11895426
SALVATION ARMY OF SANTA MARIA,402 S Miller St,Santa Maria,CA,Active,805-349-2421,-120.43120536,34.94958752
Beach Area Family Health Center,3705 Mission Blvd,San Diego,CA,Active,619-515-2444,-117.25225928,32.78274293
Saban Community Clinic,8405 Beverly Blvd,Los Angeles,CA,Active,323-653-8622,-118.37341695,34.0763417
MISSION NEIGHBORHOOD HEALTH CENTER,240 Shotwell St,San Francisco,CA,Active,415-552-3870 x2225,-122.41656214,37.76474534
Long Beach Health Center #101,"1040 Elm Ave, Suite 101",Long Beach,CA,Active,310-547-0202,-118.1876179,33.77999499
"AltaMed Administrative Office - Monterey Park, Pomona",249 E Pomona Blvd,Monterey Park,CA,Active,888-499-9303,-118.12705177,34.03379583
Innercare Blythe,1415 W Hobsonway,Blythe,CA,Active,760-922-4981,-114.61265061,33.61192366
Elica Health Centers - Halyard Medical Center,1276 Halyard Dr,West Sacramento,CA,Active,916-454-2345,-121.55073694,38.57322269
Glen View Elementary School,2201 E Mission Ave RM 21,Escondido,CA,Active,760-520-8300,-117.05374332,33.14660327
UMMA Health Dental Mobile Unit,7821 Avalon Blvd,Los Angeles,CA,Active,323-789-5610,-118.26541319,33.96778176
Santo Nino Burbank,"191 S Buena Vista St, Suite 240",Burbank,CA,Active,818-557-7278,-118.32845985,34.15884624
Community Practice Clinic Richmond,"2970 Hilltop Mall Rd, Suite 307",San Pablo,CA,Active,510-231-1200,-122.32924911,37.97755369
Cameron Park Health Center,"3104 Ponte Morino Dr, Suite 110",Cameron Park,CA,Active,530-621-7700,-120.96695037,38.66318134
Omni Family Health,925 G St,Reedley,CA,Active,866-707-6664,-119.45270944,36.59778854
CMOAR - Instituto de Educacion Popular,1565 W 14th St,Los Angeles,CA,Active,213-252-2952,-118.27746461,34.04283215
Sacramento Community Clinics - Kajsiab,7215 55th St,Sacramento,CA,Active,916-642-1867,-121.44068121,38.4952005
Greenfield Community Health Center,9001 S H St,Bakersfield,CA,Active,661-328-4260,-119.02185799,35.272893
Altura Centers for Health Woodville,16686 Road 168,Porterville,CA,Active,559-686-9097,-119.19632236,36.09276479
Neighborhood Healthcare ~ Behavioral Health 308,"488 E Valley Pkwy, #308",Escondido,CA,Active,760-520-8300,-117.07738201,33.12561499
APHCV - Belmont Health Center,180 Union Pl,Los Angeles,CA,Active,323-644-3885,-118.26497297,34.06191799
San Bernardino Health Center,590 N D St,San Bernardino,CA,Active,909-383-3001,-117.29227406,34.10993289
Shasta Cascade Health Centers - Mt. Shasta 822 Pine,822 Pine St,Mount Shasta,CA,Active,530-926-5261,-122.32048926,41.31758901
CLCHC - Irvine Community Health Center,"15785 Laguna Canyon Rd, Suite 250",Irvine,CA,Active,949-866-3600,-117.76217806,33.66558519
Emeline Health Center,1080 Emeline Ave,Santa Cruz,CA,Active,831-454-4100,-122.01610841,36.99153749
"Ampla Health Chico Medical, Pediatrics and Xpress Care",680 Cohasset Rd,Chico,CA,Active,530-342-4395,-121.84618083,39.7528249
Pediatric Diagnostic Center,300 Hillmont Ave BLDG 340 # 302,Ventura,CA,Active,805-652-6255,-119.25403285,34.27771349
Pacoima Women's Health Center,12759 Van Nuys Blvd,Pacoima,CA,Active,818-898-1388,-118.41209079,34.27548579
"JWCH Institute, Inc., Mini House Residential Treatment",303 E 52nd St,Los Angeles,CA,Active,323-201-4516,-118.26986096,33.99537448
National City Family Health Center,1000 Euclid Ave,National City,CA,Active,619-515-2399,-117.08079722,32.68056003
San Diego Family Care,7011 Linda Vista Rd,San Diego,CA,Active,858-279-9676,-117.16904877,32.78773565
Bishop Community Health Center,"459 W Line St, Ste B",Bishop,CA,Active,760-784-7020,-118.39893515,37.36138759
ACHCH Tiburcio Vasquez Health Center Zone 4 Mid County Street Health Mobile Unit,16110 E 14th St,Ashland,CA,Active,510-398-7500,-122.1174385,37.69780604
Aria Community Health Center,591 W Putnam Ave,Porterville,CA,Active,559-784-5717,-119.03032229,36.06934554
Mission City Community Network- Sepulveda,8527 Sepulveda Blvd,North Hills,CA,Active,818-895-3100,-118.46799809,34.22544008
RRHC Administrative Services,121 Briceland Thorn Rd,Redway,CA,Active,707-923-2783,-123.82547062,40.12086006
La Maestra El Cajon Primary Care Clinic,1032 Broadway,El Cajon,CA,Active,619-779-7900,-116.94661284,32.80828208
AltaMed Dental Group at West Orange Elementary School,243 S Bush St,Orange,CA,Active,888-499-9303,-117.8661352,33.78531284
San Ysidro Health South Bay Latino Research Center,780 Bay Blvd STE 200,Chula Vista,CA,Active,619-662-4100,-117.09272417,32.61954405
Felicita Elementary School,737 W 13th Ave RM 36,Escondido,CA,Active,760-520-8300,-117.08248196,33.10651728
AltaMed Dental Group at Helen Estock Elementary,14741 N B St,Tustin,CA,Active,888-499-9303,-117.82584775,33.75017188
AltaMed - PACE Inglewood,3310 W Century Blvd,Inglewood,CA,Active,888-499-9303,-118.32896738,33.94460823
Baldwin Park Health Center,3940 Maine Ave,Baldwin Park,CA,Active,626-678-9296,-117.96190003,34.084375
Camarena Health - Coarsegold,"35324 Highway 41, Suite A",Coarsegold,CA,Active,559-664-4000,-119.6992,37.26256545
SJCH Washington High School,1555 W 110th St,Los Angeles,CA,Active,323-541-1411,-118.30317886,33.93624062
SAN JOSE HIGH NEIGHBORHOOD HLTH,1149 E Julian St,San Jose,CA,Active,408-284-2282,-121.87191981,37.35087999
KERN MEDICAL OUTPATIENT HEALTH (KMOH)  -  COLUMBUS 3000,"1111 Columbus St, Suite 3000",Bakersfield,CA,Active,661-326-2800,-118.98246196,35.3967541
UMMA Health Florence Clinic,711 W Florence Ave,Los Angeles,CA,Active,323-789-5610,-118.28618715,33.97480827
COMMUNITY HEALTH CENTERS LOS ROBLES,2800 Riverside Ave STE 101,Paso Robles,CA,Active,805-238-7250,-120.68886992,35.64351347
Northeast Community Clinic Mobile Dental Unit,200 E Anaheim St,Wilmington,CA,Active,323-282-2400,-118.26081245,33.77994595
North East Medical Services - 200 Linden,200 Linden Ave,South San Francisco,CA,Active,888-500-1886,-122.41018552,37.65435639
KMOH ADMINISTRATIVE OFFICES  -  M STREET,2700 M St,Bakersfield,CA,Active,661-326-2520,-119.01421428,35.38349053
Rosa Parks Elementrary School,4510 Landis St,San Diego,CA,Active,619-282-6803,-117.09710002,32.74699
Coastside Health Center,"225 Cabrillo Hwy S, Ste 100A",Half Moon Bay,CA,Active,650-573-3941,-122.43376876,37.46545646
AltaMed Pharmacy - Goodrich,972 Goodrich Blvd,Commerce,CA,Active,888-499-9303,-118.15405097,34.01763531
SJCH COMPTON CLINIC,2115 N Wilmington Ave,Compton,CA,Active,323-541-1411,-118.23967253000001,33.91196495
Children's Hospital and Research Center Oakland Mobile Clinic,5009 Martin Luther King Jr Way,Oakland,CA,Active,510-428-3226,-122.26785988,37.8357738
Community Medical Wellness Centers USA,1360 E Anaheim St STE 207-209,Long Beach,CA,Active,562-270-0324,-118.17444004,33.78258252
We Care - Scotia Bluffs,115 Main St,Scotia,CA,Active,707-764-5617 x203,-124.10222732,40.48452515
Van Nuys Women's & Reproductive Health Center Suite 306,"14624 Sherman Way, Suite 306",Van Nuys,CA,Active,818-988-6335,-118.451186,34.20016701
Garfield Health Center Atlantic,701 S Atlantic Blvd STE 200,Monterey Park,CA,Active,626-300-9939,-118.13634839,34.05382447
Innercare Hemet,1023 E Florida Ave,Hemet,CA,Active,951-599-8403,-116.96110951,33.74730799
CLINICA DEL VALLE DEL PAJARO,45 Neilson St,Watsonville,CA,Active,831-728-8250,-121.79221748,36.92824535
3CCC-Olympic Admin,3000 W Olympic Blvd STE 303,Los Angeles,CA,Active,213-322-2666,-118.30033496,34.05261249
Neighborhood Healthcare,215 S Hickory St,Escondido,CA,Active,760-520-8300,-117.07587612,33.12321303
St. Jude Pediatric Dental Clinic,7758 Knott Ave,Buena Park,CA,Active,714-522-8723,-118.01055799,33.849797
VCC: Lake Elsinore Dental and Specialty Care,30195 Fraser Dr,Lake Elsinore,CA,Active,951-252-2720,-117.36817446,33.68463097
Cali Med Health Center Rosemead,9014 Garvey Ave,Rosemead,CA,Active,626-572-3955,-118.07248737,34.06258069
Cali Med Health Center Van Nuys,7211 Van Nuys Blvd,Van Nuys,CA,Active,213-338-8387,-118.44896589,34.20172248
Livingston Campus Center,600 B St,Livingston,CA,Active,209-850-3500,-120.73384252,37.38540274
Unicare Community Health Center - Mobile Unit 1,5549 Van Buren Blvd,Riverside,CA,Active,909-988-2555,-117.45304793,33.94002819
Tri-State Community Healthcare Centers,11888 Bartlett Ave,Adelanto,CA,Active,760-530-9944,-117.40685703,34.57950383
DAP Health Mobile Dental Unit #04,779 N Buena Vista St,Hemet,CA,Active,951-213-3450,-116.96789039,33.75999245
Beverly Community Clinic - Suite 300,"3755 Beverly Blvd, Suite 300",Los Angeles,CA,Active,213-370-1050,-118.290777,34.07656738
Universal Community Health Center - O'Neill,1919 S San Pedro St,Los Angeles,CA,Active,323-233-3100,-118.25811205,34.02715091
"Opsam Specialty and Behavioral Health Services, National City",2813 Highland Ave,National City,CA,Active,844-200-2426,-117.09168573,32.66066969
NEMS PACIFIC PHARMACY,"728 Pacific Ave, Ste 114",San Francisco,CA,Active,888-500-1886,-122.40744095,37.79686207
"JWCH Institute, Inc. (Mini Twelve Step House)",5132 S San Pedro St,Los Angeles,CA,Active,323-813-0200,-118.26999633,33.99547054
OPSAM HEALTH: Rancho Penasquitos,"9995 Carmel Mountain Rd, Suite B10",San Diego,CA,Active,844-200-2426,-117.11262842,32.95995949
"Community Medical Centers, St. Mary's Community Services",545 W Sonora St,Stockton,CA,Active,209-337-3298,-121.29723231,37.94755918
Wellness Center at Jefferson High School,3410 Hooper Ave,Los Angeles,CA,Active,323-908-4402,-118.25202218,34.01249486
Mission Bell Elementary School,4020 Conning St,Jurupa Valley,CA,Active,760-520-8300,-117.50142719,34.01666083
Complete Care Community Health Center-Sherman Oaks 2,"4849 Van Nuys Blvd, Ste 102",Sherman Oaks,CA,Active,310-706-2033,-118.44873178,34.15911081
WMCHC-Dental,1828 E Cesar E Chavez Ave,Los Angeles,CA,Active,323-987-1200,-118.21572569,34.05014259
"JWCH Institute, Inc. Medical Clinic / Weingart Center",522 S San Pedro St,Los Angeles,CA,Active,213-622-2639,-118.24413774,34.0434758
AltaMed Medical and Dental Group: Huntington Beach Community Clinic,8041 Newman Ave,Huntington Beach,CA,Active,888-499-9303,-117.98830219,33.70491304
WASHINGTON NEIGHBORHOOD HLTH,100 Oak St,San Jose,CA,Active,408-284-2282,-121.88158189,37.32130558
The Primary School,750 Fargo Ave,San Leandro,CA,Active,847-924-5171,-122.1424527,37.68794171
San Ysidro Health Mobile Health Services 1G,4004 Beyer Blvd,San Ysidro,CA,Active,619-662-4100,-117.04746943,32.55870002
Neighborhood Healthcare ~ Downtown Escondido,"488 E Valley Pkwy, Ste 411",Escondido,CA,Active,760-520-8300,-117.07711715,33.12513454
NORTH EAST MEDICAL SERVICES - 1430 TARAVAL,1430 Taraval St,San Francisco,CA,Active,888-500-1886,-122.48163974,37.74282256
Hurtt Family Health Clinic - Santa Ana BH,1100 N Tustin Ave STE F,Santa Ana,CA,Active,714-247-0300,-117.83424742,33.75471098
Shasta Cascade Health Centers - McCloud,116 W Minnesota Ave,Mccloud,CA,Active,530-964-2389,-122.1368126,41.25196873
"SFV Health Center, Inc. dba Elevate Health Center - Mobile Unit 1",9375 San Fernando Rd,Sun Valley,CA,Active,818-504-4516,-118.39414045,34.23936423
Baker Street Village Community Health Center,"1015 Baker St, Unit 4",Bakersfield,CA,Active,661-328-4283,-118.99169739,35.37935838
Axis Community Health - Regional,7212 Regional St,Dublin,CA,Active,925-462-1755,-121.93539178,37.704932
"Central City Community Health Center, Inc. - Administrative Site",2019 Saturn St,Monterey Park,CA,Active,323-724-0019,-118.11686801,34.03856786
San Joaquin Health Center,21890 W Colorado Ave,San Joaquin,CA,Active,559-693-2462,-120.18482593,36.60527509
TECHNICLINIC (aka Oakland Technical School-Based Clinic),4351 Broadway,Oakland,CA,Active,510-450-5421,-122.25459996,37.8325
AltaMed PACE - Covina,535 S 2nd Ave,Covina,CA,Active,888-499-9303,-117.88850289,34.08007031
Aria Community Health Center Lemoore,140 C St,Lemoore,CA,Active,559-925-6000,-119.78237531,36.30132133
Omni Family Health,"355 Campus Dr, Suite E",Hanford,CA,Active,866-707-6664,-119.66312739,36.32699343
CLINICA ROMERO-NORTHEAST,2032 Marengo St,Los Angeles,CA,Active,213-989-7700,-118.20742215,34.05638506
Escondido Family Health Center,128 N Broadway,Escondido,CA,Active,619-515-2300,-117.0814516,33.12262491
Family HealthCare Network - Mobile Van #1,31180 Road 72,Visalia,CA,Active,877-960-3426,-119.41166502,36.35595001
Serve the People Behavioral Health Center,1206 E 17th St STE 201,Santa Ana,CA,Active,714-352-2911,-117.85394397,33.75983253
"Unicare Community Health Center, Inc. - Lincoln Heights",2409 N Broadway,Los Angeles,CA,Active,323-225-8038,-118.21653236,34.07379356
CNHF - Whittier Clinic,12474 Washington Blvd,Whittier,CA,Active,562-968-0350,-118.04504114,33.96739242
Yehowa Medical Services  -  North Main,"517 N Main St, Suite 220",Santa Ana,CA,Active,323-776-1500,-117.8674825,33.74956063
"Centro Medico Community Clinic, Inc.-Administrative Site",1303 W 6th St STE 102,Corona,CA,Active,951-278-8910,-117.58916887,33.87785513
SPLG Administration,"195 Aviation Way, Ste 200",Watsonville,CA,Active,831-728-8250,-121.78965395,36.93155031
CNHF - Atlantic Clinic,5601 Atlantic Ave,Long Beach,CA,Active,562-580-0910,-118.18533391,33.85851988
FTOC Magnolia Medical Clinic,"14571 Magnolia St, Suite 207",Westminster,CA,Active,714-665-9890,-117.97295384,33.75078024
Homeless Respite Care and Shelter Clinic - Concord,2047 Arnold Industrial Way,Concord,CA,Active,925-313-6000,-122.03812063,38.00696315
Mobile Health Clinic #12,40910 Fremont Blvd,Fremont,CA,Active,510-770-8040,-121.96027002,37.53434271
Camarena Health - Tesoro Viejo,4148 Town Center Blvd,Madera,CA,Active,559-664-4000,-119.78618706,36.96275986
Unicare Community Health Center - Pacoima,13563 Van Nuys Blvd,Pacoima,CA,Active,909-988-2555,-118.42891881,34.26142674
Wesley Health Centers (Corner of Hope),500 S San Pedro St,Los Angeles,CA,Active,562-867-7999,-118.24379048,34.04381472
Wesley Health Centers - Skid Row Residential Care Facility,444 Crocker St,Los Angeles,CA,Active,866-733-5924,-118.24246398,34.04375472
Innercare Niland,8027 US Highway 111,Niland,CA,Active,760-359-0110,-115.51975392,33.23622459
"Community Medical Centers, East Main",2524 E Main St,Stockton,CA,Active,209-466-6871,-121.25147835,37.95445355
HCH Mobile Dental Van,222 W 39th Ave,San Mateo,CA,Active,650-573-2561,-122.30016801,37.53091325
"Comprehensive Community Health Centers, Inc-Highland Park",5059 York Blvd,Los Angeles,CA,Active,323-344-4144,-118.20485922,34.12138207
UMMA Health Figueora Care Center,10421 S Figueroa St,Los Angeles,CA,Active,323-789-5610,-118.28287638,33.94175134
NEMS CHINATOWN ENROLLMENT SERVICE CENTER,614 Jackson St,San Francisco,CA,Active,888-500-1886,-122.40553214,37.79619391
Mobile Dental Van,923 N Milpas St,Santa Barbara,CA,Active,805-884-1998,-119.69125002,34.43035004
Clinica Romero - San Fernando Valley,"6330 Van Nuys Blvd, #A",Van Nuys,CA,Active,818-994-9822,-118.4484872,34.18555262
TrueCare,"1675 N Perris Blvd, Suite G 1",Perris,CA,Active,760-736-6700,-117.22563332,33.80216047
"All For Health, South Central II","710 S Central Ave, Ste 350",Glendale,CA,Active,818-409-3020,-118.25783008,34.13746333
Healthy Beginnings California,1414 N California St,Stockton,CA,Active,209-468-8154,-121.28790199,37.96779582
WILLIAM BYRON RUMFORD MED CLINIC,2960 Sacramento St,Berkeley,CA,Active,510-549-3166,-122.27949908,37.85383223
KCS Health Center - Orangethorpe,"7212 Orangethorpe Ave, Suite 9 A",Buena Park,CA,Active,714-503-6550,-118.00735937,33.85769087
My Friend's Place - CHLA,5850 Hollywood Blvd,Los Angeles,CA,Active,323-669-2503,-118.31710372,34.10149671
GVHC - McHenry Suite 330,"1524 McHenry Ave, Ste 330",Modesto,CA,Active,209-722-4842,-120.99395074,37.66621138
Angeles Community Health Center - Pico,9188 W Pico Blvd,Los Angeles,CA,Active,866-981-3002,-118.39184003,34.05492598
The Achievable Foundation Administrative Office - CP,"100 Corporate Pointe, Suite 270",Culver City,CA,Active,424-266-7480,-118.38139241,33.98824073
AltaMed Medical Group  -  Mobile Van #4,500 City Pkwy W,Orange,CA,Active,888-499-9303,-117.89576246,33.78332181
Las Posas Family Medical Group,"3801 Las Posas Rd, Suite 214",Camarillo,CA,Active,805-437-0900,-119.01952824,34.24199002
CMCC Santa Rosalia C100,3756 Santa Rosalia Dr,Los Angeles,CA,Active,844-223-6876,-118.33916799000001,34.00913707
SANTA BARBARA RESCUE MISSION,535 E Yanonali St,Santa Barbara,CA,Active,805-966-1316,-119.68446713,34.4192273
Greenville Rancheria Dental Clinic,343 Oak St,Red Bluff,CA,Active,530-528-3488,-122.23459965,40.17604186
MCHWC Admin - Suite 380,"4000 Civic Center Dr, Suite 380",San Rafael,CA,Active,415-339-8813,-122.53801466,38.00445063
GVHC - TENAYA,2101 Tenaya Dr,Modesto,CA,Active,209-576-6766,-120.95675228,37.63269395
"Community Medical Centers, CareLink Community Response Mobile 106",2666 West Ln STE 700,Stockton,CA,Active,833-311-2273,-121.28192042,37.9801872
Howe Avenue Elementary School,2404 Howe Ave,Sacramento,CA,Active,916-566-2165,-121.41532251,38.60818068
Tom Waddell Urban Health Clinic,230 Golden Gate Ave,San Francisco,CA,Active,415-355-7400,-122.41433188,37.78191605
Family HealthCare Network - Annex,1137 W Poplar Ave,Porterville,CA,Active,559-781-7242,-119.04318499,36.05069799
"Central City Community Health Center, Inc. - Thomas Edison Elementary School",1526 E Romneya Dr,Anaheim,CA,Active,323-723-0019,-117.89692662,33.85037904
La Maestra Dental Clinic,"4305 University Ave, Suite 120",San Diego,CA,Active,619-269-1267,-117.10144336,32.74917596
CHC - ADMINISTRATIVE SKYWAY,2318 Skyway Dr,Santa Maria,CA,Active,805-346-3900,-120.45361806,34.91860604
Omni Family Health,"4900 California Ave, Suite 400 B",Bakersfield,CA,Active,661-459-1900,-119.05700272,35.36490597
Ritter Center Admin Office,30 N San Pedro Rd STE 220,San Rafael,CA,Active,415-457-8182,-122.52963946,37.99562562
Angeles Community Health Center - Wilshire,"8929 Wilshire Blvd, Suite 225",Beverly Hills,CA,Active,866-981-3002,-118.38611821,34.06739867
"La Maestra Family Clinic, Inc.",4159 1/2 Fairmount Ave,San Diego,CA,Active,619-269-1267,-117.10086542,32.75244696
Omni Family Health,"1110 W Visalia Rd, Ste 102",Exeter,CA,Active,866-707-6664,-119.15469665,36.29731172
CLCHC - Irvine Administrative Office,"18201 McDurmott W, Ste E",Irvine,CA,Active,949-866-3600,-117.86761544,33.69029542
GVHC-NEWMAN SITE,637 Merced St,Newman,CA,Active,209-862-0270,-121.01634719,37.31501617
Martinez Health Center - Family Medicine 2A,2500 Alhambra Ave,Martinez,CA,Active,925-370-5520,-122.13291803,38.006699
Elica Health Centers - Franklin Medical Center,"5385 Franklin Blvd, Suite K",Sacramento,CA,Active,916-454-2345,-121.47143064,38.52618358
School Clinic - El Molino,7050 Covey Rd,Forestville,CA,Active,707-869-5977,-122.88869999,38.48131999
Mi Centro,553 S Clarence St,Los Angeles,CA,Active,323-993-7500,-118.22335104,34.03932688
Emeryville USD,4727 San Pablo Ave,Emeryville,CA,Active,510-981-4137,-122.28190208,37.83648115
Santa Monica College,1900 Pico Blvd,Santa Monica,CA,Active,310-450-2191,-118.47119998,34.01702
ACHCH/Lifelong Trust Health Center,386 14th St,Oakland,CA,Active,510-210-5050,-122.2695003,37.80387789
Santa Clara Valley Health and Hospital System,751 S Bascom Ave,San Jose,CA,Active,408-885-5700,-121.93580173,37.31394195
BHS - Health Center for Women,"12954 Hawthorne Blvd, Ste 100",Hawthorne,CA,Active,310-978-6900,-118.35244241,33.91448744
AltaMed Daniel Lara HIV Clinic - East LA,5427 Whittier Blvd,Los Angeles,CA,Active,888-499-9303,-118.15339425,34.01983543
Ampla Health Corporate Office,935 Market St,Yuba City,CA,Active,530-674-4261,-121.61396046,39.14558292
El Dorado Smiles,4675 Missouri Flat Rd,Placerville,CA,Active,530-621-7700,-120.82381295,38.69493095
SOUTH OF MARKET HEALTH CTR,551 Minna St,San Francisco,CA,Active,415-626-2951,-122.4092511,37.77949121
Linda Vista Health Care Center,6979 Linda Vista Rd,San Diego,CA,Active,858-279-0925,-117.16969954,32.78740364
VCC:  NORTH RIVER,4700 N River Rd,Oceanside,CA,Active,760-631-5000,-117.30932227,33.24591202
The Hub,1643 Logan Ave,San Diego,CA,Active,619-515-2333,-117.14878762,32.70407244
WellSpace Health -- THRIVE Outpatient Program,2435 Marconi Ave,Sacramento,CA,Active,916-550-5444,-121.40447407,38.61878182
South Bay Family Counseling Center,742 10th St,Imperial Beach,CA,Active,619-515-2300,-117.11216197,32.58302242
Hayward Mobile Van,22331 Mission Blvd,Hayward,CA,Active,510-471-5907,-122.08710087,37.67438139
"Comprehensive Community Health Centers, Inc-Sunland",8316 Foothill Blvd,Sunland,CA,Active,818-273-8800,-118.31433752,34.25941931
AltaMed Dental Group at Loma Vista Elementary,13822 Prospect Ave,Santa Ana,CA,Active,888-499-9303,-117.82046497,33.76217917
"Centro Medico Community Clinic, Inc. - Harrison Shelter",420 W Harrison St,Corona,CA,Active,951-278-8910,-117.56927962,33.88503955
SJCH San Bernardino Health Center,1500 N Waterman Ave,San Bernardino,CA,Active,323-541-1600,-117.27880862,34.12712103
LACHC at Pico Aliso - Annex 2,1619 3/4 E 4th St,Los Angeles,CA,Active,213-893-1960,-118.22208881,34.04324969
MARK'S HOUSE,203 N N St,Lompoc,CA,Active,805-735-9980,-120.46576797,34.64095898
Family Health Matters Center for Health,3535 W Commonwealth Ave,Fullerton,CA,Active,714-411-0411,-117.97507119,33.87004659
WellSpace Health - Arden Arcade Community Health Center,2433 Marconi Ave,Sacramento,CA,Active,916-737-5555,-121.40456023,38.61940216
Magnolia Dental,"2220 E Gonzales Rd, Ste 110",Oxnard,CA,Active,805-981-6660,-119.14777991,34.21870954
Peach Tree-Yuba City/Colusa,1275 Tharp Rd,Yuba City,CA,Active,530-749-3242,-121.64817941,39.14572164
Mobile Screening Unit II,4094 4th Ave,San Diego,CA,Active,619-515-2410,-117.16260954,32.75154682
Buddhist Tzu Chi Medical Foundation - Administrative Site,9620 Flair Dr,El Monte,CA,Active,626-281-3383,-118.05943085,34.07156728
SAN LORENZO HIGH HEALTH CENTER (aka San Lorenzo High School-Based Clinic),50 E Lewelling Blvd RM S5,San Lorenzo,CA,Active,510-317-3167,-122.12253696,37.68857501
CSVS - SANBORN CLINIC,219 N Sanborn Rd,Salinas,CA,Active,831-757-1365,-121.62693103,36.67729303
AACI Dental Clinic,"266 N Jackson Ave, Suite 1",San Jose,CA,Active,408-975-2730,-121.84912975,37.36459148
LOS ANGELES MISSION COLLEGE,13356 Eldridge Ave,Sylmar,CA,Active,818-362-6182,-118.41909999,34.31493999
Commerce Family Medical Center,6001 E Washington Blvd,Commerce,CA,Active,562-928-9600,-118.14993546,33.99706524
EASTMONT WELLNESS,6955 Foothill Blvd,Oakland,CA,Active,510-567-5700,-122.175927,37.76796596
Families Together of Orange County - Garden Grove,9918 Katella Ave STE A,Anaheim,CA,Active,714-665-9891,-117.95968796,33.80307246
San Ysidro Health Care View Health Center,"292 Euclid Ave, #210",San Diego,CA,Active,619-662-4100,-117.08581304,32.707211
AICHC-Angeles,"3920 Eagle Rock Blvd, Ste A",Los Angeles,CA,Active,323-255-5225,-118.23005245,34.11937531
Western Sierra Medical Clinic - Women's Health and Newborn Care,150 Glasson Way,Grass Valley,CA,Active,530-802-0400,-121.04690887,39.22892611
San Ysidro Health CHC - Ocean View,3177 Ocean View Blvd,San Diego,CA,Active,619-662-4100,-117.12586588,32.70091632
Tri-State Community Healthcare Center,"540 N San Jacinto St, Suite I",Hemet,CA,Active,844-444-1424,-116.95776513,33.75547809
"AltaMed Medical Group - Pico Rivera, Washington",9406 Washington Blvd,Pico Rivera,CA,Active,888-499-9303,-118.08941593,33.97874315
SOS-El Sol Wellness Center-Broadway,1014 N Broadway,Santa Ana,CA,Active,949-270-2100,-117.86989875,33.75424456
TrueCare Vista Way Health Center Ste 202,"3998 Vista Way, Suite 202",Oceanside,CA,Active,760-736-6767,-117.29260096,33.18424699
Marin Community Clinic - Downtown San Rafael,"999 3rd St, Ste A",San Rafael,CA,Active,415-448-1500,-122.52734349,37.97204766
WMCHC-Medical and Mental Health,"1828 E Cesar E Chavez Ave, Suite 5000",Los Angeles,CA,Active,323-987-1200,-118.21572569,34.05014259
OHI - Setterquist Head Start,300 Stanford Dr,Vallejo,CA,Active,707-558-2000,-122.24776729,38.14630978
West Shaw Community Health Center,"3645 W Shaw Ave, #101",Fresno,CA,Active,559-457-6824,-119.85863135,36.80574091
TrueCare Mobile Unit 2,150 Valpreda Rd,San Marcos,CA,Active,760-736-6767,-117.15697036,33.14041617
Family HealthCare Network - Fresno Recreation,"7060 N Recreation Ave, #101",Fresno,CA,Active,877-960-3426,-119.7404238,36.83864797
Share Ourselves Administrative Offices (Suite 200),"20151 SW Birch St, Suite 200",Newport Beach,CA,Active,949-270-2100,-117.87585217,33.65920082
Peach Tree Yuba County Probation,120 5th St,Marysville,CA,Active,530-749-7535,-121.58571881,39.14038526
Westside Neighborhood Clinic,628 W Micheltorena St,Santa Barbara,CA,Active,844-594-0343,-119.71604947,34.41926195
BRIDGEHOUSE- LOMPOC,2025 Sweeney Rd,Lompoc,CA,Active,805-737-9443,-120.42776836,34.64525839
La Mesa Family Dental Clinic,"7557 El Cajon Blvd, Suite A",La Mesa,CA,Active,619-515-2300,-117.035157,32.767691
Comprehensive Wellness Center,1557 Healdsburg Ave,Healdsburg,CA,Active,707-431-1170,-122.87397391,38.63283156
Via Care Mobile 01,507 S Atlantic Blvd,Los Angeles,CA,Active,323-268-9191,-118.15540915,34.02684439
United Health Centers Fresno Tuolumne 2610,2610 Tuolumne St,Fresno,CA,Active,559-646-6618 x0010,-119.787874,36.74233923
San Ysidro Health Senior Dental Center,1525 4th Ave STE 201,San Diego,CA,Active,619-662-4100,-117.16111966,32.72168956
All For Health 1300 Central,1300 South Central Avenue,Glendale,CA,Active,818-409-3020,-118.2577818,34.12966368
Cali Med Health Center Van Nuys Mobile,7211 Van Nuys Blvd,Van Nuys,CA,Active,213-338-8387,-118.44896589,34.20172248
Transitions to Wellness,"6551 Van Nuys Blvd, Suite 201",Van Nuys,CA,Active,818-765-8656,-118.44901333,34.18980354
COMMUNITY HEALTH CENTERS - PRADO,40 Prado Rd,San Luis Obispo,CA,Active,805-929-3211,-120.67223503,35.2559411
Neighborhood Healthcare ~ Riverside,4371 Latham St,Riverside,CA,Active,760-520-8300,-117.37501594,34.00283446
KERN MEDICAL OUTPATIENT HEALTH (KMOH)  -  34th STREET,"820 34th St, Suite 202",Bakersfield,CA,Active,661-862-7370,-119.01169904,35.39105189
"AltaMed Behavioral Health at International SLC Middle School, South Gate",5220 Tweedy Blvd,South Gate,CA,Active,888-499-9303,-118.18079474,33.94118871
Sacramento Community Clinic- El Camino,965 El Camino Ave,Sacramento,CA,Active,916-642-1867,-121.44447636,38.61163545
Lemon Grove Family Counseling Center,7828 Broadway,Lemon Grove,CA,Active,619-515-2300,-117.02988621,32.74308127
"Community Medical Centers, Weberstown Medical","87 W March Ln, Suite 3",Stockton,CA,Active,209-940-5600,-121.30801454,37.99519718
Gilroy Health Clinic III,9460 N Name Uno,Gilroy,CA,Active,408-729-9700,-121.57113857,37.03761361
ASIAN PACIFIC ISLANDER WELLNESS,730 Polk St,San Francisco,CA,Active,415-255-3525,-122.41900655,37.7838192
Delhi King St Center,16233 King St,Delhi,CA,Active,209-850-3500,-120.78008363,37.43257354
Tri-State Community Healthcare Center,1535 East Colorado Street,Glendale,CA,Active,844-444-1424,-118.2300771,34.1427954
NECC - Gage Health Center,2975 Zoe Ave,Huntington Park,CA,Active,323-826-9449,-118.21533258,33.97943049
Via Care Chavez Community Health Center,4755 E Cesar E Chavez Ave,Los Angeles,CA,Active,323-262-4194,-118.16290302,34.04087699
United Health Centers Orange Cove,445 11th St,Orange Cove,CA,Active,559-646-6618 x0010,-119.31998996,36.626825
Watsonville Health Center - Building A,"1430 Freedom Blvd, Suite A",Watsonville,CA,Active,831-763-8400,-121.76427078,36.92775431
Salud at 208 Green Valley,208 Green Valley Rd,Freedom,CA,Active,831-728-8250,-121.77067053,36.93751705
Weed Health Center,50 Alamo Ave,Weed,CA,Active,530-999-9050,-122.38486195,41.42676557
ALAMEDA COUNTY HEALTH CARE SERVICES AGENCY -- HEALTH CARE FOR THE HOMELESS PROGRAM -- ADMINISTRATIVE OFFICES,"1404 Franklin St, #200",Oakland,CA,Active,510-891-8950,-122.26951397,37.80388301
Pediatric Campus,"711 Stony Point Rd, Suite 17",Santa Rosa,CA,Active,707-303-3600,-122.74328126,38.42927457
Cedar University Clinic,4770 N Cedar Ave,Fresno,CA,Active,559-860-4900,-119.75385982,36.80472268
Sun Valley Health Center,7223 Fair Ave,Sun Valley,CA,Active,818-432-4400,-118.37496366,34.20201744
Altura Centers for Health Dental Mobile Clinic 1,1101 N Cherry St,Tulare,CA,Active,559-686-9097,-119.33815003,36.22400398
APLA Health-Olympic,"5901 W Olympic Blvd, Ste 500",Los Angeles,CA,Active,323-215-1725,-118.36028292,34.05762227
Via Care Garfield Wellness Center,501 S Woods Ave,Los Angeles,CA,Active,323-269-2623,-118.15638209,34.02733267
Pauma Head Start,33158 Cole Grade Rd RM Multipurp,Pauma Valley,CA,Active,760-520-8300,-117.00022634,33.31512382
HOUSE OF UHURU,8005 S Figueroa St,Los Angeles,CA,Active,323-778-5290,-118.2829737,33.96646538
Rubidoux Community Health Center,5256 Mission Blvd,Jurupa Valley,CA,Active,951-955-0840,-117.39754473,33.99172727
Brighter Beginnings Family Health Clinic Antioch Lone Tree,"3505 Lone Tree Way, Suite 1",Antioch,CA,Active,510-610-8945,-121.80634567,37.98768641
FamilyHealth - Youth Counseling Center,2130 National Ave,San Diego,CA,Active,619-515-2382,-117.14097903,32.69822262
"AltaMed Dental Group  -  Santa Ana, Sunflower",3601 W Sunflower Ave,Santa Ana,CA,Active,888-499-9303,-117.91806829,33.69573188
"Community Medical Centers, Mobile Community Response Team Office",2666 West Ln STE 700,Stockton,CA,Active,833-311-2273,-121.28192042,37.9801872
"INLAND BEHAVIORAL AND HEALTH SERVICES, INC.",1963 N E St,San Bernardino,CA,Active,909-881-6146,-117.29379152,34.13319879
"AACI Jackson Health Center, Suite 5","266 N Jackson Ave, Suite 5",San Jose,CA,Active,408-975-2763,-121.84868736,37.36469437
"Clinicas del Camino Real, Inc. - Paseo Camarillo",730 Paseo Camarillo,Camarillo,CA,Active,805-720-7021,-119.06010579,34.22046442
"Unicare Community Health Center, Inc. - Riverside",5549 Van Buren Blvd,Riverside,CA,Active,951-324-5901,-117.45304793,33.94002819
CHSI Mobile Wellness Clinic 1,9380 Magnolia Ave,Riverside,CA,Active,951-571-2377,-117.44410394,33.9213474
Ampla Health Los Molinos Medical,7981 State Highway 99e,Los Molinos,CA,Active,530-384-4010,-122.1005441,40.0275738
United Health Centers Fresno California,122 E California Ave,Fresno,CA,Active,559-646-6618 x0010,-119.81074503,36.72101664
St. Jude Neighborhood Health Centers' Mobile Clinic,731 S Highland Ave,Fullerton,CA,Active,714-446-5100,-117.92957464,33.86360879
San Ysidro Health Mobile Health Services 1H,4004 Beyer Blvd,San Ysidro,CA,Active,619-662-4100,-117.04746943,32.55870002
The Children's Clinic Family Health Center at Cesar Chavez Elementary School,730 W 3rd St,Long Beach,CA,Active,844-822-4646,-118.20130001,33.76999001
KARUK TRIBAL HEALTH YREKA CLINIC,1519 S Oregon St,Yreka,CA,Active,530-842-9200,-122.64287218,41.716945
"Unicare Community Health Center, Inc.","570 S Mount Vernon Ave, Suite G",San Bernardino,CA,Active,909-884-6700,-117.31511223,34.0909804
BACHC AV College Site,3041 W Avenue K,Lancaster,CA,Active,661-874-4050,-118.18519999,34.6779
Lexington Community Health Center,325 S Lexington St,Delano,CA,Active,833-678-2791,-119.24126017,35.76039274
"AltaMed General Pediatrics - Westlake, 3rd Street","2100 W 3rd St, Suite 200",Los Angeles,CA,Active,888-499-9303,-118.2731092,34.06281741
DAP Health - Mobile,1695 N Sunrise Way,Palm Springs,CA,Active,760-323-2118,-116.52867715,33.84336167
CLCHC Specialty Medical Services,"23792 Rockfield Blvd, Suite 250",Lake Forest,CA,Active,949-866-3600,-117.71534635,33.62661869
SCFHC-Montebello,2417 W Whittier Blvd,Montebello,CA,Active,323-908-4200,-118.127897,34.01393525
Via Care Primary 607,607 S Atlantic Blvd,Los Angeles,CA,Active,323-268-9191,-118.15649405,34.02453236
Cali-Med Corporation,3314 Firestone Blvd,South Gate,CA,Active,213-338-8387,-118.21062278,33.95446137
Wesley Health Centers- Mobile Health Clinic V,515 E 6th St,Los Angeles,CA,Active,213-622-2639,-118.24476881,34.04212941
North East Medical Services - Sullivan Suite 190,"1850 Sullivan Ave, Ste 190",Daly City,CA,Active,888-500-1886,-122.47289221,37.68094492
Mobile Medical Center,4600 Broadway,Sacramento,CA,Active,916-874-9670,-121.45266758,38.54612635
LAKEVIEW HEALTH CENTER,5335 Lakeshore Blvd,Lakeport,CA,Active,707-468-1010,-122.90405697999999,39.10554601
United Health Centers Fresno Wayte Lane 2200,290 N Wayte Ln,Fresno,CA,Active,559-646-6618 x0010,-119.78317561,36.74652859
Wilmington Community Clinic,1009 N Avalon Blvd,Wilmington,CA,Active,310-549-5760,-118.2628552,33.78315576
Gracelight Community Health - Eagle Rock,4448 York Blvd,Los Angeles,CA,Active,323-953-7330,-118.21893671,34.12363231
Marin Community Clinic - Novato Administration Commercial,"9 Commercial Blvd, Suite 100",Novato,CA,Active,415-448-1500,-122.53296523,38.06884025
CHC ADMINISTRATIVE BETTERAVIA,1075 E Betteravia Rd,Santa Maria,CA,Active,805-346-3900,-120.41926332,34.92431387
Family HealthCare Network - Squaw Valley,30924 E Kings Canyon Rd,Squaw Valley,CA,Active,877-960-3426,-119.24574248,36.74133793
HealthRIGHT 360 Integrated Care Center,"1563 Mission St, #2",San Francisco,CA,Active,415-746-1940,-122.41820021,37.77309267
Luther Burbank High School,3500 Florin Rd,Sacramento,CA,Active,916-433-5100,-121.46745032,38.49585614
GHVC - Modesto Florida Suites,1510 Florida Ave,Modesto,CA,Active,209-574-1365,-120.99612141,37.66605707
Garfield Health Center Rosemead,7740 Garvey Ave,Rosemead,CA,Active,626-312-9554,-118.10061232,34.06253155
Omni Family Health,655 S Central Valley Hwy,Shafter,CA,Active,866-707-6664,-119.26564212,35.49505085
CHCA Fresno Primary Care Suite 301,1300 N Fresno St,Fresno,CA,Active,209-441-6383,-119.7812979,36.75990984
Hansen Family Health Center,215 W Beamer St,Woodland,CA,Active,530-666-8960,-121.79366502,38.68404897
LA CLINICA MONUMENT,2000 Sierra Rd,Concord,CA,Active,925-363-2000,-122.03683912,37.95221235
Complete Care Community Health Center-Vista,"2023 W Vista Way, Suite J",Vista,CA,Active,310-706-2594,-117.2853367,33.18586012
SAC Barstow Suite 102,801 E Mountain View St,Barstow,CA,Active,909-382-7100,-117.017684,34.8935949
Hilmar Lander Ave Center,"7970 Lander Ave, Suite A",Hilmar,CA,Active,209-850-3500,-120.84838843,37.40383908
FHCCGLA School Based Health Center,6119 Agra St,Bell Gardens,CA,Active,562-928-9600,-118.15350003,33.97621999
CLCHC- Kristina Sergeyeva Family Health Center,"27800 Medical Center Rd, Suite 110",Mission Viejo,CA,Active,949-866-3600,-117.66372615,33.56123737
AltaMed Dental Group at Heroes Elementary School,1111 W Civic Center Dr,Santa Ana,CA,Active,888-499-9303,-117.88149696,33.75154752
GVHC  - Patterson,200 C St,Patterson,CA,Active,209-892-8441,-121.12578199,37.46726971
WMCHC-Primary Care Solutions,"1701 E Cesar E Chavez Ave, Suite 456",Los Angeles,CA,Active,323-987-1200,-118.21737801,34.05112294
Arcohe Elementary School,11755 Ivie Rd,Herald,CA,Active,209-748-2313 x1200,-121.24188384,38.29464327
Angeles Community Health Center - Gardena,1030 W Gardena Blvd,Gardena,CA,Active,866-981-3002,-118.29255404,33.88127247
Silver Creek SB Health Clinic,3434 Silver Creek Rd,San Jose,CA,Active,408-729-9700,-121.80590001,37.30441001
Frazier Mountain Community Health Center,704 Lebec Rd,Lebec,CA,Active,661-248-5250,-118.88379153,34.82056351
The S. Mark Taper Foundation Children's Clinic Family Health Center,455 E Columbia St STE 201&6,Long Beach,CA,Active,844-822-4646,-118.1874309,33.80900823
Bayview Hunters Point Clinic,6301 3rd St,San Francisco,CA,Active,415-339-8813,-122.39613519,37.72066286
Domestic Violence Solutions,Anonymous,Santa Maria,CA,Active,805-925-2160,-120.41553999,34.95301899
Family Health Services - Fairfield Pediatric Clinic,2101 Courage Dr,Fairfield,CA,Active,707-784-2120,-122.06763683,38.23661133
Aria Community Health Center,755 Sequoia Ave,Lindsay,CA,Active,559-562-9399,-119.09651418,36.21173065
SJCH Mobile #1,808 West 58Th Street,Los Angeles,CA,Active,323-541-1411,-118.28724754,33.98968108
The ROADS Foundation - ROADS Mobile 3,4800 E Los Coyotes Diagonal,Long Beach,CA,Active,310-627-5850,-118.13765832,33.79290194
Morongo Basin Community Health Center-SR,6380 Split Rock Ave,Twentynine Palms,CA,Active,760-365-9305,-116.06067686,34.13778214
Casa del Sol II,"1450 Fruitvale Ave, #E",Oakland,CA,Active,510-535-4000,-122.22517797,37.77824297
San Ysidro Adult Day Healthcare Center,3364 Beyer Blvd,San Ysidro,CA,Active,619-662-4100,-117.06078576,32.56670021
Brighter Beginnings Family Health Center Antioch Downtown,512 W 5th St,Antioch,CA,Active,510-236-6990,-121.81321238,38.01486599
San Diego PACE Chula Vista,880 3rd Ave,Chula Vista,CA,Active,619-662-4100,-117.07289267,32.6213366
Yehowa Medical Services - South Gate,"5720 Imperial Hwy, #L",South Gate,CA,Active,323-776-1500,-118.168954,33.92933598
GVHC  - Merced Suites,847 W Childs Ave,Merced,CA,Active,209-383-7441,-120.49661798,37.28948376
PV High School,500 Harkins Slough Rd,Watsonville,CA,Active,831-728-0222,-121.79205386,36.91409193
Aria Community Health Center Riverdale,3554 W Mount Whitney Ave,Riverdale,CA,Active,559-867-4000,-119.86194044,36.43106339
Aria Community Health Center - AMC,148 E Kings St,Avenal,CA,Active,559-386-9000,-120.13654332,36.00230825
LifeLong Dental Clinic,1860 Alcatraz Ave,Berkeley,CA,Active,510-653-8500,-122.26985452,37.84869509
CSC - Community Health Center Suite 400B,767 N Hill St STE 400B,Los Angeles,CA,Active,213-808-1792,-118.23970774,34.06255556
SJCH Mobile #2,1555 W 110th St,Los Angeles,CA,Active,323-541-1411,-118.30317886,33.93624062
Wesley Health Centers - Zonal Ave,1774 Zonal Ave,Los Angeles,CA,Active,323-352-5650,-118.2096556,34.0612386
Shasta Cascade Health Centers - Mt. Shasta,824 Pine St,Mount Shasta,CA,Active,530-926-4528,-122.32059999,41.31755
Watsonville Health Center-Building F,1430 Freedom Blvd STE F,Watsonville,CA,Active,831-454-8200,-121.76521441,36.9271325
Via Care Bellflower Health Center,10230 Artesia Blvd,Bellflower,CA,Active,323-268-9191,-118.11615873,33.87222069
Omni Family Health,525 Roberts Ln,Bakersfield,CA,Active,866-707-6664,-119.031625,35.408192
Wesley Health Centers - San Julian Oasis,628 San Julian St,Los Angeles,CA,Active,866-733-5924,-118.2465275,34.0419259
Via Care Whittier Dental Clinic,5017 Whittier Blvd,Los Angeles,CA,Active,323-268-9191,-118.16121733,34.02146525
HCHC-Garvey School Based,7423 Newmark Ave,Rosemead,CA,Active,626-286-8700,-118.10715355,34.06046617
MCC Goes to School,208 Dana St,Fort Bragg,CA,Active,707-964-1251,-123.78856731,39.44006137
San Ysidro Health San Diego PACE Vista,1840 West Dr,Vista,CA,Active,619-662-4100,-117.28089999,33.18993997
CSVS - ALVIN CLINIC,620 E Alvin Dr STE G,Salinas,CA,Active,831-444-9722,-121.63210501,36.70361128
Community Health Centers of America Gustine Specialty,554 5th St,Gustine,CA,Active,209-933-9360,-120.99834588,37.25412584
"Ampla Health Lindhurst Medical ,Dental and Xpress Care",4941 Olivehurst Ave,Olivehurst,CA,Active,530-743-4611,-121.55107062,39.0972693
Clinicas Del Camino Real Inc - Newbury Park,1000 Newbury Rd STE 150,Newbury Park,CA,Active,805-498-3640,-118.90428914,34.18343422
VCC:  VALE TERRACE,1000 Vale Terrace Dr,Vista,CA,Active,760-631-5000,-117.22873396,33.20967898
Shasta Cascade Health Centers - Dunsmuir,4309 Stagecoach Rd,Dunsmuir,CA,Active,530-235-4138,-122.27681477,41.222645730000004
Family HealthCare Network - Pixley Health Center,927 S Center St,Pixley,CA,Active,877-960-3426,-119.29152172,35.96567268
Granite Hill Elementary School,9371 Granite Hill Dr,Jurupa Valley,CA,Active,760-520-8300,-117.48910537,34.0207157
Dudley Elementary School,8000 Aztec Way,Antelope,CA,Active,916-338-6470,-121.38130003,38.71501998
Lincoln Elementary School,225 11th St,Oakland,CA,Active,510-874-3372 x51098,-122.26745747,37.80025829
COMMUNITY HEALTH CENTERS GUADALUPE,"4723 W Main St, Suite H",Guadalupe,CA,Active,805-343-5577,-120.57836291,34.95794307
La Maestra Family Clinic Inc.,"4305 University Ave, Ste 300",San Diego,CA,Active,619-269-1267,-117.1014359,32.74959384
Tarzana Treatment Centers- Antelope Valley Family Medical Clinic,907 W Lancaster Blvd,Lancaster,CA,Active,661-723-4829,-118.14724076,34.69745208
Van Nuys Adult Health Center,14624 Sherman Way,Van Nuys,CA,Active,818-988-6335,-118.451186,34.20016701
Eisner Pediatric & Family Medical Center at Lynwood Suite 250,3680 E Imperial Hwy,Lynwood,CA,Active,213-747-5542,-118.20125307,33.93176146
Healthy Beginnings French Camp,500 W Hospital Rd,French Camp,CA,Active,209-468-6131,-121.28249382,37.88652044
Wesley Health Centers - Downey,8530 Firestone Blvd,Downey,CA,Active,562-295-6596,-118.1291988,33.93709754
TrueCare,103 Rancho del Oro Dr,Oceanside,CA,Active,760-736-6767,-117.31721601,33.22930428
SOUTH CENTRAL FAMILY HEALTH CENTER,4425 S Central Ave,Los Angeles,CA,Active,323-908-4200,-118.25678318,34.00306492
Valley Health Center Sunnyvale,660 S Fair Oaks Ave,Sunnyvale,CA,Active,408-992-4980,-122.02363578,37.36490379
San Fernando Community Health Center - Mission Hills,11134 Sepulveda Blvd STE 110,Mission Hills,CA,Active,818-963-5690,-118.4676427,34.27316341
Elm Dental Center,2756 S Elm Ave,Fresno,CA,Active,559-457-5345,-119.791929,36.70091998
Omni Family Health,"3409 Calloway Dr, Suite 300",Bakersfield,CA,Active,866-707-6664,-119.1103703,35.39164709
SAC Health System Downtown Clinic,250 S G St,San Bernardino,CA,Active,909-382-7100 x08649,-117.29938091,34.09701256
Aria Community Health Center,229 W Cherry Ave,Porterville,CA,Active,559-789-0277,-119.02166336,36.06886476
SAC Brier,1003 E Brier Dr,San Bernardino,CA,Active,909-382-7100,-117.26405119,34.07123419
Garfield Health Center Ste. 305,"210 N Garfield Ave, Suite 305",Monterey Park,CA,Active,626-300-9939,-118.12264499,34.06394101
"Central City Community Health Center, Inc.- Horace Mann Elementary",600 W LA Palma Ave,Anaheim,CA,Active,323-724-0019,-117.92541252,33.84654969
"Unicare Community Health Center, Inc. - San Bernardino 190",190 E Highland Ave,San Bernardino,CA,Active,909-882-4788,-117.28282699,34.13626099
Family HealthCare Network - Cutler / Orosi Health Center,12586 Avenue 408,Orosi,CA,Active,877-960-3426,-119.29056704,36.53035313
Gardner Specialty Service Center,160 E Virginia St,San Jose,CA,Active,408-287-6200,-121.87761264,37.3255889
San Diego Community Health Center - Mobile Unit #3,2630 1st Ave,San Diego,CA,Active,619-234-2158,-117.16419406,32.73288024
JWCH Institute Corporate Headquarters - Annex,5657 E Washington Blvd,Commerce,CA,Active,323-201-4516,-118.15670996,33.999605
APLA Health & Wellness - Long Beach Center,1043 Elm Ave STE 302,Long Beach,CA,Active,562-247-7740,-118.18835458,33.77970589
DAP Health - Desert Hot Springs Health and Wellness Center,11750 Cholla Dr STE B,Desert Hot Springs,CA,Active,760-251-0022,-116.51450034,33.96390492
Fillmore Community School,555 Central Ave,Fillmore,CA,Active,805-524-6077,-118.91476769,34.40362501
Suite 250 Admin Office,"801 S Chevy Chase Dr, Suite 250",Glendale,CA,Active,818-265-2264,-118.24036454,34.13682589
CSC - Community Health Center Chinatown,"711 W College St, Ste M88",Los Angeles,CA,Active,213-808-1792,-118.24138236,34.06541119
Eisner Health Intergenerational Health Center,"15477 Ventura Blvd, Suite 300",Sherman Oaks,CA,Active,818-907-0322,-118.47127089,34.15484166
Neighborhood Healthcare ~ Mollison,470 N Mollison Ave,El Cajon,CA,Active,760-520-8300,-116.95192923,32.79986636
CMOAR - A Community of Friends,9130 S Figueroa St,Los Angeles,CA,Active,213-480-0809,-118.28268251,33.95331799
Excelsior Clinic,4836 Mission St,San Francisco,CA,Active,415-552-3870 x2225,-122.43818552,37.72051161
Potter JHS School-Based Health Center,1743 Reche Rd,Fallbrook,CA,Active,760-451-4720,-117.22250662,33.36874106
Omni Family Health,1451 White Ln,Bakersfield,CA,Active,866-707-6664,-119.01910797,35.31708038
Santo Nino Health Center,"14427 Chase St, Suite 100",Panorama City,CA,Active,818-830-7751,-118.44788093,34.2250828
El Cerrito Family Counseling Center,5472 El Cajon Blvd STE 101,San Diego,CA,Active,619-515-2300,-117.07689092,32.75826077
United Health Centers Delano,611 Cecil Ave,Delano,CA,Active,559-646-6618 x0010,-119.25104998,35.776465
Valley Health Center Lundy,1996 Lundy Ave,San Jose,CA,Active,408-792-5200,-121.89011835,37.39531636
DAP Health - Centro Medico Escondido,1121 E Washington Ave,Escondido,CA,Active,760-871-0606,-117.06892995,33.13146899
Universal Community Health Center  -  Mobile Unit 2,2801 S San Pedro St,Los Angeles,CA,Active,323-233-3100,-118.26265169,34.01983187
CRENSHAW COMMUNITY HEALTH CTR,3756 Santa Rosalia Dr,Los Angeles,CA,Active,323-568-5460,-118.33916799000001,34.00913707
Ampla Health Hamilton City Medical,278 Main St,Hamilton City,CA,Active,530-826-3694,-122.01152754,39.74153121
JWCH PATH Clinic,320 N Madison Ave,Los Angeles,CA,Active,866-733-5924,-118.2891406,34.07697089
Omni Family Health,1530 E Manning Ave,Reedley,CA,Active,866-707-6664,-119.43276005,36.60418865
Benevolence Health Center- Alvarado,"2065 W 6th St, Ste 110",Los Angeles,CA,Active,213-263-2468,-118.27444477,34.05936747
AltaMed Patient Service Center,401 N East St,Anaheim,CA,Active,888-499-9303,-117.90389458,33.84172624
"Community Medical Centers, Gleason House",423 S San Joaquin St,Stockton,CA,Active,209-954-7700,-121.28641504,37.94876848
CSC Health - Pasadena,193 E Orange Grove Blvd,Pasadena,CA,Active,213-808-1792,-118.14640919,34.15816286
Searls Avenue,590 Searls Ave,Nevada City,CA,Active,539-292-3478,-121.02496496,39.25172099
SJCH San Jacinto Health Center,1821 S San Jacinto Ave STE D,San Jacinto,CA,Active,323-541-1600,-116.95864288,33.76806339
La Clinica Vallejo Great Beginnings Administrative & Support Services,170 Hospital Dr,Vallejo,CA,Active,707-641-1900,-122.2393247,38.13111284
West Sacramento Administration Site,"1450 Halyard Dr, Suite 11 A",West Sacramento,CA,Active,530-753-3498,-121.55095428,38.57092522
WellSpace Health - Rancho Cordova Community Health Center,10423 Old Placerville Rd STE A,Sacramento,CA,Active,916-569-8600,-121.30683403,38.57038521
Ampla Health Mobile Unit,2800 Lincoln Blvd,Oroville,CA,Active,530-434-7118,-121.55183161,39.50143876
OLE Health - Fairfield,"470 Chadbourne Rd, Suite A",Fairfield,CA,Active,707-419-8989,-122.08306926,38.23477092
San Ysidro Health San Diego PACE/Senior Health Services,3364 Beyer Blvd STE 102,San Ysidro,CA,Active,619-662-4100,-117.06110503,32.56618569
Families Together of Orange County,"661 W 1st St, Suite G",Tustin,CA,Active,714-665-9890,-117.83117931,33.74622476
MCCLYMONDS HIGH SCHOOL,2607 Myrtle St,Oakland,CA,Active,510-835-1393,-122.27900002,37.81822
Centro Medico- Holt,502 West Holt Avenue,Pomona,CA,Active,951-278-3196,-117.75710273,34.06217758
ROADS Community Clinic - Gardena,"14111 Van Ness Ave, Ste 2",Gardena,CA,Active,310-516-9152,-118.31786437,33.90372432
County of Monterey - Clinic Services Finance / Billing,1441 Schilling Pl,Salinas,CA,Active,831-796-1359,-121.62018486,36.65271917
Unicare-Ontario HQ expanded,123 W E St,Ontario,CA,Active,909-988-2555,-117.65193189,34.06789463
Redwoods Rural Health Center - Fortuna,930 S Fortuna Blvd,Fortuna,CA,Active,707-923-2783,-124.1474,40.5814
Families Together of Orange County - Magnolia,"14571 Magnolia St, Suite 101",Westminster,CA,Active,714-665-9890,-117.9728753,33.751134
Complete Care Community Health Center - Fresno,276 N Abby St,Fresno,CA,Active,310-730-6362,-119.78928124,36.74668387
AltaMed Pharmacy and Infusion Center - Bellflower,9056 Rosecrans Ave,Bellflower,CA,Active,888-499-9303,-118.14076825,33.90381661
The La Amistad Mobile Clinic,1934 E Taft Ave,Orange,CA,Active,714-771-8006,-117.83392002,33.81746247
Yehowa Medical Services - Mobile Unit # 1,5720 Imperial Hwy,South Gate,CA,Active,323-776-1500,-118.16900496,33.92919999
Winters Healthcare 172 E. Grant Avenue,172 E Grant Ave,Winters,CA,Active,530-795-4377,-121.96655209,38.52614314
Saint Youstina Dental,"809 S Main St, Suite B",Santa Ana,CA,Active,657-232-0681,-117.86767797,33.73796125
Family HealthCare Network  -  Visalia Court Street,1922 S Court St,Visalia,CA,Active,559-625-0888,-119.29110559,36.3134611
Tarzana Treatment Centers-Northridge,8330 Reseda Blvd,Northridge,CA,Active,818-534-1820,-118.53575999,34.221614
Comprehensive Community Health Center - Arleta,9043 Woodman Ave,Arleta,CA,Active,818-221-3096,-118.43972442,34.23394625
United Health Centers Visalia Mooney,4038 S Mooney Blvd,Visalia,CA,Active,559-646-6618 x0010,-119.31221189,36.29397866
LifeLong Street Medicine Van #5,2730 Adeline St,Oakland,CA,Active,510-981-4177,-122.2818538,37.82001121
"Clinicas del Camino Real, Inc. - Newbury Park Dental",1000 Newbury Rd STE 195,Newbury Park,CA,Active,805-498-8238,-118.90415403,34.18337387
Omni Family Health,1701 Stine Rd,Bakersfield,CA,Active,866-707-6664,-119.05191902,35.3382873
Mobile Health Clinic #5,1999 Mowry Ave,Fremont,CA,Active,510-770-8040,-121.9813878,37.55844202
MOBILE CLINIC SITE,"MULTIPLE SITES EAST,CENTR,WEST",Martinez,CA,Active,925-313-6166,-122.11294496,37.99409701
LifeLong Dental Van,2344 6th St,Berkeley,CA,Active,510-981-4100,-122.29610866,37.86195187
Mayview Community Health Center Mountain VIew a member of Ravenswood Family Health Network,900 Miramonte Ave FL 2,Mountain View,CA,Active,650-965-3323,-122.0883175,37.38720955
"Central City Community Health Center, Inc. - Baldwin Park 2",4160 N Maine Ave,Baldwin Park,CA,Active,626-653-0800,-117.9603509,34.08852617
Aria Community Health Center,1000 Skyline Blvd STE A,Avenal,CA,Active,559-386-4500,-120.12160467,36.00791122
CLINICA ALTA VISTA,1515 Fruitvale Ave,Oakland,CA,Active,510-535-6300,-122.22540604,37.7792061
Sierra Vista Family Medical Clinic,1227 E Los Angeles Ave,Simi Valley,CA,Active,805-582-4000,-118.77601685,34.27370803
SVCHC Vision Center,"19312 Sonoma Hwy, Suite B",Sonoma,CA,Active,707-755-7003,-122.47525071,38.29813613
"Unicare Community Health Center, Inc. - Fontana #2",17500 Foothill Blvd STE A2,Fontana,CA,Active,909-428-0170,-117.42188704,34.10670749
Altura Centers for Health West Tulare,1500 W Tulare Dr,Tulare,CA,Active,559-686-9097,-119.36862093,36.2068093
AltaMed Medical and Dental Group - Anaheim,1325 N Anaheim Blvd,Anaheim,CA,Active,888-499-9303,-117.9207272,33.85319356
AltaMed Medical Group: William Mead,268 Bloom St,Los Angeles,CA,Active,888-499-9303,-118.22962095,34.0636911
Clinicas del Camino Real Inc. - Corporate Flynn,1040 Flynn Rd,Camarillo,CA,Active,805-659-1740,-119.01778363,34.22777868
Northeast Community Clinic,"1414 S Grand Ave, Ste 200",Los Angeles,CA,Active,213-419-9600,-118.26569993,34.03663977
DAP Health - Centro Medico Thermal - 88775 Avenue 76,"88775 76th Ave, #1",Thermal,CA,Active,760-397-2501,-116.11529996,33.498212
Del Mar Elementary,1959 Merrill St,Santa Cruz,CA,Active,831-477-2063,-121.98516586,36.96518324
"Central City Community Health Center, Inc. - SLA",5970 S Central Ave,Los Angeles,CA,Active,323-234-3280,-118.25621472,33.9856345
"Community Medical Centers, TUSD Student Wellness Center",164 W Grant Line Rd,Tracy,CA,Active,209-650-4000,-121.42755364,37.75340073
CHLA Division of Adolescent and Young Adult Medicine,5000 W Sunset Blvd STE 440,Los Angeles,CA,Active,323-361-2153,-118.29864023,34.09810959
Diamond Neighborhoods Family Health Center Building A,4725 Market St,San Diego,CA,Active,619-515-2560,-117.09309146,32.71101881
AltaMed Pharmacy - Huntington Park,1900 E Slauson Ave,Huntington Park,CA,Active,888-499-9303,-118.23702704,33.988949
FamilyHealth at City College,1550 Broadway STE 2,San Diego,CA,Active,619-515-2300,-117.14992286,32.71580237
T.H.E. Clinic Inc. at Lennox School District,10223 Firmona Ave,Inglewood,CA,Active,323-730-1920,-118.35715446,33.94302082
St. Jude Neighborhood Health Centers,731 S Highland Ave,Fullerton,CA,Active,714-446-5100,-117.92957464,33.86360879
APLA Health & Wellness Center - Baldwin Hills,3743 S LA Brea Ave,Los Angeles,CA,Active,323-329-9900,-118.35577899,34.01873967
Tri-State Community Healthcare Center,820 W Broadway St,Needles,CA,Active,760-326-0222,-114.60513733,34.83925385
Windsor Wellness Center,"8499 Old Redwood Hwy, Ste 110",Windsor,CA,Active,707-433-5494,-122.80168108,38.54399303
VCC: Vista Village Pediatrics,950 Civic Center Dr,Vista,CA,Active,760-631-5000,-117.23466398,33.19293697
Tri-State Community Healthcare Center,11328 Bartlett Ave STE 3,Adelanto,CA,Active,760-237-8848,-117.41718596,34.57920753
LifeLong Berkeley Trust Health Center,830 University Ave,Berkeley,CA,Active,510-981-4000,-122.29719453,37.86780206
AltaMed Medical Group - Bellflower,10234 Rosecrans Ave,Bellflower,CA,Active,888-499-9303,-118.11434321,33.90201048
A WOMAN'S PLACE,1049 Howard St,San Francisco,CA,Active,415-255-3525,-122.40823061,37.77856488
Center High School,3111 Center Court Ln,Antelope,CA,Active,916-338-6420,-121.38975427,38.72022238
Orange and Butler Community Health Center,1350 S Orange Ave,Fresno,CA,Active,559-457-5400,-119.7640523,36.72886746
AltaMed Medical and Dental Group: El Monte,"10418 Valley Blvd, Suite B",El Monte,CA,Active,888-499-9303,-118.04589223,34.07598844
Serve the People Mobile Vision Clinic 2,"1206 E 17th St, Suite 101",Santa Ana,CA,Active,714-352-2911,-117.8540381,33.75970793
AltaMed Pharmacy - Anaheim,1325 N Anaheim Blvd STE 102,Anaheim,CA,Active,888-499-9303,-117.91996017,33.85330646
LA CLINICA NORTH VALLEJO,210 Hospital Dr,Vallejo,CA,Active,707-645-7316,-122.23888339,38.13169308
Centro Medico Community Clinic Los Angeles Ste 101,"231 W Vernon Ave, Suite 101",Los Angeles,CA,Active,323-231-5181,-118.27726998,34.00393999
TrueCare,"3220 Mission Ave, Ste 1",Oceanside,CA,Active,760-736-6700,-117.34748381,33.21403593
Ibarra Family Health Center,4874 Polk Ave,San Diego,CA,Active,619-515-2426,-117.08903797,32.75217299
All For Health-North Central Ave,"500 N Central Ave, Ste 440",Glendale,CA,Active,818-839-4160,-118.25794273,34.1532302
Peninsula Healthcare Connection,"33 Encina Ave, Apartment 103",Palo Alto,CA,Active,650-853-0321,-122.16086589,37.43928715
"TIBURCIO VASQUEZ HEALTH CENTER, INC.",33255 9th St,Union City,CA,Active,510-471-5907,-122.02642134,37.60261348
San Mateo County Homeless Navigation Center,"275 Blomquist St, Unit B",Redwood City,CA,Active,650-385-8883,-122.22053029,37.49431891
Mission City Community Network- La Puente,1025 Willow Ave,La Puente,CA,Active,818-895-3100,-117.97096481,34.05432919
"Community Medical Centers, Mariposa Road",2015 S Mariposa Rd,Stockton,CA,Active,209-751-1900,-121.24493141,37.93877088
Family HealthCare Network - Bakersfield Stockdale Hwy,"9610 Stockdale Hwy, Unit C",Bakersfield,CA,Active,877-960-3426,-119.10956824,35.35551207
Valley Health Center East Valley,1993 McKee Rd,San Jose,CA,Active,408-254-6311,-121.85317285000001,37.36596255
MISSION NEIGHBORHOOD RESOURCE CT,165 Capp St,San Francisco,CA,Active,415-869-7977,-122.41833021,37.76405878
Pajaro Resource Center,250 Salinas Rd STE 4A,Royal Oaks,CA,Active,831-728-0222,-121.74899996,36.89919
Ravenswood Family Health Center at 1846 Bay Road,1846 Bay Rd,East Palo Alto,CA,Active,650-330-7400,-122.13326064,37.47227008
GVHC - Wellness on Wheels 073,2101 Tenaya Dr,Modesto,CA,Active,209-576-6766,-120.95675228,37.63269395
Windsor Dental Clinic,"8499 Old Redwood Hwy, Ste 200",Windsor,CA,Active,707-433-5494,-122.80168108,38.54399303
McHenry Medical Office,"1209 Woodrow Ave, Suite B 10",Modesto,CA,Active,209-558-7541,-121.01110548,37.68613587
San Ysidro Health IDSP Mobile Unit,4004 Beyer Blvd,San Ysidro,CA,Active,619-662-4100,-117.04746943,32.55870002
Student Health & Wellness Center,855 N Vermont Ave,Los Angeles,CA,Active,323-953-4000 x2485,-118.29207996,34.08851398
CMCC- 6th Street Wellness,"1307 W 6th St, Suite 127",Corona,CA,Active,951-278-8910,-117.58997395,33.87794473
Alisal Health Center,"559 E Alisal St, Suite 201",Salinas,CA,Active,831-796-8800,-121.63585231,36.67418984
"T.H.E. Clinic, Inc. - Western",3834 S Western Ave,Los Angeles,CA,Active,323-730-1920,-118.30874319,34.01633335
Oceanside Family Counseling Center,"2201 Mission Ave, Ste 100",Oceanside,CA,Active,760-826-2026,-117.36113265,33.20741641
Silva Pediatric Clinic,680 Tennyson Rd,Hayward,CA,Active,510-780-9110,-122.0547775,37.63642031
Mobile Health Clinic #1,40910 Fremont Blvd,Fremont,CA,Active,510-770-8040,-121.96027002,37.53434271
"T.H.E. Clinic, Inc.,  at La Brea",3721 S La Brea Ave,Los Angeles,CA,Active,323-730-1920,-118.35584613,34.01899787
AltaMed Dental Group at Esplanade Elementary School,381 N Esplanade St,Orange,CA,Active,888-499-9303,-117.81003495,33.7933352
"Central City Community Health Center, Inc - Ramona",14362 Ramona Blvd,Baldwin Park,CA,Active,323-724-0019,-117.96055432,34.08601144
Specialty Services Center,"3801 San Dimas St, Suite B",Bakersfield,CA,Active,661-328-4000,-119.00843001,35.39459928
"Centro Medico Community Clinic, Inc.-Administrative Site",1303 W 6th St STE 101,Corona,CA,Active,951-278-8910,-117.58916887,33.87785513
Fillmore Middle School,543 A St,Fillmore,CA,Active,NA,-118.92139996,34.40249999
John K Flynn Community Clinic,3100 N Rose Ave,Oxnard,CA,Active,805-983-6644,-119.15490847,34.2327499
6th Street Health Center,593 W 6th St,San Pedro,CA,Active,310-547-0202,-118.28982297,33.73851299
"SALUD PARA LA GENTE, INC.",204 E Beach St,Watsonville,CA,Active,831-728-0222,-121.75424703,36.91206301
Monterey Plaza Health Clinic,5504 Monterey Hwy,San Jose,CA,Active,408-729-4290,-121.8005759,37.25528262
Morongo Basin Community Health Center-YV,"58375 29 Palms Hwy, Suite A",Yucca Valley,CA,Active,760-365-9305,-116.39007132,34.13098287
Woodridge Elementary School,5761 Brett Dr,Sacramento,CA,Active,916-566-1650,-121.35129575,38.67310657
Axis Community Health - Second Street,1686 2nd St,Livermore,CA,Active,925-462-1755,-121.77495913,37.67915978
Serenity Atlantic Clinic,780 Atlantic Ave,Long Beach,CA,Active,562-624-1111,-118.1846217,33.77630054
Omni Family Health,2101 7th St,Wasco,CA,Active,866-707-6664,-119.34990003,35.59334698
Innercare Mecca Dental,91275 66th Ave,Mecca,CA,Active,760-396-0521,-116.074163,33.56830198
Huron Dental Center,36652 S Lassen Ave,Huron,CA,Active,559-693-2462,-120.10338442,36.20011478
WEDOCCAV Mobile Van,43322 Gingham Ave,Lancaster,CA,Active,661-874-4050,-118.1217866,34.67014091
LifeLong Project Pride,2545 San Pablo Ave,Oakland,CA,Active,510-446-7150,-122.275229,37.81633722
Serve The People Dental Clinic,1206 E 17th St STE 104,Santa Ana,CA,Active,714-352-2911,-117.85394397,33.75983253
Point Reyes Community Health Center,3 6th St,Point Reyes Station,CA,Active,415-663-8666,-122.80840555,38.0691047
DAP Health - Stonewall Community Health Center,68555 Ramon Rd,Cathedral City,CA,Active,760-676-5240,-116.46478073,33.81545115
Innercare Coachella,"50249 Cesar Chavez St, Ste K",Coachella,CA,Active,760-393-0555,-116.18166594,33.68245143
Sacramento Community Clinic - Sunrise,2485 Sunrise Blvd,Gold River,CA,Active,916-642-1867,-121.26849596,38.6139139
"Community Medical Centers, Waterloo",1031 Waterloo Rd,Stockton,CA,Active,209-940-5600,-121.27269395,37.96750006
Universal Community Health Center - Mobile Unit 1,2801 S San Pedro St,Los Angeles,CA,Active,323-233-3100,-118.26265169,34.01983187
AltaMed Dental Group at Edward B. Cole Academy,333 W Walnut St,Santa Ana,CA,Active,888-499-9303,-117.87013041,33.74443728
The Children's Clinic Family Health Center Roosevelt,1574 Linden Ave,Long Beach,CA,Active,844-822-4646,-118.18642783,33.78655751
Redwood High School Teen Clinic,395 Doherty Dr,Larkspur,CA,Active,415-448-1500,-122.52420002,37.93803
AAA Mobile Unit,7451 Lankershim Blvd,North Hollywood,CA,Active,818-503-9800,-118.3879909,34.20622105
Castle family Health center @Bloss,1251 Grove Ave,Atwater,CA,Active,209-358-8425,-120.60715097,37.35148998
Burre Dental Center,959 Myrtle Ave,Eureka,CA,Active,707-442-7078,-124.14864001,40.80085801
Westmont Health Center,"1704 W Manchester Ave, Suite 202",Los Angeles,CA,Active,323-653-1990,-118.30703521,33.95981024
Family HealthCare Network - Strathmore Health Center,22817 Avenue 196,Strathmore,CA,Active,877-960-3426,-119.06245607,36.14511593
Center for Family Health & Education,6609 Van Nuys Blvd,Van Nuys,CA,Active,818-922-7844,-118.44918013,34.19104897
San Diego Community Health Center,2602 1st Ave,San Diego,CA,Active,619-234-2158,-117.16419909,32.73270556
La Maestra Mobile Medical and Dental Van,4060 Fairmount Ave,San Diego,CA,Active,619-280-4213,-117.1010567,32.75047729
GVHC  - Dos Palos,1405 California Ave,Dos Palos,CA,Active,209-382-2111,-120.62852357,36.98654858
TrueCare - Casa de Amparo,325 Buena Creek Rd,San Marcos,CA,Active,760-736-6767,-117.15995851,33.18262819
Santo Nino Maternal Fetal Clinic,"15243 Vanowen St, Ste 502",Van Nuys,CA,Active,818-830-7751,-118.46541386,34.19394118
North East Medical Services - Sullivan Suite 150,"1850 Sullivan Ave, Suite 150",Daly City,CA,Active,888-500-1886,-122.47378539,37.68093247
LifeLong East Bay Community Recovery Project West Oakland,2730 Adeline St,Oakland,CA,Active,510-981-4135,-122.2818538,37.82001121
Santa Rosa Junior College - Petaluma Campus - Student Health Services Clinic - Richard Call Building,680 Sonoma Mountain Pkwy,Petaluma,CA,Active,707-778-3919,-122.63587698,38.26615637
Madera South High School: School-Based Health Center (SBHC),705 W Pecan Ave,Madera,CA,Active,559-664-4000,-120.06734501,36.93928898
Bishop Community Health Center,"459 W Line St, Ste C",Bishop,CA,Active,760-784-7020,-118.39893515,37.36138759
Bernardo Elementary School,1122 Mountain Heights Dr RM Focr,Escondido,CA,Active,760-520-8300,-117.09132102,33.08481887
Salud at 64 Aspen Way,64 Aspen Way,Watsonville,CA,Active,831-728-0222,-121.77975618,36.93097162
Valley Health Center San Jose,750 S Bascom Ave,San Jose,CA,Active,408-885-4660,-121.93117048,37.31428871
AACI,"2400 Moorpark Ave, Suite 300",San Jose,CA,Active,408-975-2763,-121.93737862,37.31572076
TrueCare,150 Valpreda Rd,San Marcos,CA,Active,760-736-6767,-117.15697036,33.14041617
SJCH at Hyde Park Elementary School,6505 8th Ave,Los Angeles,CA,Active,323-541-1411,-118.32673083,33.98035453
COUNTY HLTH CLINIC-SANTA BARBARA,345 Camino del Circulo,Santa Barbara,CA,Active,805-681-5423,-119.76658663,34.44891067
Central Medical Clinic,3533 W Pico Blvd,Los Angeles,CA,Active,323-734-1600,-118.31987452,34.04734078
Omni Family Health,1022 Calloway Dr,Bakersfield,CA,Active,866-707-6664,-119.11107664,35.3677587
CSVS - SEASIDE CLINIC,1156 Fremont Blvd STE 101,Seaside,CA,Active,831-757-8689,-121.84895164,36.60192576
Martinez Health Center-Family Practice 1B,2500 Alhambra Ave,Martinez,CA,Active,925-370-5851,-122.13291803,38.006699
Pioneer Elementary School,980 N Ash St RM Pod,Escondido,CA,Active,760-520-8300,-117.07232542,33.13841464
Asian Health Services Pediatrics San Leandro,101 Callan Ave STE 105,San Leandro,CA,Active,510-357-7077,-122.15623841,37.72593642
Camarena Health Almond Campus Dental Care,750 E Almond Ave,Madera,CA,Active,559-664-4000,-120.04886685,36.94504043
San Ysidro Health Central Processing Center,1660 Precision Park Ln,San Ysidro,CA,Active,619-662-4100,-117.05962336,32.56600288
Noalab Dental,6424 Coldwater Canyon Ave,North Hollywood,CA,Active,818-358-2011,-118.41353391,34.18744969
GVHC -  Merced Northview,3940 Sandpiper Ave,Merced,CA,Active,209-383-1848,-120.46604717,37.33757695
Dientes  Community Dental Care - Capitola Road,1500 Capitola Rd,Santa Cruz,CA,Active,831-276-7010,-121.98522504,36.97619287
Indian Health Center of Santa Clara Valley - Forest Dental Clinic,"2039 Forest Ave, Suite 204 B",San Jose,CA,Active,408-445-3400,-121.9343463,37.32762641
Bloomington Community Health Center,18601 Valley Blvd,Bloomington,CA,Active,909-546-7560,-117.39825669,34.0701212
Renaissance High School,325 N Palm Ave,Santa Paula,CA,Active,805-659-1740,-119.073733,34.35443736
AltaMed General Pediatrics @ Children's Hospital,4650 W Sunset Blvd,Los Angeles,CA,Active,888-499-9303,-118.29064657,34.09787732
WMCHC - Family Practice - Suite 4300,1828 E Cesar E Chavez Ave,Los Angeles,CA,Active,323-987-1200,-118.21572569,34.05014259
Southern California Medical Center Mobile Clinic 2,14550 Haynes St,Van Nuys,CA,Active,818-650-6700 x6451,-118.45055409,34.18951675
Children's Hospital Los Angeles - Ruth's Place,4775 S Broadway,Los Angeles,CA,Active,323-432-2440,-118.27838351,33.99940165
Community Health Centers Casa,77 Casa St STE 201,San Luis Obispo,CA,Active,805-269-1571,-120.66507194,35.29306886
AltaMed Pharmacy - Boyle Heights,3945 Whittier Blvd,Los Angeles,CA,Active,888-499-9303,-118.18770985,34.02409575
EDCHC Mobile Medical Unit,4212 Missouri Flat Rd,Placerville,CA,Active,530-621-7700,-120.83287454,38.70673954
North East Medical Services - 939 Story Road Dental,"939 Story Rd, Unit 102",San Jose,CA,Active,888-500-1886,-121.85916499,37.33240158
"Tzu Chi Health Center, Wilmington",1355 Broad Ave,Wilmington,CA,Active,626-281-3383,-118.26183839,33.79026885
La Clinica North Vallejo Administrative Services,168 Hospital Dr,Vallejo,CA,Active,707-641-1900,-122.23899269,38.13110697
San Benito Health Foundation Mobile Health Center,351 Felice Dr,Hollister,CA,Active,831-637-5306,-121.416241,36.85326693
Roberto S. Juarez Heath Center,2100 Statham Blvd,Oxnard,CA,Active,805-920-7021,-119.1652809,34.17940378
Angeles Community Health Center - 7th Street - Fl 1,1919 W 7th St,Los Angeles,CA,Active,866-981-3002,-118.27507643,34.05582603
VCC: Torrance Pediatrics & Family Medicine,2228 Sepulveda Blvd,Torrance,CA,Active,760-631-5000,-118.32100105,33.81965363
LA CLINICA NORTH VALLEJO,220 Hospital Dr,Vallejo,CA,Active,707-641-1900,-122.23927449,38.13150771
OLE Health - South Napa Campus,300 Hartle Ct,Napa,CA,Active,707-254-1775,-122.28020257,38.2839954
Neighborhood Healthcare ~ Fallbrook,1309 S Mission Rd STE B,Fallbrook,CA,Active,760-520-8300,-117.2510936,33.36941961
United Health Centers Fresno Blackstone,1110 N Blackstone Ave,Fresno,CA,Active,559-646-6618 x0010,-119.79004408,36.75667397
SAC Hospitality Lane Administration Ste 202,"275 W Hospitality Ln, Suite 202",San Bernardino,CA,Active,909-382-7100,-117.28921534,34.06532914
DAP Health Administrative Offices II,1445 N Sunrise Way STE 100,Palm Springs,CA,Active,760-323-2118,-116.52819746,33.84244498
TrueCare Richmar Health Center,"309 Richmar Ave, Suite 102",San Marcos,CA,Active,760-566-1802,-117.16735713,33.14400849
Riverbank Elementary School,1100 Carrie St,West Sacramento,CA,Active,916-375-7600,-121.53063923,38.59959904
West End Road Services,5720 West End Rd STE 1,Arcata,CA,Active,707-269-7073,-124.07235598,40.90732758
NEIGHBORHOOD HEALTHCARE ~ Ivy,401 E Valley Pkwy,Escondido,CA,Active,760-737-6934,-117.07755032,33.12455949
Venice Family Clinic Annenberg Access Center - The People's Concern,503 Olympic Blvd,Santa Monica,CA,Active,310-392-8636,-118.48910313,34.01365906
CLINICA MONSENOR OSCAR A. ROMERO,123 S Alvarado St,Los Angeles,CA,Active,213-989-7700,-118.27088909,34.06615086
East County Wellness Center,8530 La Mesa Blvd STE 306,La Mesa,CA,Active,619-515-2300,-117.01346162,32.76875014
United Health Centers Fresno S Street,1122 S St,Fresno,CA,Active,559-646-6618 x0010,-119.78218227,36.74197642
The Hartman House,1871 Kenyon Dr,Redding,CA,Active,530-338-2423,-122.39404072,40.54260667
The Virgil,137 N Virgil Ave,Los Angeles,CA,Active,323-653-1990,-118.28711628,34.07450061
ARROYO VISTA FAMILY HEALTH CENTER ~ El Sereno Valley,4815 Valley Blvd STE C,Los Angeles,CA,Active,323-222-1134 x0,-118.1795587,34.06651585
United Health Centers Fresno Wayte Lane 1700,290 N Wayte Ln,Fresno,CA,Active,559-646-6618 x0010,-119.78317561,36.74652859
AMH Comprehensive Medical Centers - Administrative - Ste B,206 S Atlantic Blvd STE B,East Los Angeles,CA,Active,323-924-8328,-118.15096358,34.03445611
Del Sol Academy,11626 Forsythia St,Jurupa Valley,CA,Active,760-520-8300,-117.53739997,33.99771999
GVHC - Turlock Monte Vista,2240 W Monte Vista Ave,Turlock,CA,Active,209-385-5503,-120.87435171,37.52123752
Huntington Park Family Health Center,2680 Saturn Avenue,Huntington Park,CA,Active,323-588-8847,-118.22289481,33.97688246
Redwood Community Health Center - Suite C,"2350 Buhne St, Suite C",Eureka,CA,Active,707-443-4593,-124.14221185,40.7859202
AltaMed Dental Group at Esqueda Elementary,2240 S Main St,Santa Ana,CA,Active,888-499-9303,-117.86803948,33.71650609
Perris Community Health Center,308 E San Jacinto Ave,Perris,CA,Active,951-940-6700,-117.22256831,33.78707778
GVHC - West Modesto Dental,"1008 6th St, Suite A",Modesto,CA,Active,209-722-4842,-121.00442469,37.63791747
United Health Centers Fresno Church,5090 E Church Ave,Fresno,CA,Active,559-646-6618 x0010,-119.72366896,36.71404796
"MENDOCINO COAST CLINICS, INC.",205 South St,Fort Bragg,CA,Active,707-964-1251,-123.80317309,39.43045397
San Jacinto Preschool,257 S Grand Army Ave,San Jacinto,CA,Active,951-216-6100,-116.96558534,33.78672011
Venice Family Clinic - Sandy Segal Youth Health Center,4401 Elenda Street,Culver City,CA,Active,310-392-8630,-118.401556,34.00735386
Santa Cruz Women's Health Center,250 Locust St,Santa Cruz,CA,Active,831-427-3582,-122.02883642,36.97505079
Recuperative Care Center-Salt Air Lodge,510 Leibrandt Ave,Santa Cruz,CA,Active,831-454-2080,-122.0198765,36.96701292
AltaMed Dental Group at Adams Elementary School,2130 S Raitt St,Santa Ana,CA,Active,888-499-9303,-117.89611416,33.71769188
GVHC Mobile Unit - Tenaya,2101 Tenaya Dr,Modesto,CA,Active,209-383-1848,-120.95675228,37.63269395
SAN FERNANDO HEALTH CENTER,1600 San Fernando Rd,San Fernando,CA,Active,818-365-8086,-118.44882164,34.2889066
East Valley Community Health Center,1555 S Garey Ave,Pomona,CA,Active,909-620-8088,-117.75052897,34.0431585
WellSpace Health - White Rock,"10540 White Rock Rd, #100",Rancho Cordova,CA,Active,916-550-5444,-121.29712619,38.58585737
AltaMed Behavioral Health at South Gate Middle School,4100 Firestone Blvd,South Gate,CA,Active,888-499-9303,-118.21128177,33.95530895
AMH Comprehensive Medical Centers - Maywood,6017 Atlantic Blvd,Maywood,CA,Active,323-560-8880,-118.18608242,33.98470151
"SFV Health Center, Inc. dba Elevate Health Center - 8426 Sunland Blvd",8426 Sunland Blvd,Sun Valley,CA,Active,818-504-4514,-118.36531600000001,34.22351124
UMMA Health Administratiive Offices,6814 Pacific Blvd,Huntington Park,CA,Active,323-789-5610,-118.22473573,33.97755016
Artthaus/Oakland Family Health Center,"2744 E 11th St, Ste H1",Oakland,CA,Active,510-236-6990,-122.23347388,37.77817659
Riverside Neighborhood Community Health Center,7140 Indiana Ave,Riverside,CA,Active,951-358-6000,-117.39729084,33.93825412
NEVHC DUI Program,1036 N Maclay Ave,San Fernando,CA,Active,818-365-2571,-118.42583293,34.29426238
Montpelier Health Clinic,2380 Montpelier Dr STE 200,San Jose,CA,Active,408-729-9700,-121.84742714,37.36526153
Western Sierra Medical Clinic - Kings Beach,8665 Salmon Ave,Kings Beach,CA,Active,530-274-9762,-120.02137891,39.23643873
AltaMed PACE - East Los Angeles,5425 Pomona Blvd,Los Angeles,CA,Active,888-499-9303,-118.14884506,34.03357417
Eisner Health Administrative Site - 1414 S. Grand Ste 140,"1414 S Grand Ave, Suite 140",Los Angeles,CA,Active,213-747-5542,-118.26543004,34.03649501
SCHC Project HOPE Med/dent mobile II,1035 Placer St,Redding,CA,Active,530-636-6157,-122.38551356,40.58299273
Mobile Health Clinic #8,40910 Fremont Blvd,Fremont,CA,Active,760-902-5249,-121.96027002,37.53434271
DAP Health - Desert Hot Springs - Palm Avenue,12520 Palm Dr,Desert Hot Springs,CA,Active,760-676-5800,-116.50085694,33.95754867
Gardner Alum Rock Health Center,"1783 Alum Rock Ave, Suite 50",San Jose,CA,Active,408-918-2601,-121.85443282,37.35357582
UC IRVINE MOBILE MEDICINE UNIT,800 N Main St,Santa Ana,CA,Active,714-480-2443,-117.86800939,33.7513249
COMMUNITY MEDICINE INC.,"8540 Alondra Blvd, Ste B2",Paramount,CA,Active,562-602-2508,-118.15005448,33.88915054
Northeast Community Clinic - Highland Park,5420 N Figueroa St,Los Angeles,CA,Active,323-256-3884,-118.19625863,34.10759425
Omni Family Health,3800 Mall View Rd,Bakersfield,CA,Active,866-707-6664,-118.95037645,35.39424422
Neighborhood Healthcare ~ Eastside Health Center,1970 University Ave,Riverside,CA,Active,760-520-8300,-117.35449511,33.9753637
Camarena Health - Los Banos,2520 E Pacheco Blvd,Los Banos,CA,Active,559-664-4000,-120.81599732,37.0569787
Axis Community Health - Pleasanton Site,4361 Railroad Ave,Pleasanton,CA,Active,925-462-1755,-121.87433498,37.66158172
GVHC -  Planada,9235 E Broadway St,Planada,CA,Active,209-382-0253,-120.3206784,37.29032967
Family HealthCare Network - Visalia Court,536 N Court St,Visalia,CA,Active,559-737-4700,-119.29236832,36.33480301
Greenville Rancheria Medical Center,2638 Edith Ave,Redding,CA,Active,530-244-7192,-122.3994623,40.57110304
Aborn Rd Admin Offices,2726 Aborn Rd,San Jose,CA,Active,510-252-8882,-121.79374993,37.31319805
Fair Oaks Administrative Site,"6600 Mercy Ct, Suite 295",Fair Oaks,CA,Active,916-241-9844,-121.31004463,38.66638147
Wilmington Community Clinic @ Wilmington Middle School,1700 Gulf Ave,Wilmington,CA,Active,310-549-5760,-118.27427303,33.79746509
LifeLong Street Medicine Van #1,2730 Adeline St,Oakland,CA,Active,510-981-4177,-122.2818538,37.82001121
Aria Community Health Center,1050 N Cherry St,Tulare,CA,Active,559-386-4500,-119.3357207,36.22266132
Family HealthCare Network - Woodlake Health Center,201 E Lakeview Ave,Woodlake,CA,Active,877-960-3426,-119.09699999,36.41720001
EL PROYECTO DEL BARRIO--NORTHRIDGE COMMUNITY CLINIC,"18250 Roscoe Blvd, Ste 200",Northridge,CA,Active,818-721-4800,-118.53132119,34.22079253
United Health Centers Parlier Manning,429 E Manning Ave,Parlier,CA,Active,559-646-6618 x0010,-119.52279689,36.6047853
AltaMed Dental Group at California IInspire Academy,1080 N California St,Orange,CA,Active,888-499-9303,-117.84104296,33.80558812
LA CLINICA DE LA RAZA,3451 E 12th St,Oakland,CA,Active,510-535-3500,-122.22353504,37.77548776
Montclair Mobile Health Clinic,5050 San Bernardino St,Montclair,CA,Active,909-281-5800,-117.69452101,34.07831811
Firebaugh Community Health Center,689 N St,Firebaugh,CA,Active,559-659-3037,-120.4618465,36.86239213
Angeles Community Health Center - Huntington Park II,6210 Seville Ave,Huntington Park,CA,Active,866-981-3002,-118.22256193,33.9839935
Tri-State Community Healthcare Center,11499 Bartlett Ave,Adelanto,CA,Active,760-444-4258,-117.4142388,34.57884446
Family HealthCare Network - Visalia Oak Health Center,400 E Oak Ave,Visalia,CA,Active,877-960-3426,-119.28865548,36.33227474
NEXT DOOR TRANSITIONAL SHELTER,1001 Polk St,San Francisco,CA,Active,415-255-3525,-122.41994071,37.78616018
AltaMed PACE - Norwalk,11541 Rosecrans Ave,Norwalk,CA,Active,888-499-9303,-118.08761877,33.90263187
Achievable Health Administrative Site,"400 Corporate Pointe, Suite 500",Culver City,CA,Active,424-266-7476,-118.38461617,33.98867977
DAP Health - Coachella Valley Community Health Center,49869 Calhoun St,Coachella,CA,Active,760-399-4526,-116.20806684,33.68663944
Russian River Resiliency Center.,16385 First St,Guerneville,CA,Active,707-869-5977,-122.99998635,38.50111456
Marin Community Clinic - Novato South,6090 Redwood Blvd,Novato,CA,Active,415-448-1500,-122.56235813,38.09600314
Gravenstein Community Health Center,652 Petaluma Ave STE H,Sebastopol,CA,Active,707-823-7616,-122.82013837,38.39662894
VCC Mobile Dental Clinic- Lake Elsinore,31361 Riverside Dr,Lake Elsinore,CA,Active,951-252-2720,-117.36925665,33.68206246
Camarena Health  -  Millbrook Health Center,7202 N Millbrook Ave STE 202,Fresno,CA,Active,559-664-4000,-119.76418792,36.83934313
GVHC - Empire,198 N G St,Empire,CA,Active,209-383-1848,-120.90088161,37.64090604
APLA Health-David Geffen Center,611 S Kingsley Dr,Los Angeles,CA,Active,213-201-1600,-118.30304223,34.06295706
"Center for Family Health & Education, Inc. dba Priority Care Medical Group El Monte 1",3229 Santa Anita Ave,El Monte,CA,Active,626-575-4584,-118.04287718,34.06691038
Omni Family Health,6700 Niles St STE 155,Bakersfield,CA,Active,866-707-6664,-118.93033859,35.37616747
"Central City Community Health Center, Inc. - Upland Admin Site",268 McArthur Way,Upland,CA,Active,323-724-0019,-117.67888381,34.09704018
Wesley Health Centers- Mobile Health Clinic IV,522 S San Pedro St,Los Angeles,CA,Active,866-733-5924,-118.24413774,34.0434758
Corporate Services,3696 Jacobs Ave,Eureka,CA,Active,707-826-9926,-124.12635212,40.80423671
OPSAM HEALTH: Mobile Clinic 2,1428 Highland Ave,National City,CA,Active,844-200-2426,-117.09676408,32.67246097
Cali Med Health Center South Gate Mobile,3314 Firestone Blvd,South Gate,CA,Active,213-338-8387,-118.21062278,33.95446137
AltaMed Behavioral Health  -  Legacy Senior High STEAM,5225 Tweedy Blvd,South Gate,CA,Active,855-425-1777,-118.1789583,33.94133275
Mission City Community Network-Barstow,405 E Buena Vista St,Barstow,CA,Active,818-895-3100,-117.0233143,34.89577462
LifeLong Street Medicine Van #4,2730 Adeline St,Oakland,CA,Active,510-981-4177,-122.2818538,37.82001121
Southern California Medical Center,8825 Whittier Blvd,Pico Rivera,CA,Active,562-699-3333,-118.08460439,34.00198265
WellSpace Health - North Behavioral Health Center,"4441 Auburn Blvd, #E",Sacramento,CA,Active,916-737-5555,-121.36099353,38.6473784
LifeLong East Bay Community Recovery Project Hayward,22971 Sutro St,Hayward,CA,Active,510-981-4135,-122.08361861,37.66507291
Universal Community Health Center - Beverly 1,5460 E Beverly Blvd,Los Angeles,CA,Active,323-233-3100,-118.14781769,34.02856079
MOBILE UNIT 2,1621 Gold St,Alviso,CA,Active,408-935-3918,-121.97541662,37.42480259
Camarena Health Almond Urgent Care,760 E Almond Ave,Madera,CA,Active,559-664-4000,-120.048864,36.94527169
NEMS Administrative Building - Gilbreth,1710 Gilbreth Rd,Burlingame,CA,Active,888-500-1886,-122.3736022,37.59869523
COMMUNITY HEALTH EDUCATION,1531 Fruitvale Ave,Oakland,CA,Active,510-535-4110,-122.22527998,37.77950298
Eisner Health,1500 S Olive St,Los Angeles,CA,Active,213-747-5542,-118.26483048,34.03567627
BHS Integrated Care Services,15519 Crenshaw Blvd,Gardena,CA,Active,310-679-2730,-118.32662598,33.88993999
Indio Community Health Center,47923 Oasis St,Indio,CA,Active,760-863-8283,-116.22097955,33.70104225
CHC - TEMPLETON WOMEN'S HEALTH,"292 Posada Ln, Ste A",Templeton,CA,Active,805-542-6701,-120.72145071,35.55316347
Oakdale Elementary School,3708 Myrtle Ave,North Highlands,CA,Active,916-566-1910,-121.37774191,38.65385711
Indian Health Center of Santa Clara Valley - St. Phillips,5038 Hyland Ave,San Jose,CA,Active,408-445-3400,-121.82364148,37.37581749
SJCH Mendez High School Health and Wellness Center,1321 E 1st St,Los Angeles,CA,Active,323-541-1600,-118.22589428,34.04787349
Ampla Health Family Dental and Medical,285 Cohasset Rd,Chico,CA,Active,530-342-6065,-121.85083849,39.75113901
"Point Reyes Community Health Center - Administrative, Suite #17",65 3rd St,Point Reyes Station,CA,Active,415-663-8666,-122.80703259,38.0678117
O'Connor Medical Clinic Forest #104,2100 Forest Ave STE 104,San Jose,CA,Active,408-885-5348,-121.93676088,37.32627495
Ashland Community Clinic,16110 E 14th St,Ashland,CA,Active,510-471-5907,-122.1174385,37.69780604
CLINICA MSR O.A. ROMERO-ALVARDO,123 S Alvarado St,Los Angeles,CA,Active,213-989-7700,-118.27088909,34.06615086
Ampla Health Orland Medical & Dental,1211 Cortina Dr,Orland,CA,Active,530-865-5544,-122.20150706,39.7418866
El Dorado Community Health Center - Cameron Park Administration,"3108 Ponte Morino Dr, Suite 122",Cameron Park,CA,Active,530-621-7700,-120.96732865,38.66385973
VCC: The Gary Center - Hillcrest Street,341 S Hillcrest St,La Habra,CA,Active,562-264-6000,-117.95319786,33.92893202
St. Joseph's Dental Clinic,751 Lombardi Ct,Santa Rosa,CA,Active,707-547-2221,-122.74930408,38.42780103
Homeless Persons Health Project Mobile Unit,115 Coral St,Santa Cruz,CA,Active,831-454-2080,-122.03047349,36.98484555
Lemon Grove Plaza,7150 Broadway,Lemon Grove,CA,Active,619-515-2300,-117.04395037,32.74265638
Street Medicine Outreach  Admin Office,3311 Pacific Ave,Livermore,CA,Active,510-713-6690,-121.75524112,37.67570661
Peach Tree Healthcare Administration,1114 Yuba St,Marysville,CA,Active,530-749-3242,-121.58494541,39.14790798
OLE Health - St. Helena,1222 Pine St,Saint Helena,CA,Active,707-963-0931 x8226,-122.4724183,38.50600008
Pomona Admin Site,1460 E Holt Ave,Pomona,CA,Active,909-630-7927,-117.720751,34.06145448
GVHC - McHenry Suite 535,"1524 McHenry Ave, Ste 535",Modesto,CA,Active,866-682-4842,-120.99395074,37.66621138
SHINGLETOWN MEDICAL CENTER,31292 Alpine Meadows Rd,Shingletown,CA,Active,530-474-3390,-121.88529507,40.49162144
OHI - Dan Mini Elementary,1530 Lorenzo Dr,Vallejo,CA,Active,707-558-2000,-122.259292,38.14939199
NORTH EAST MEDICAL SERVICES - OCEAN,1443 Ocean Ave,San Francisco,CA,Active,888-500-1886,-122.4579399,37.72399919
United Health Centers Fresno Wayte Lane 2400,290 N Wayte Ln,Fresno,CA,Active,559-646-6618 x0010,-119.78317561,36.74652859
Valley Health Center Milpitas,143 N Main St,Milpitas,CA,Active,408-885-5713,-121.9079449,37.43204959
Family HealthCare Network - Fresno Olive Health Center,5166 E Olive Ave,Fresno,CA,Active,844-767-0540,-119.7199722,36.75687014
United Health Centers Fresno Herwaldt,255 N Herwaldt Dr,Fresno,CA,Active,559-646-6618 x0010,-119.78328952,36.74565964
AltaMed Dental Group at Fairhaven Elementary School,1415 Fairhaven Ave,Santa Ana,CA,Active,888-499-9303,-117.84990004,33.77411001
ACHCH Tiburcio Vasquez Health Center Zone 5 Alameda-San Leandro Street Health Mobile Unit,16110 E 14th St,Ashland,CA,Active,510-398-7500,-122.1174385,37.69780604
South Central Family Health Center- Vernon Medical Building,1028 E Vernon Ave,Los Angeles,CA,Active,323-908-4200,-118.25760536,34.00365124
Behavioral Family Support Services,22211 Foothill Blvd,Hayward,CA,Active,510-471-5880,-122.0861662,37.68030421
Camarena Health Mariposa Mobile Unit,5082 Old Hwy N,Mariposa,CA,Active,559-664-4000,-119.96520029,37.48980677
GVHC - Turlock Pediatric Health Center 1100,1100 Delbon Ave,Turlock,CA,Active,209-385-5503,-120.83577359,37.51045072
Friends of Family Health Center,501 S Idaho St,La Habra,CA,Active,562-690-0400,-117.95979911,33.9278093
JEFFERSON CRENSHAW HEALTH CENTER,3501 W Jefferson Blvd,Los Angeles,CA,Active,323-505-3501,-118.33395235,34.0257223
Eisner Health Mid-Valley,"15211 Vanowen St, Suite 315",Van Nuys,CA,Active,213-747-5542,-118.46428046,34.1945029
Goleta Neighborhood Dental Clinic,"164 Kinman Ave, Ste A",Goleta,CA,Active,805-617-7900,-119.82229504,34.4362781
MAPLE STREET SHELTER,1580 Maple St APT A,Redwood City,CA,Active,650-364-4664,-122.22246819,37.49338601
South Bakersfield Community Health Center,"2400 Wible Rd, Suite 12",Bakersfield,CA,Active,661-834-1240,-119.03850755,35.33287783
Family Health Services - Fairfield,2201 Courage Dr,Fairfield,CA,Active,707-784-2120,-122.07004085,38.23621763
Todos Para La Salud: Reseda,7227 Reseda Blvd,Reseda,CA,Active,818-708-7227,-118.53629962,34.20201291
Ampla Health Magalia Medical Clinic,14137 Lakeridge Cir STE C,Magalia,CA,Active,530-873-5030,-121.59145186,39.8190468
Venice Family Clinic - Warehouse,8933 S La Cienega Blvd,Inglewood,CA,Active,310-664-7927,-118.37060247,33.95514018
Wesley Health Centers-- Cecil Hotel,620 S Main St,Los Angeles,CA,Active,866-733-5924,-118.25048527,34.04469771
Centro Medico Community Clinic--Main Site,1303 W 6th St STE 105,Corona,CA,Active,951-278-8910,-117.58916887,33.87785513
Las Islas Family Medical Group,325 W Channel Islands Blvd,Oxnard,CA,Active,805-240-7000,-119.18079505,34.17399997
Gilroy Admin Office,"9460 N Name Uno, Ste 220",Gilroy,CA,Active,510-252-5884,-121.57366312,37.03632414
United Health Centers Selma Highland,2705 Highland Ave,Selma,CA,Active,559-646-6618 x0010,-119.62956232,36.57291
BeverlyCare Health Clinic,520 W Beverly Blvd,Montebello,CA,Active,323-920-0505,-118.10348002,34.01697968
TrueCare Vista Way Ste 102,"3998 Vista Way, Suite 102",Oceanside,CA,Active,760-736-6767,-117.29260096,33.18424699
Accounts Receivable,100 Broadway,Chula Vista,CA,Active,619-515-2300,-117.09502885,32.64453892
Family Medicine Clinic,500 W Hospital Rd,French Camp,CA,Active,209-468-6709,-121.28249382,37.88652044
HILL COUNTRY COMMUNITY CLINIC,29632 State Rte 299 E,Round Mountain,CA,Active,530-337-6243,-121.9405738,40.80380777
Family HealthCare Network - Porterville Dental Center,1133 W Poplar Ave,Porterville,CA,Active,877-960-3426,-119.04282297,36.05073101
Omni Family Health,3748 E Shields Ave,Fresno,CA,Active,866-707-6664,-119.76228372,36.77936893
Venice Family Clinic - Simms/Mann Health and Wellness Center,2509 Pico Blvd,Santa Monica,CA,Active,310-664-7801,-118.46334303,34.02319499
NEMS SUNSET ENROLLMENT SERVICE CENTER AND RADIOLOGY,1422 Noriega St,San Francisco,CA,Active,888-500-1886,-122.47913547,37.75414169
United Health Centers Fresno Shields,3652 W Shields Ave,Fresno,CA,Active,559-646-6618 x0010,-119.85900669,36.77947806
San Fernando High School - Teen Health Center,11051 Omelveny Ave,San Fernando,CA,Active,818-365-7517,-118.44084382,34.27099501
Petaluma Health Center Pharmacy,"1179 N McDowell Blvd, Suite C",Petaluma,CA,Active,707-559-7500,-122.66064039,38.26855581
Family Health Services - Vallejo,365 Tuolumne St,Vallejo,CA,Active,707-553-5509,-122.24004403,38.10329398
CLCHC-Bridge Shelter,3175 Airway Ave,Costa Mesa,CA,Active,949-866-3600,-117.87120197,33.67986397
Bell Gardens Family Medical Center,6501 Garfield Ave,Bell Gardens,CA,Active,562-928-9600,-118.14777955,33.9730448
McKee Health Clinic,3055 McKee Rd,San Jose,CA,Active,408-729-9700,-121.83694465,37.37422569
VHC Moorpark Urgent Care,"2400 Moorpark Ave, Ste 118",San Jose,CA,Active,408-885-7049,-121.93712465,37.3160699
Aria Community Health Center,581 W Putnam Ave,Porterville,CA,Active,559-782-0298,-119.03018767,36.06903151
Administrative Headquarters,"10100 Trinity Pkwy, Suite 100",Stockton,CA,Active,209-953-3711,-121.37055745,38.04754749
Wesley Health Centers- Mobile Health Clinic I,45104 10th St W,Lancaster,CA,Active,661-992-2391,-118.14738141,34.70292723
MCHWC Women's Health Clinic,"880 Las Gallinas Ave, Suite 2",San Rafael,CA,Active,415-339-8813,-122.54780874,38.00769175
All-Inclusive Community Health Center,1311 N San Fernando Blvd,Burbank,CA,Active,818-843-9900,-118.32061227,34.18950815
Gracelight Community Health - Gracelight Mobile 2,4816 E 3rd St,Los Angeles,CA,Active,323-635-1140,-118.16044351,34.03282198
Hurtt Family Health Clinic - Tustin Newport BH,"14642 Newport Ave, Suite 410",Tustin,CA,Active,714-247-0300,-117.82890429,33.7307011
"Central City Community Health Center, Inc - Santa Monica",5912 Santa Monica Blvd,Los Angeles,CA,Active,323-724-0019,-118.31825958,34.09062233
Aria Community Health Center,"858 N Cherry St, Suite F",Tulare,CA,Active,559-688-2229,-119.33723255,36.22015999
Topaz School Clinic,3232 Topaz Ln,Fullerton,CA,Active,714-446-5100,-117.86968376,33.88539964
Watsonville Health Center - Building B,"1430 Freedom Blvd, Suite B",Watsonville,CA,Active,831-763-8400,-121.76427078,36.92775431
North East Medical Services - 35 Baywood,35 Baywood Ave,San Mateo,CA,Active,888-500-1886,-122.32876229,37.56439351
Venice Family Clinic - Mobile Clinic #4,622 Rose Ave,Venice,CA,Active,310-392-8630,-118.47122588,33.99939952
Aborn Rd Health Clinic,"2060 Aborn Rd, Suite 125",San Jose,CA,Active,408-729-4290,-121.80724974,37.31114038
San Ysidro Health Our Place,286 Euclid Ave,San Diego,CA,Active,619-662-4100,-117.08568697,32.7072317
"Center for Family Health & Education, Inc.","8727 Van Nuys Blvd, Suite 102",Panorama City,CA,Active,818-405-0090,-118.4503981,34.22813528
BACHC Pharmacy,"43322 Gingham Ave, Ste 101",Lancaster,CA,Active,661-874-4050,-118.12226436,34.67014066
Innercare K Street,1166 K St,Brawley,CA,Active,760-344-9951,-115.5229797,32.97279307
WestPoint Community Health Center,11905 Bolthouse Dr,Bakersfield,CA,Active,661-678-2781,-119.13497764,35.31241363
Kwang He Won Health Center,815 S Ardmore Ave,Los Angeles,CA,Active,213-385-0448,-118.30201302,34.0571792
Community Medical Wellness Centers USA - Long Beach Mobile,"1360 E Anaheim St, Suite 101",Long Beach,CA,Active,562-270-0324,-118.17444364,33.78222717
California Hotel - Supportive Housing Program,3501 San Pablo Ave,Oakland,CA,Active,510-635-4809,-122.27834413,37.82602674
AltaMed Behavioral Health at Animo Ellen Ochoa Charter Middle School,4360 Dozier St,Los Angeles,CA,Active,888-499-9303,-118.17175397,34.04110099
WellSpace Health - Alhambra Community Health Center,2425 Alhambra Blvd,Sacramento,CA,Active,916-737-5555,-121.47187312,38.55626837
DAP Health - Desert Hot Springs - Main Campus,66675 Pierson Blvd,Desert Hot Springs,CA,Active,760-616-5240,-116.49837079,33.96114661
Mission CIty Community Network - Prairie,"301 N Prairie Ave, Ste 311",Inglewood,CA,Active,818-895-3100,-118.34397836,33.96572061
Esparto Elementary School,17120 Omega St,Esparto,CA,Active,530-787-3446,-122.0232239,38.69290932
VCC: The Gary Center,201 S Harbor Blvd,La Habra,CA,Active,562-264-6000,-117.93391059,33.93051737
Ampla Health North Plumas Medical,1231 Plumas St,Yuba City,CA,Active,530-674-4261,-121.61670989,39.14841986
MCHC Dora Street Admin - Suite B2,"1165 S Dora St, Suite B 2",Ukiah,CA,Active,707-468-1010,-123.20840799,39.135609
Second Mobile Unit1,3696 Jacobs Ave,Eureka,CA,Active,707-443-4666,-124.12635212,40.80423671
Live Oak Elementary,1916 Capitola Rd,Santa Cruz,CA,Active,831-475-2000,-121.98283083,36.97471899
GVHC - RIVERBANK,4150 Patterson Rd,Riverbank,CA,Active,209-383-1848,-120.9201418,37.73174026
AltaMed Medical Group: Estrada Courts,1305 S Concord St,Los Angeles,CA,Active,888-499-9303,-118.20831893,34.02081172
Lamont Community Health Center,8787 Hall Rd,Lamont,CA,Active,661-845-3731,-118.90806762,35.25905049
Eisner Health - Student and Family Wellness Center at Santee,1921 Maple Ave,Los Angeles,CA,Active,213-747-5542 x3563,-118.26279996,34.02914999
DAP Health - Jay Hoffman Community Health Center,29490 Lakeview Ave,Nuevo,CA,Active,951-928-2805,-117.13253804,33.81769867
Via Care 609 Annex,609 S Atlantic Blvd,Los Angeles,CA,Active,323-268-9191,-118.1560975,34.02441024
Wesley Health Centers- Palmdale East,37926 47Th Street East,Palmdale,CA,Active,661-942-2391,-118.04492287,34.5714665
United Health Centers Lemoore,250 E Hanford Armona Rd,Lemoore,CA,Active,559-646-6618 x0010,-119.77714232,36.31370547
"Community Medical Centers, Inc.",7210 Murray Dr,Stockton,CA,Active,209-373-2800,-121.30060108,38.01584017
United Health Centers Fresno Wayte Lane 1200,"290 N Wayte Ln, #1200",Fresno,CA,Active,559-646-6618 x0010,-119.78317561,36.74652859
El Cajon Family Counseling Center,338 W Lexington Ave STE 104,El Cajon,CA,Active,619-515-2300,-116.96515302,32.79272753
TCC Family Health,1900 Atlantic Ave,Long Beach,CA,Active,844-822-4646,-118.18470409,33.79203111
Aghaby: Compton,349 W Compton Blvd,Compton,CA,Active,424-785-5170,-118.22768926,33.89622877
Euclid Community Health Center,"600 N Euclid Ave, Suite 202",Upland,CA,Active,909-281-5800,-117.65066983,34.10117611
Angeles Community Health Center - Gardena 1049,1049 W Gardena Blvd,Gardena,CA,Active,866-981-3002,-118.29316005,33.88181319
Inland Family Community Health Center,665 N D St,San Bernardino,CA,Active,909-881-6146,-117.2914254,34.11174434
Unicare Community Health Center - Ontario 1151,1151 E Walnut St,Ontario,CA,Active,909-467-1425,-117.63016442,34.02707681
Aria Community Health Center,"781 Sequoia Ave, Ste 3",Lindsay,CA,Active,559-562-9399,-119.0961276,36.21244156
Gardner Downtown Health Center,725 E Santa Clara St,San Jose,CA,Active,408-918-2682,-121.8758143,37.34350266
Parkway Elementary School,4720 Forest Pkwy,Sacramento,CA,Active,916-433-5082,-121.44757549,38.48983579
Eisner Health at Maywood,4528 E Slauson Ave,Maywood,CA,Active,213-747-5542,-118.18442193999999,33.98691979
TCC Family Heatlh,540 E Artesia Blvd,Long Beach,CA,Active,844-822-4646,-118.18740969,33.87418725
Willow Pass Wellness Center,1420 Willow Pass Rd,Concord,CA,Active,925-370-5824,-122.050508,37.96963217
Burney Health Center,37491 Enterprise Dr,Burney,CA,Active,530-999-9030,-121.65260044,40.88759989
Main Campus First Floor Community Health Center,26600 Cactus Ave STE 100,Moreno Valley,CA,Active,951-988-9500,-117.19334632,33.91056396
Cares Community Health dba One Community Health - Midtown,1500 21st St,Sacramento,CA,Active,916-443-3299,-121.48132539,38.57055662
GVHC - TURLOCK PEDIATRIC HEALTH CENTER 1199 Suite 2,1199 Delbon Ave STE 2,Turlock,CA,Active,209-385-5503,-120.83568298,37.51066995
Saint Youstina - Costa Mesa,"2200 Harbor Blvd, Suite B 240",Costa Mesa,CA,Active,800-755-9771,-117.91874304,33.65448449
Ravenswood Family Dentistry,1807 Bay Rd,East Palo Alto,CA,Active,650-330-7400,-122.1345463,37.47235883
Russian River Health Center #2,16312 3rd St,Guerneville,CA,Active,707-869-2933,-122.99863041,38.50272997
"Asian and Pacific Islander Wellness Center, Inc.",730 Polk St,San Francisco,CA,Active,415-292-3400,-122.41900655,37.7838192
Kedren Community Care Clinic,4211 Avalon Blvd STE A,Los Angeles,CA,Active,323-432-5122,-118.26530749,34.00723999
TrueCare,619 Crouch St STE 100,Oceanside,CA,Active,760-737-6700,-117.35369439,33.19579117
Community Health Centers - Advanced Primary Care,1510 E Main St,Santa Maria,CA,Active,805-929-3211,-120.41005731,34.95232656
DAP Health -Mobile Dental Trailer 2,55497 Van Buren St,Thermal,CA,Active,760-399-4526,-116.1988993,33.6455835
Clinicas del Camino Real Inc - El Rio,2600 E Vineyard Ave,Oxnard,CA,Active,805-436-3444,-119.17003428,34.23344199
Camarena Health Almond Campus Medical Care,740 E Almond Ave,Madera,CA,Active,559-664-4000,-120.04934873,36.94475666
VCC: Mobile Wellness Clinic - La Habra1,1295 W Lambert Rd,Brea,CA,Active,760-631-5000,-117.91756689,33.92471412
"AltaMed Medical and Dental Group: Commerce, Goodrich",972 Goodrich Blvd,Commerce,CA,Active,888-499-9303,-118.15405097,34.01763531
SJCH - Mobile 3,808 West 58Th Street,Los Angeles,CA,Active,323-541-1400,-118.28724754,33.98968108
OVER 60 HEALTH CENTER - BERKELEY,3260 Sacramento St,Berkeley,CA,Active,510-601-6060,-122.27815152,37.84823555
SAC Hospitality Lane Administration Ste 201,275 W Hospitality Ln,San Bernardino,CA,Active,909-382-7100,-117.28921534,34.06532914
EVCHC - Villacorta School Based Clinic,17840 Villa Corta St,La Puente,CA,Active,626-919-4333,-117.91161255,34.0179164
Altura Centers for Health Multi Services,1203 N Cherry St,Tulare,CA,Active,559-685-4601,-119.33711478,36.22485713
TrueCare Rancho Sante Fe QuickCare,295 S Rancho Santa Fe Rd,San Marcos,CA,Active,760-736-6767,-117.20128984,33.14331505
Martinez Health Center-Specialty 1B,2500 Alhambra Ave,Martinez,CA,Active,925-370-5851,-122.13291803,38.006699
CLCHC Street Medicine,700 W 19th St,Costa Mesa,CA,Active,949-866-3600,-117.92803731,33.64381408
City Heights East,5526 El Cajon Blvd,San Diego,CA,Active,619-515-2300,-117.07560974,32.75843985
KHW Panorama City,8781 Van Nuys Blvd,Panorama City,CA,Active,213-385-0448,-118.4502878,34.2296014
Sacramento Community Clinics - Stockton Blvd Dental,"5200 Stockton Blvd, Ste 110",Sacramento,CA,Active,916-642-1867,-121.4441037,38.52820852
Harry and Jeanette Weinberg Dental & Wellness Clinic,190 11th St,Oakland,CA,Active,510-986-6830,-122.26626049,37.7998866
Live Oak Clinic,9980 Live Oak Blvd,Live Oak,CA,Active,530-741-6245 x120,-121.66168165,39.27555213
NORTH EAST MEDICAL SERVICES - 1430 NORIEGA,1430 Noriega St,San Francisco,CA,Active,888-500-1886,-122.47914402,37.75438171
GVHC  -  Manteca Northgate West,302 Northgate Dr,Manteca,CA,Active,209-383-1848,-121.22081098,37.81872849
Garfield Health Center Rowland Heights Ste. 102,"19138 E Walnut Dr N, Suite 102",Rowland Heights,CA,Active,626-300-9939,-117.88510478,33.99543027
"SFV Health Center, Inc. dba Elevate Health Center - MEND",10641 San Fernando Rd,Pacoima,CA,Active,818-504-4745,-118.41957047,34.26302454
AltaMed Health Service Pharmacy - Westlake,"2100 W 3rd St, Ste 190",Los Angeles,CA,Active,888-499-9303,-118.27339284,34.06307709
"Bellflower Health Center Suite 307, 309, 311",10230 Artesia Blvd,Bellflower,CA,Active,323-268-9191,-118.11615873,33.87222069
Northeast Community Clinic Community Medical Alliance,4129 Gage Ave,Bell Gardens,CA,Active,323-771-8400,-118.19287,33.97899
Venice Family Clinic - allcove,"514 N Prospect Ave, Suite 400",Redondo Beach,CA,Active,310-392-8636,-118.37906291,33.85326531
Via Care Beverly Admin Site,5257 E Beverly Blvd,Los Angeles,CA,Active,323-268-9191,-118.15180831,34.03133775
Children's Hospital La Family Housing,7817 Lankershim Blvd,North Hollywood,CA,Active,818-982-4091,-118.3878075,34.212792
St. Anthony Medical Center  -  Compton,1145 E Compton Blvd,Compton,CA,Active,310-637-5555,-118.2106134,33.89630383
CHA Dental,65 3rd St,Point Reyes Station,CA,Active,415-787-1123,-122.80703259,38.0678117
Northeast Community Clinic,"4455 W 117th St, Ste 502",Hawthorne,CA,Active,424-236-4800,-118.35392625,33.92823867
CSC Health - San Gabriel,526 W Las Tunas Dr,San Gabriel,CA,Active,626-598-3883,-118.10748321,34.10202071
St. Jude Neighborhood Health Centers - Finamore Place,915 E Orangewood Ave STE 200,Anaheim,CA,Active,714-716-2584,-117.89692008,33.79619813
SJCH East Compton Community Health Center,15715 S Atlantic Ave,Compton,CA,Active,323-541-1411,-118.19358003,33.89000998
Channel Islands High School,1400 Raiders Way,Oxnard,CA,Active,805-659-1740,-119.16229192,34.17163824
Children's Health Services,1414 N California St,Stockton,CA,Active,209-468-8154,-121.28790199,37.96779582
Aria Community Health Center,"781 Sequoia Ave, Ste 2",Lindsay,CA,Active,559-562-9399,-119.0961276,36.21244156
CNHF - Wilshire Clinic A,"1245 Wilshire Blvd, Suite 717",Los Angeles,CA,Active,213-371-6212,-118.26607611,34.05373399
Omni Family Health,4815 E Butler Ave,Fresno,CA,Active,866-707-6664,-119.73568207,36.72963814
ALTAMED PREVENTION SERVICES,512 S Indiana St,Los Angeles,CA,Active,888-499-9303,-118.19227411,34.02973371
LifeLong Glenn Burke Wellness Center,3209 Lakeshore Ave,Oakland,CA,Active,510-981-4100,-122.24593919,37.81018481
Martinez Health Center-Family Medicine 3B,2500 Alhambra Ave,Martinez,CA,Active,925-370-5851,-122.13291803,38.006699
University Community Health Center,2933 University Ave,Riverside,CA,Active,951-224-8220,-117.36491616,33.97771159
WATTS WIC HUNTINGTON PARK,"6601 Rugby Ave, Ste 200",Huntington Park,CA,Active,323-587-6713,-118.22655745,33.979112
Family HealthCare Network - Porterville Downtown,65 N Hockett St,Porterville,CA,Active,877-960-3426,-119.01749563,36.06639453
Medical Mobile Unit #1,2101 Alexian Dr,San Jose,CA,Active,408-885-7049,-121.84838217,37.35965823
OPSAM HEALTH: Mobile Clinic 1,1428 Highland Ave,National City,CA,Active,844-200-2426,-117.09676408,32.67246097
Holt Dental,1448 E Holt Ave,Pomona,CA,Active,909-630-7927,-117.72212622,34.06161558
CHINATOWN PUBLIC HEALTH CENTER,1490 Mason St,San Francisco,CA,Active,415-934-7700,-122.41175822,37.79713264
Western Sierra Medical Clinic,209 Nevada St,Downieville,CA,Active,530-289-3298,-120.82963476,39.5592275
RAVENSWOOD MOBILE HEALTH  CLINIC,1885 Bay Rd,East Palo Alto,CA,Active,650-330-7400,-122.13248997,37.47298198
La Clinica Dental at Children's Hospital Oakland,4881 Telegraph Ave,Oakland,CA,Active,510-450-5806,-122.26310139,37.83562951
SHASTA COMMUNITY HEALTH CENTER,1035 Placer St,Redding,CA,Active,530-246-5710,-122.38551356,40.58299273
All for Health Glenoaks Site,"601 S Glenoaks Blvd, Suite 400",Burbank,CA,Active,818-409-3020,-118.30112362,34.17892635
SAC Blythe Spring St,110 N Spring St,Blythe,CA,Active,909-382-7100,-114.59801103,33.610724
AHS HIGHLAND E1-E2 CLINIC,"1411 E 31st St, #2",Oakland,CA,Active,510-437-4473,-122.23167076,37.79828322
Hiram Johnson High School,6879 14th Ave,Sacramento,CA,Active,916-395-5070,-121.42541223,38.54147955
DAP Health - Mobile Unit # 10,49869 Calhoun St,Coachella,CA,Active,760-767-5051,-116.20806684,33.68663944
McFarland Community Health Center,217 W Kern Ave,Mc Farland,CA,Active,833-678-2781,-119.22976599,35.67781708
NECC - Morningside Health Center,617 W Manchester Ave,Los Angeles,CA,Active,310-780-1800,-118.28460188,33.96038926
CASA DEL SOL III,1423 Fruitvale Ave,Oakland,CA,Active,510-535-8400,-122.2259647,37.77808577
JWCH Medical Clinic @ Abbey Apartments,625 S San Pedro St,Los Angeles,CA,Active,213-353-1118,-118.24604186,34.04180067
East Bakersfield Dental Center,1125 E California Ave,Bakersfield,CA,Active,661-632-2144,-118.98807255,35.36813208
Salud Admin at 85 Nielson,85 Nielson St,Watsonville,CA,Active,831-728-8250,-121.79245032,36.92599922
Mayview Community Health Center Sunnyvale a Member of Ravenswood Family Health Network,785 Morse Ave,Sunnyvale,CA,Active,408-746-0455,-122.01897687,37.39379504
"AltaMed Corporate Headquarters, North",2035 Camfield Ave,Commerce,CA,Active,888-499-9303,-118.1565523,34.00915919
ANDERSON FAMILY HEALTH CENTER,2801 Silver St,Anderson,CA,Active,530-378-0486,-122.29962587,40.44709467
"All For Health, Health For All - South Central Avenue","800 S Central Ave, Ste 308",Glendale,CA,Active,818-409-3020,-118.25782807,34.13653873
Yuba County Mobile Dental Van,5730 Packard Ave,Marysville,CA,Active,530-741-6245,-121.56746914,39.1198154
Admin Campus - Ste 200,"120 Stony Point Rd, #200",Santa Rosa,CA,Active,707-303-3600,-122.7453666,38.4408416
EAST OAKLAND HEALTH CENTER,7450 International Blvd,Oakland,CA,Active,510-430-9401,-122.18561095,37.75888698
Camarena Health - Almond Ave,505 E Almond Ave STE 101,Madera,CA,Active,559-664-4000,-120.05086074,36.9455418
Dientes Mobile Dental Clinic,1830 Commercial Way,Santa Cruz,CA,Active,831-464-5409,-121.98007998,36.98821499
"Central City Community Health Center, Inc. - Lincoln 1",1820 W Lincoln Ave,Anaheim,CA,Active,714-805-7719,-117.94671655,33.8323266
Primary Medicine Clinic,500 W Hospital Rd,French Camp,CA,Active,209-468-7162,-121.28249382,37.88652044
FAMILY OPTICAL I,3060 E 9th St STE B,Oakland,CA,Active,510-535-5500,-122.23009798,37.77416849
MCHC - Dora Street Admin - Suite F,1165 S Dora St,Ukiah,CA,Active,707-472-4511,-123.20834898,39.13530298
Access - Santa Ana - Behavioral Health,"520 N Main St, Suite 220",Santa Ana,CA,Active,714-352-5800,-117.8679358,33.74928189
CMWC Sylmar Mobile Clinic,14117 Hubbard St UNIT M,Sylmar,CA,Active,818-833-3066,-118.44068457,34.29822191
AltaMed Dental Group at Anderson Elementary,8902 Hewitt Pl,Garden Grove,CA,Active,888-499-9303,-117.97407533,33.76184456
SOS Children & Family Health Center,"307 Placentia Ave, Suite 107",Newport Beach,CA,Active,949-270-2100,-117.93148378,33.6260991
Hurtt Family Health Clinic - Santa Ana Medical,1100 N Tustin Ave STE A,Santa Ana,CA,Active,714-247-0300,-117.83424742,33.75471098
VHC Moorpark - PACE Clinic,"2400 Moorpark Ave, Suite 316",San Jose,CA,Active,408-885-7049,-121.93710495,37.31571962
Gracelight Community Health - Hollywood 5,5000 W Sunset Blvd,Los Angeles,CA,Active,323-953-7330,-118.29845708,34.09788407
Complete Care Community Health Center- Monterey Park suite 101,"941 S Atlantic Blvd, Ste 101",Monterey Park,CA,Active,626-458-8020,-118.13915298,34.04914326
Gracelight Community Health - East 3rd,4816 E 3rd St,Los Angeles,CA,Active,323-953-7330,-118.16044351,34.03282198
"SFV Health Center, Inc. dba Elevate Health Center - 9375 San Fernando Rd STE 2A",9375 San Fernando Rd,Sun Valley,CA,Active,818-504-4515,-118.39414045,34.23936423
COMMUNITY HEALTH CENTERS LOS ALAMOS,490 Bell St,Los Alamos,CA,Active,805-929-3211,-120.27805893,34.74380132
"Center for Family Health & Education, Inc. dba Priority Care Medical Group - Panorama City","8727 Van Nuys Blvd, Suite 105",Panorama City,CA,Active,818-649-3332,-118.4503981,34.22813528
Unicare Community Health Center - Corona,107 N McKinley St,Corona,CA,Active,951-358-0141,-117.51323142,33.88292907
Wesley Health Centers- Palmdale Central,2151 E Palmdale Blvd,Palmdale,CA,Active,661-942-2391,-118.08992631,34.58045806
Children's Hospital Los Angeles - Jovenes,1208 Pleasant Ave,Los Angeles,CA,Active,323-669-2503,-118.22264252,34.05267619
Pioneer Street Clinic,"100 Pioneer St, Suite D",Santa Cruz,CA,Active,831-464-5411,-122.03370396,36.988195
San Ysidro Health Specialty Care,"480 4th Ave, Suite 507",Chula Vista,CA,Active,619-662-4100,-117.08247687,32.633924
Famersville Health Care Center,660 E Visalia Rd,Farmersville,CA,Active,559-594-6788,-119.20156298,36.29806098
Venice Family Clinic at The People Concern Annenberg Access Center,503 Olympic Blvd,Santa Monica,CA,Active,310-392-8636,-118.48789601,34.01406624
503 - Administrative Site,503 S Atlantic Blvd,Los Angeles,CA,Active,323-268-9191,-118.15536645,34.02698149
NEIGHBORHOOD HEALTHCARE ~ EL CAJON,855 E Madison Ave,El Cajon,CA,Active,619-440-2751,-116.95232041,32.80025033
CSVS - BLANCO OPTOMETRY,"955 Blanco Cir, Ste B",Salinas,CA,Active,831-676-2605,-121.63749651,36.65495483
"AltaMed Medical Group: El Monte, Santa Anita","3208 Santa Anita Ave, Ste 200",El Monte,CA,Active,888-499-9303,-118.0425093,34.06633354
Northeast Community Clinic Mobile Medical Van,5820 N Figueroa St,Los Angeles,CA,Active,626-457-6900,-118.19128909,34.11016331
CURRY SENIOR CLINIC,333 Turk St,San Francisco,CA,Active,415-885-2274,-122.414583,37.7826304
Ampla Health Oroville Medical & Dental,2800 Lincoln Blvd,Oroville,CA,Active,530-533-6484,-121.55183161,39.50143876
"Unicare Community Health Center, Inc. - San Bernardino 184",184 E Highland Ave,San Bernardino,CA,Active,909-882-4788,-117.28281461,34.13599674
Complete Care Community Health Center-Culver City,"3831 Hughes Ave, Suite 601",Culver City,CA,Active,310-838-4048,-118.39824071,34.02242033
WATTS WIC ADAMS,"1985 W Adams Blvd, Ste 105",Los Angeles,CA,Active,323-766-6200,-118.308251,34.0327175
Robert L McCaffrey Middle School,997 Park Terrace Dr,Galt,CA,Active,916-745-5462,-121.28780627,38.28509943
SALVATION ARMY HOSPITALITY HOUSE,423 Chapala St,Santa Barbara,CA,Active,805-962-6281,-119.69570136,34.41501357
VENICE HEALTH CENTER,604 Rose Ave,Venice,CA,Active,310-392-8630,-118.47166735,33.99915632
Westchester Enriched Sciences Magnets,7400 W Manchester Ave,Los Angeles,CA,Active,310-338-2400,-118.42693976,33.95967374
MCC Street Medicine Clinic,101 N Franklin St,Fort Bragg,CA,Active,707-964-1251,-123.80492826,39.4418845
Mobile Health Clinic #9,40910 Fremont Blvd,Fremont,CA,Active,510-770-8040,-121.96027002,37.53434271
AltaMed Dental Group at Steve Luther Elementary,4631 La Palma Ave,La Palma,CA,Active,888-499-9303,-118.05151465,33.84633876
George & Cynthia Miller Wellness Center,25 Allen St,Martinez,CA,Active,800-495-8885,-122.13313634,38.00808822
Universal Community Health Center - Almaguer,4527 E Cesar E Chavez Ave,Los Angeles,CA,Active,323-233-3100,-118.16828939,34.0407979
CHC - MOBILE MEDICAL VAN 2,200 W Williams St,Santa Maria,CA,Active,805-451-3898,-120.43742707,34.96952288
"Centro Medico Community Clinic, Inc. Dental",1307 W 6th St STE 111,Corona,CA,Active,951-298-8632,-117.589667,33.87790509
Camino Health Center - Administrative Offices,31351 Rancho Viejo Rd STE 201,San Juan Capistrano,CA,Active,949-240-2030,-117.65760493,33.50693844
"Tzu Chi Health Center, Alhambra",1000 S Garfield Ave,Alhambra,CA,Active,626-281-3383,-118.12264884,34.08452038
CSC - Community Health Center Chinatown,711 W College St STE M38,Los Angeles,CA,Active,213-808-1700,-118.24138236,34.06541119
"Benevolence Industries, Inc. - Orange","805 W La Veta Ave, Ste 110",Orange,CA,Active,714-289-8800,-117.86066039,33.7806572
Omni Family Health,2688 Oswell St,Bakersfield,CA,Active,866-707-6664,-118.94990111,35.39470623
TrueCare,"1595 Grand Ave, Suite 100",San Marcos,CA,Active,760-736-6767,-117.19854368,33.14483209
COMMUNITY HEALTH CENTERS ARROYO GRANDE,260 Station Way,Arroyo Grande,CA,Active,805-929-3211,-120.57844497,35.11971698
IMPERIAL BEACH HEALTH CENTER,949 Palm Ave,Imperial Beach,CA,Active,619-429-3733 x560,-117.11338044,32.58363794
JWCH Medical Clinic at Downtown Women's Center,442 S San Pedro St,Los Angeles,CA,Active,213-223-2900,-118.24341539,34.04464842
WEST OAKLAND HEALTH CENTER..,700 Adeline St,Oakland,CA,Active,510-835-9610,-122.2873893,37.80427096
Eisner Health at El Monte,"3564 Santa Anita Ave, Suite A",El Monte,CA,Active,213-747-5542,-118.04042304,34.07517377
KCS Health Center - Harbor,100 N Harbor Blvd,Anaheim,CA,Active,714-527-6561,-117.91928887,33.83485957
ASIAN HEALTH SERV DENTAL CLINIC,"345 9th St, Suite 302",Oakland,CA,Active,510-986-6888,-122.27068442,37.79960346
"Clinicas del Camino Real, Inc. - Simi Valley",1424 Madera Rd,Simi Valley,CA,Active,805-522-5722,-118.79573855,34.26479857
NORTH EAST MEDICAL SERVICES - TARAVAL STREET,3431 Taraval St,San Francisco,CA,Active,888-500-1886,-122.5030099,37.74182172
LifeLong Medical Care - Downtown Oakland Clinic,616 16th St,Oakland,CA,Active,510-451-4270,-122.27413726,37.807384
AltaMed PACE - El Monte,10420 Valley Blvd STE A,El Monte,CA,Active,888-499-9303,-118.0458971,34.07648184
Del Dios Academy,1400 W 9th Ave RM Mpr,Escondido,CA,Active,760-520-8300,-117.10142265,33.10985101
KHW Bell,7219 Atlantic Ave,Bell,CA,Active,213-385-0448,-118.18809034,33.96952911
O'Connor Medical Clinic Hospital Campus,2101 Forest Ave,San Jose,CA,Active,408-373-7354,-121.93707889,37.32774719
Family HealthCare Network - Goshen Health Center,31180 Road 72,Visalia,CA,Active,877-960-3426,-119.41166502,36.35595001
"Benevolence Industries, Inc. - Anaheim",303 N East St,Anaheim,CA,Active,714-491-1771,-117.90358395,33.84039343
Nestor Community Heath Center,1016 Outer Road,San Diego,CA,Active,619-429-3733,-117.08256882,32.57797043
AACI Jackson Health Center,"266 N Jackson Ave, Suite 4",San Jose,CA,Active,408-975-2763,-121.84879683,37.36483401
Community Dental Center,"8540 Alondra Blvd, Suite B 4",Paramount,CA,Active,562-366-9996,-118.15012036,33.88848091
Neighborhood Healthcare ~ Eastside Health Center Building B,1971 University Ave,Riverside,CA,Active,760-520-8300,-117.35463375,33.97596263
A STREET,124 S A St,Madera,CA,Active,559-664-4089,-120.05489638,36.9638011
Sespe Elementary School,627 Sespe Ave,Fillmore,CA,Active,NA,-118.91726525,34.40064747
Ravenswood Family Health Center at 1848A Bay Road,1848 Bay Rd,East Palo Alto,CA,Active,650-330-7409 x07409,-122.13305509,37.47235533
"AltaMed Medical and Dental Group: East Los Angeles, 1st Street",2219 E 1st St,Los Angeles,CA,Active,888-499-9303,-118.21144203,34.04460706
Watsonville Homeless Health Center,1430 Freedom Blvd STE C,Watsonville,CA,Active,831-454-2080,-121.76521441,36.9271325
VCC: A+ Mobile Dental Clinic,465 LA Tortuga Dr,Vista,CA,Active,760-631-5000 x4,-117.25903353,33.19052889
Universal Community Health Center - Beverly 2,5435 E Beverly Blvd,Los Angeles,CA,Active,323-233-3100 x303,-118.14837123,34.02911693
Modesto Florida Ave Center,"1444 Florida Ave, Suite 202",Modesto,CA,Active,209-850-3500,-120.99611596,37.66490305
EDISON CLINIC,222 W 39th Ave,San Mateo,CA,Active,650-573-2358,-122.30016801,37.53091325
Peach Tree  -  Chico Vision Center,114 Mission Ranch Blvd STE 50,Chico,CA,Active,530-749-3242,-121.8600383,39.75356037
"Central City Community Health Center, Inc.- Stanton",12116 Beach Blvd,Stanton,CA,Active,714-898-2222,-117.99202149,33.78651041
VCC: Community Health Mobile Unit2,465 LA Tortuga Dr,Vista,CA,Active,760-631-5000,-117.25903353,33.19052889
La Clinica Billing Department,3136 International Blvd,Oakland,CA,Active,510-535-4000,-122.22599504,37.77778939
Aria Community Health Center - Mobile 1,555 E St,Lemoore,CA,Active,559-386-4500,-119.78945676,36.30203069
"Center for Family Health & Education, Inc dba Priority Care Medical Group - Van Nuys",6609 Van Nuys Blvd,Van Nuys,CA,Active,818-781-2330,-118.44918013,34.19104897
San Ysidro Health Dagget,8080 Dagget St,San Diego,CA,Active,619-662-4100,-117.15006887,32.8238837
NORTH EAST MEDICAL SERVICES - 1400 NORIEGA,1400 Noriega St,San Francisco,CA,Active,888-500-1886,-122.47885745,37.75437106
Mission City Community Network - Mobile-San Gabriel Valley,1818 N Orange Grove Ave,Pomona,CA,Active,909-525-9111,-117.74830047,34.07670987
Landis Avenue Family Counseling Center,264 Landis Ave,Chula Vista,CA,Active,619-906-5383,-117.08171898,32.64225959
La Maestra Family Clinic Inc.,4189 Fairmount Ave,San Diego,CA,Active,619-280-4213,-117.10081597,32.75299678
ChapCare by  AltaMed Medical and Dental Group - Pasadena Fair Oaks,1855 N Fair Oaks Ave,Pasadena,CA,Active,888-499-9303,-118.15115083,34.17784529
La Maestra Dental Clinic,"4305 University Ave, Suite 150",San Diego,CA,Active,619-501-1235,-117.10150002,32.74937
CNHF - Wilshire Clinic B,"1245 Wilshire Blvd, Suite 715",Los Angeles,CA,Active,213-643-3170,-118.26607611,34.05373399
ACHCH Bay Area Community Health Street Health Zone 2 Mobile Unit,39500 Liberty St,Fremont,CA,Active,510-770-8040,-121.97706459,37.54900216
GOLDEN VALLEY HEALTH CENTERS,737 W Childs Ave,Merced,CA,Active,209-383-1848,-120.49627717,37.28907431
Mobile Counseling Center II,823 Gateway Center Way,San Diego,CA,Active,619-515-2300,-117.11349855,32.71540946
BACHC East Kern Clinic,12560 Boron Ave,Boron,CA,Active,661-874-4050,-117.64975169,35.00742505
REDWOOD COAST MEDICAL SERVICES - SEA WATCH,39150 Ocean Dr,Gualala,CA,Active,707-884-4005,-123.53012287,38.76972644
Lilac School,30109 Lilac Rd,Valley Center,CA,Active,760-520-8300,-117.06848127,33.25779978
Camarena Health Country Club Urgent Care,1159 Country Club Dr,Madera,CA,Active,559-664-4000,-120.07361727,36.97698387
Marin Community Clinic - Mobile Dental,3110 Kerner Blvd,San Rafael,CA,Active,415-448-1500,-122.50017992,37.95811359
TCC Mobile,2321 Abalone Ave,Torrance,CA,Active,844-822-4646,-118.31171382,33.82503477
AltaMed Warehouse - Commerce,5500 Union Pacific Ave,Commerce,CA,Active,888-499-9303,-118.15424367,34.0128803
UMMA Health Al Shifa Clinic,2334 N Sierra Way,San Bernardino,CA,Active,323-789-5610,-117.28539478,34.13742121
North Park Family Counseling Center,2136 El Cajon Blvd,San Diego,CA,Active,619-515-2588,-117.14165964,32.75553104
Willow Creek Community Health Center,38883 State Highway 299,Willow Creek,CA,Active,530-629-3111,-123.63349998,40.94039998
PEDIATRIC HEALTH & WIC CENTER,7138 Van Nuys Blvd,Van Nuys,CA,Active,818-778-6240,-118.44856792,34.20047924
Sebastopol Community Health Center,6800 Palm Ave STE C,Sebastopol,CA,Active,707-824-9999,-122.81854371,38.3960337
Logan Heights Family Counseling Center,2204 National Ave,San Diego,CA,Active,619-515-2355,-117.13981353,32.69729521
Clinica Romero at Pacoima Middle School,9919 Laurel Canyon Blvd,Pacoima,CA,Active,213-989-7700,-118.42399997,34.25024
Angeles Community Health Center - Bell,4750 Gage Ave,Bell Gardens,CA,Active,866-981-3002,-118.18073761,33.97716342
Yehowa Medical Services  -  Mobile Unit # 3,5720 Imperial Hwy,South Gate,CA,Active,323-776-1500,-118.16900496,33.92919999
AACI Moorpark Dental Clinic,"2400 Moorpark Ave, Suite 110",San Jose,CA,Active,408-975-2730,-121.93744844,37.31577486
"Center for Family Health & Education, Inc. dba Priority Care Medical Group Long Beach 2",306 E Pacific Coast Hwy,Long Beach,CA,Active,562-477-3500,-118.18860009,33.789618
Huckleberry Youth Programs,"361 3rd St, Suite G",San Rafael,CA,Active,415-258-4944,-122.51727062,37.96951997
Complete Care Community Health Center - N. Vermont Avenue,"1300 N Vermont Ave, Suite 606",Los Angeles,CA,Active,323-660-6200,-118.29049997,34.09645001
La Maestra Lemon Grove Clinic,7967 Broadway,Lemon Grove,CA,Active,619-741-7423,-117.02707081,32.74220959
LifeLong Richmond,2600 Macdonald Ave STE B,Richmond,CA,Active,510-981-3227,-122.34352676,37.93514763
Elica Health Centers - Cadillac Drive,77 Cadillac Dr STE 200,Sacramento,CA,Active,916-454-2345,-121.41815819,38.5725526
Western Sierra Medical Clinic - Rock Creek,3257 Professional Dr STE C,Auburn,CA,Active,530-274-9762,-121.10107633,38.94327831
SCMC Long Beach,1627 East Anaheim Street,Long Beach,CA,Active,562-218-8181,-118.17129707,33.78262347
Newhall Behavioral Health,"23206 Lyons Ave, Suite 202",Newhall,CA,Active,661-468-7405,-118.53852652,34.37903963
Mt. Shasta Health Center,101 Old McCloud Rd,Mount Shasta,CA,Active,530-999-9040,-122.31060465,41.30475104
COMMUNITY HEALTH CENTERS WOMENS HEALTH,"1551 Bishop St, Ste 240",San Luis Obispo,CA,Active,805-549-0402,-120.64577344,35.27456778
Children's Hospital Los Angeles - Beachwood House,2471 N Beachwood Dr,Los Angeles,CA,Active,323-361-2153,-118.32153573,34.11492708
Family HealthCare Network  -  Tulare Cherry Street Health Center #2,"858 N Cherry St, Suite D",Tulare,CA,Active,877-960-3426,-119.33723255,36.22015999
Tri-State Community Healthcare Center,4137 Verdugo Rd,Los Angeles,CA,Active,323-344-9255,-118.23215665,34.12607836
Venice Family Clinic - Inglewood Health Center,1091 S La Brea Ave,Inglewood,CA,Active,310-802-6177,-118.35299544,33.9492622
NORWALK REGIONAL HEALTH CENTER,12360 Firestone Blvd,Norwalk,CA,Active,562-281-0305,-118.06984,33.905947
Banning Community Health Center,940 E Williams St,Banning,CA,Active,951-849-6794,-116.86659534,33.92674141
Tri-State Community Healthcare Center,11888 Bartlett Ave,Adelanto,CA,Active,760-530-9944,-117.40685703,34.57950383
WATTS WIC COMPTON,1900 N Long Beach Blvd,Compton,CA,Active,310-639-3061,-118.20787369,33.90872509
Frontier High School,545 Airport Way,Camarillo,CA,Active,805-659-1740,-119.07636048,34.20675695
SCV Dental & Wellness Center,17909 Soledad Canyon Rd,Canyon Country,CA,Active,818-898-1388,-118.44581337,34.41695144
NorthCountry Clinic,785 18th St,Arcata,CA,Active,707-822-2481,-124.08379996,40.87590002
Family HealthCare Network - Exeter,330 E Pine St,Exeter,CA,Active,877-960-3426,-119.13912794,36.29680135
Mowry II Health clinic,"1999 Mowry Ave, Suite A",Fremont,CA,Active,510-770-8040,-121.9813878,37.55844202
"All for Health, Health for All",519 E Broadway,Glendale,CA,Active,818-409-3020,-118.2492533,34.14656633
NEMS PORTOLA ENROLLMENT SERVICE CENTER,2629 San Bruno Ave,San Francisco,CA,Active,888-500-1886,-122.40391099,37.72843951
Ravenswood Family Health Center,1801 Bay Rd,East Palo Alto,CA,Active,650-330-7400,-122.13441521,37.47198265
SAC Rialto USD,815 S Willow Ave,Rialto,CA,Active,909-382-7100,-117.37461355,34.08624218
Aria Community Health Center  Stratford,20326 Main St,Stratford,CA,Active,559-947-3500,-119.8230003,36.18978867
ACHCH Cardea Health Eddie's Place Medical Respite,170 Hegenberger Loop,Oakland,CA,Active,510-377-2872,-122.19477924,37.73571362
Tamalpais High School Teen Clinic,700 Miller Ave,Mill Valley,CA,Active,415-448-1500,-122.53052526,37.89287979
FHCCGLA Downey Family  Medical Center,12113 Woodruff Ave,Downey,CA,Active,562-928-9600,-118.11752155,33.92389948
Neighborhood Healthcare ~ Escondido Ohio Ave Admin,910 E Ohio Ave,Escondido,CA,Active,760-520-8300,-117.07026888,33.12715659
Children's Hospital Oakland Teen,5400 Telegraph Ave,Oakland,CA,Active,510-428-3387,-122.26134044,37.83919764
Imperial Beach Mobile Clinic #1,949 Palm Ave,Imperial Beach,CA,Active,619-429-3733,-117.11338044,32.58363794
Greenville Rancheria Tribal Health Program  -  Red Bluff,1425 Montgomery Rd,Red Bluff,CA,Active,530-528-8600,-122.22570763,40.15774115
Caritas Campus,301 6th St,Santa Rosa,CA,Active,707-303-3600,-122.71890585,38.44031345
Morongo Basin Community Health Center- Mobile Med. Unit (MMU),6380 Split Rock Ave,Twentynine Palms,CA,Active,760-365-9305,-116.06067686,34.13778214
SOUTHERN TRINITY HEALTH SERVICES,321 Van Duzen Rd,Mad River,CA,Active,707-574-6616,-123.52953949,40.45987582
ALLIANCE MEDICAL CENTER,1381 University St,Healdsburg,CA,Active,707-431-8234,-122.86549125,38.62736388
Families Together of Orange County,661 W 1st St STE A,Tustin,CA,Active,714-665-9890,-117.83123304,33.74577754
ROADS Community Clinic - Compton,121 S Long Beach Blvd,Compton,CA,Active,310-627-5850,-118.20846713,33.89491335
CLCHC Family Health Center,27800 Medical Center Rd,Mission Viejo,CA,Active,949-866-3600,-117.66391466,33.561033020000004
AltaMed PACE  -  Sunland,8800 Foothill Blvd,Sunland,CA,Active,855-252-7223,-118.32475178,34.26065246
"Community Medical Centers, California Street",2349 N California St,Stockton,CA,Active,209-469-2229,-121.29133681,37.97522595
"Community Medical Centers, Human Resources Center",7273 Murray Dr STE 17B,Stockton,CA,Active,209-373-2800,-121.30132385,38.01631811
Elica Health Centers North Highlands,4815 Watt Ave,North Highlands,CA,Active,916-454-2345,-121.38369332,38.65307683
Eisner Health at Sherman Oaks Dental,15477 Ventura Blvd UNIT LOWER,Sherman Oaks,CA,Active,818-647-7973,-118.47122864,34.15468022
Promaster Van,1300 N Dutton Ave,Santa Rosa,CA,Active,707-303-3600,-122.73302852,38.44978995
"Community Medical Centers, Manteca",200 Cottage Ave,Manteca,CA,Active,209-624-5800,-121.1979345,37.80080643
Venice Family Clinic at Santa Monica High School,601 Pico Blvd,Santa Monica,CA,Active,310-392-8630,-118.48510728,34.01126718
Fair Oaks Health Center,2710 Middlefield Rd,Redwood City,CA,Active,650-363-4602,-122.21181839,37.47569906
Golden Valley Health Centers - Modesto Paradise Suite E103,401 Paradise Rd,Modesto,CA,Active,209-722-4842,-121.01281304,37.6280065
Family HealthCare Network - Delano,1230 Jefferson St,Delano,CA,Active,877-960-3426,-119.24481854,35.77292419
REDWOOD COAST MED SVC RESRC CTR,38550 S Highway 1,Gualala,CA,Active,707-884-4005,-123.53790664,38.77403595
UMMA Health Vermont Clinic,8114 S Vermont Ave,Los Angeles,CA,Active,323-789-5616,-118.29134789,33.96504666
Radiant Health Centers,"17982 Sky Park Cir, Suite J",Irvine,CA,Active,949-809-5700,-117.85927151,33.68991723
VHC Moorpark- Internal Medicine,2400 Moorpark Ave STE 220,San Jose,CA,Active,408-885-7049,-121.93712197,37.31608248
Gardner Packard Children's Health Center - Suite 102,3301 El Camino Real STE 102,Atherton,CA,Active,650-497-8820,-122.20764672,37.46630865
Forestville Wellness Center,6550 Front St,Forestville,CA,Active,707-887-0290,-122.8913765,38.47351639
Regional Medical Community Health Center,2505 E Divisadero St,Fresno,CA,Active,559-457-5500,-119.78107142,36.74350323
OHI - Couch Head Start,579 Couch St,Vallejo,CA,Active,707-558-2000,-122.25154727,38.12693853
Family Wellness Center - Unity Building,453 1st St,Woodland,CA,Active,530-662-2211,-121.7729826,38.67586011
Maria X Martinez Health Resource Center,555 Stevenson St,San Francisco,CA,Active,628-217-5800,-122.41077971,37.78081634
"West County Health Centers, Inc.",14045 Mill St,Guerneville,CA,Active,707-869-1594,-123.00011392,38.50244142
Aria Community Health Center Hanford 103 [Wee Dental],329 W 8th St STE 103,Hanford,CA,Active,559-587-2505 x2630,-119.65021784,36.32685848
REDWOOD COAST MEDICAL SERVICES,46900 Ocean Dr,Gualala,CA,Active,707-884-4005,-123.53289346,38.76971556
La Maestra Rea Avenue Clinic,181 Rea Ave,El Cajon,CA,Active,619-779-7900,-116.96042773,32.79542714
La Mesa Family Counseling Center,7290 El Cajon Blvd,San Diego,CA,Active,619-906-5347,-117.04069157,32.76904811
"Triangle Square, First Floor Mental Health Office",1602 Ivar Ave,Los Angeles,CA,Active,323-993-7500,-118.32812575,34.10001001
Lake Elsinore Community Health Center,2499 E Lakeshore Dr,Lake Elsinore,CA,Active,951-471-4200,-117.30218147,33.6589645
Cottage,870 Melvin Ct,Hayward,CA,Active,510-471-5907,-122.08709936,37.67391485
Tarzana Treatment Centers-Palmdale II,1037 E Palmdale Blvd,Palmdale,CA,Active,818-996-1051,-118.11046583,34.57966224
CNHF - Corporate Office,"10350 Heritage Park Dr, Suite 200",Santa Fe Springs,CA,Active,213-536-5815,-118.07516318,33.94130111
Mission Middle School,939 E Mission Ave RM Lcr,Escondido,CA,Active,760-520-8300,-117.07384773,33.13439556
Universal Community Health Center - Quincy,900 E 33rd St,Los Angeles,CA,Active,323-233-3100,-118.26010185,34.01424715
SAC Hospitality Lane Administration Ste 106,"275 W Hospitality Ln, Suite 106",San Bernardino,CA,Active,909-382-7100,-117.28921534,34.06532914
The Children's Clinic Family Health Center Westside,2125 Santa Fe Ave,Long Beach,CA,Active,844-822-4646,-118.21580397,33.79630102
Moorpark Family Medical Clinic,612 Spring Rd,Moorpark,CA,Active,805-523-5400,-118.87396207,34.28434739
AltaMed Medical Group: Mobile Van,2035 Camfield Ave,Los Angeles,CA,Active,888-499-9303,-118.1565523,34.00915919
AltaMed Behavioral Health at Johnnie Cochran Jr. Middle School,4066 W Johnnie Cochran Vis,Los Angeles,CA,Active,888-499-9303,-118.32666998,34.041764
San Ysidro Health Wellness Clinic,"480 4th Ave, Suite 506",Chula Vista,CA,Active,619-662-4100,-117.08247687,32.633924
APLA Health-Olympic #310,5901 W Olympic Blvd STE 310,Los Angeles,CA,Active,323-215-1725,-118.36024051,34.05793491
FRANKLIN MCKINLEY NEIGHBRHD HLTH CLINIC,645 Wool Creek Dr,San Jose,CA,Active,408-284-2282,-121.84913009,37.3151984
COMMUNITY HEALTH CENTERS SANTA MARIA,2801 Santa Maria Way,Santa Maria,CA,Active,805-934-5400,-120.43466599,34.90880898
Serve The People Community Health Center,"1206 E 17th St, Ste 101",Santa Ana,CA,Active,714-392-6626,-117.85347475,33.75921671
Via Care Los Angeles Trade Tech College,400 W Washington Blvd,Los Angeles,CA,Active,323-268-9191,-118.26066601,34.028088
BACHC Kensington Shelter,45338 32nd St W,Lancaster,CA,Active,661-874-4050,-118.18721503,34.70466258
Mobile Health Clinic #1,47923 Oasis St,Indio,CA,Active,760-863-8283,-116.22097955,33.70104225
St. Joseph Neighborhood Health - Pediatric Health,363 S Main St STE 310,Orange,CA,Active,714-771-8006,-117.8672753,33.78278759
Kern Mobile Unit,301 Brundage Ln,Bakersfield,CA,Active,661-635-3050,-119.00545737,35.35329703
Aria Community Health Center - Mobile2,20326 Main St,Stratford,CA,Active,559-386-4502,-119.8230003,36.18978867
LACHC Street Team Admin at TPC,627 San Julian St,Los Angeles,CA,Active,213-893-2960,-118.24690494,34.04239239
CHCA Fresno Pediatrics Health Center,"5479 N Fresno St, Suite 104",Fresno,CA,Active,559-438-4100,-119.78208554,36.81739499
East Niles Community Health Center,7800 Niles St,Bakersfield,CA,Active,661-328-4284,-118.91833101,35.376956
Frederick Joyce Elementary School,6050 Watt Ave,North Highlands,CA,Active,916-566-1880,-121.38279092,38.67610754
HCHC-El Monte,3401 Aero Jet Ave,El Monte,CA,Active,626-286-8700,-118.06961067,34.07007627
T.H.E. Health and Wellness Center at Crenshaw High School,3206 W 50th St,Los Angeles,CA,Active,323-730-1920 x3053,-118.3284596,33.99797359
Las Islas Mobile Clinic,325 W Channel Islands Blvd,Oxnard,CA,Active,805-240-7053,-119.18079505,34.17399997
TrueCare Mobile Unit 3,150 Valpreda Rd,San Marcos,CA,Active,760-736-6767,-117.15697036,33.14041617
Altura Centers Health Mobile Clinic 2,1134 E Cartmill Ave,Tulare,CA,Active,559-686-9097,-119.32991749,36.24092323
North Marks Medical Clinic,4011 N Marks Ave,Fresno,CA,Active,559-860-4925,-119.84572221,36.79445083
Omni Family Health,"6700 Niles St, Suite 185",Bakersfield,CA,Active,866-707-6664,-118.92925389,35.3767291
So-Cal Community Health Center- North Hills,15343 Parthenia St,North Hills,CA,Active,818-839-5666,-118.4669004,34.22841704
Indian Health Center of Santa Clara Valley - Family Medicine Center,"455 Oconnor Dr, Suite 200",San Jose,CA,Active,408-283-7676,-121.9403205,37.3266873
Western Sierra Medical Clinic - Greenlee Building,3720 Grass Valley Hwy,Auburn,CA,Active,530-537-3000,-121.10008961,38.95079512
San Ysidro Health Chula Vista,678 3rd Ave,Chula Vista,CA,Active,619-662-4100,-117.07535041,32.62859411
Center Point Outpatient Services,"1601 2nd St, Suite 108",San Rafael,CA,Active,415-448-1500,-122.53634993,37.9720832
Wesley Health Centers - Hacienda Heights,15898 Gale Ave,Hacienda Heights,CA,Active,323-201-4516,-117.96295515,34.00985179
Ontario Archibald,2680 E Riverside Dr,Ontario,CA,Active,909-630-7939,-117.59462566,34.01883598
Logan Heights Patient Care Support Services,1827 Logan Ave STE 2,San Diego,CA,Active,619-906-4621,-117.14552471,32.70228118
County of Monterey - Seaside Family Health Center,1156 Fremont Blvd,Seaside,CA,Active,831-899-8100,-121.84718096,36.60146044
ARROYO VISTA FAMILY HEALTH CENTER  ~  El Sereno Huntington Dr.,4837 Huntington Dr N,Los Angeles,CA,Active,323-225-0024,-118.17920649,34.0861919
Mowry III Health Clinic,1860 Mowry Ave STE 400,Fremont,CA,Active,510-770-8040,-121.97978057,37.55888333
AltaMed Administration Building,455 W Montana St,Pasadena,CA,Active,888-499-9303,-118.16016498,34.18116142
Altura Centers for Health Cartmill Campus,1134 E Cartmill Ave,Tulare,CA,Active,559-686-9097,-119.32991749,36.24092323
"ChapCare by AltaMed Medical Group  -  El Monte, Vacco","10408 Vacco St, Unit A",South El Monte,CA,Active,888-499-9303,-118.04479001,34.04721299
Via Care Tweedy Health Center,4476 Tweedy Blvd,South Gate,CA,Active,323-268-9191,-118.19314652,33.9425014
TrueCare Vista Way Health Center Ste G,"3998 Vista Way, Suite G",Oceanside,CA,Active,760-736-6767,-117.29260096,33.18424699
Omni Family Health- Mobile #2,"4900 California Ave, Suite 400 B",Bakersfield,CA,Active,866-707-6664,-119.05700272,35.36490597
Northeast Community Clinic,2822 E Florence Ave,Huntington Park,CA,Active,323-923-1900,-118.2192118,33.97338041
"LifeLong Berkeley Food and Housing, Russell Street Residence - Supportive Housing Program",1741 Russell St,Berkeley,CA,Active,510-843-3420,-122.27340099,37.85613156
North Fine Community Health Center,"1945 N Fine Ave, #100",Fresno,CA,Active,559-457-5650,-119.72907654,36.76819891
San Ysidro Health Urgent Care,"333 H St, Suite 2080",Chula Vista,CA,Active,619-662-4100,-117.07849002,32.63441199
SCFHC Vision Center,4411 S Central Ave,Los Angeles,CA,Active,323-908-4200,-118.2565137,34.00352551
Open Door RX,2515 Harrison Ave,Eureka,CA,Active,707-268-3510,-124.13966476,40.78456778
MID-CITY COMMUNITY CLINIC,4290 Polk Ave,San Diego,CA,Active,619-563-0250,-117.10233427,32.75173165
AltaMed Dental Group - Trailer #1,1800 W Ball Rd,Anaheim,CA,Active,888-499-9303,-117.94785238,33.81785177
CSC Medical Mobile Van,555 W Las Tunas Dr,San Gabriel,CA,Active,626-457-9618,-118.10828,34.10262798
CLINCA MSR OSCAR A. ROMERO-NE,2032 Marengo St,Los Angeles,CA,Active,323-987-1030,-118.20742215,34.05638506
Equity Health - LoPrest - 555,555 Minna St,San Francisco,CA,Active,415-503-6000,-122.40941908,37.77953509
Altura Centers for Health South Tulare,3035 E Bardsley Ave,Tulare,CA,Active,559-686-9097,-119.30298325,36.19579573
Wildcat Wellness Center,1023 Macarthur Blvd,Oakland,CA,Active,510-874-7152,-122.23689998,37.80443998
SOS Center for Health and Innovation - Admin Only Site,"20151 SW Birch St, Suite 100",Newport Beach,CA,Active,949-270-2100,-117.87585217,33.65920082
Davis Street Primary Care Clinic,3081 Teagarden St,San Leandro,CA,Active,510-347-4620,-122.15344774,37.70498841
Wesley Health Centers - Michael Antonovich Dental Clinic,1845 N Fair Oaks Ave STE 1101,Pasadena,CA,Active,562-867-7999,-118.15079745,34.17780501
OHI  -  Virginia Head Start,1328 Virginia St,Vallejo,CA,Active,707-558-2000,-122.24059975,38.10195304
Medical Mobile Unit Teen Van #2,660 S Fair Oaks Ave,Sunnyvale,CA,Active,408-885-4782,-122.02363578,37.36490379
"AltaMed Medical and Dental Group: Santa Ana, Main",1400 N Main St,Santa Ana,CA,Active,888-499-9303,-117.86805624,33.75692267
Venice Family Clinic - Carole Keen Carson Wellness Center,270 E 223rd St,Carson,CA,Active,310-221-6800,-118.27283402,33.823766
LifeLong West County Health Center  -  Pinole,806 San Pablo Ave STE 1,Pinole,CA,Active,510-981-3255,-122.30734694,38.00523396
TVSC - Annex / Mobile Health Services,2412 Buhne St,Eureka,CA,Active,707-443-4666,-124.14109999,40.78570001
United Health Centers Corporate Offices,3875 W Beechwood Ave,Fresno,CA,Active,559-646-6618 x0010,-119.86404287,36.83851168
Wellspace Health - Placer Community Health Center,100 Stonehouse Ct,Roseville,CA,Active,916-737-5555,-121.25237111,38.7699947
United Health Centers Corcoran,1000 Chittenden Ave,Corcoran,CA,Active,559-646-6618 x0010,-119.55999998,36.09923
United Health Centers Fresno Wayte Lane 2100,"290 N Wayte Ln, #2100",Fresno,CA,Active,559-646-6618 x0010,-119.78317561,36.74652859
"Center for Family Health & Education, Inc. dba Priority Care Medical Group - Long Beach 1",455 W Willow St,Long Beach,CA,Active,562-427-1700,-118.19729187,33.80463317
ACHCH Lifelong North Oakland Street Health Team Zone 11 Mobile Health Unit,386 14th St,Oakland,CA,Active,510-210-5050,-122.2695003,37.80387789
MCHC - Dora Street Admin - Suite E,1165 S Dora St,Ukiah,CA,Active,707-472-4511,-123.20834898,39.13530298
SANTA BARBARA COUNTY PUBLIC HEALTH DEPARTMENT,345 Camino del Remedio,Santa Barbara,CA,Active,805-681-5363,-119.77950201,34.44554431
VALLEY COMMUNITY HEALTHCARE,6801 Coldwater Canyon Ave,North Hollywood,CA,Active,818-763-8836,-118.41397169,34.19443899
Pacific Avenue Academy of Music,6110 45th St,Jurupa Valley,CA,Active,760-520-8300,-117.42554959,33.99268699
Rose Elementary School,906 N Rose St RM 40,Escondido,CA,Active,760-520-8300,-117.06471343,33.14189563
Escondido Family Counseling Center,157 E Valley Pkwy,Escondido,CA,Active,619-515-2300,-117.08078104,33.12298026
NORTH EAST MEDICAL SERVICES - CLEMENT,1019 Clement St,San Francisco,CA,Active,888-500-1886,-122.47028796,37.78247324
The Center at Blessed Sacrament,6636 Selma Ave,Los Angeles,CA,Active,323-378-3225,-118.33447596,34.09970173
Blackstone Community Health Center,1685 E Home Ave,Fresno,CA,Active,559-457-6900,-119.79088939,36.76330753
The ROADS Foundation - ROADS Mobile 2,4800 E Los Coyotes Diagonal,Long Beach,CA,Active,310-627-5850,-118.13765832,33.79290194
CMWC - Palo Verde,3325 Palo Verde Ave STE 208,Long Beach,CA,Active,562-270-0324,-118.10787507,33.81701249
County of Monterey - Laurel Internal Medicine Clinic,"1441 Constitution Blvd, Suite 151",Salinas,CA,Active,831-769-8640,-121.63229093,36.69628918
Aria Community Health Center,210 E Merced St,Fowler,CA,Active,559-834-5341,-119.67870776,36.63095405
Transitions to Wellness,7843 Lankershim Blvd,North Hollywood,CA,Active,818-765-8656,-118.3880665,34.21329651
Santa Paula Medical Clinic,1334 E Main St,Santa Paula,CA,Active,805-933-1122,-119.05304831,34.3562698
NEVHC Santa Clarita Health Center,18533 Soledad Canyon Rd,Canyon Country,CA,Active,661-673-8800,-118.4566122,34.41771679
API Wellness at San Francisco LGBT Center,1800 Market St,San Francisco,CA,Active,415-292-3400 x750,-122.42405405,37.77178522
United Health Centers Fresno Minnewawa,645 S Minnewawa Ave,Fresno,CA,Active,559-646-6618 x0010,-119.70863887,36.7362585
SJCH Indio Health Center,"82025 US Highway 111, Apt 101",Indio,CA,Active,909-703-4099,-116.23285825,33.7145853
La Maestra Family Clinic Inc. CCBHC,4157 Fairmount Ave,San Diego,CA,Active,619-280-4213,-117.10063417,32.75246473
BeverlyCare - Administration,101 E Beverly Blvd STE 104A,Montebello,CA,Active,323-405-1469,-118.09838977,34.01556096
Eisner Health at East Los Angeles,"3500 Whittier Blvd, Suite 105",Los Angeles,CA,Active,213-747-5542,-118.19847003,34.02630899
Tarzana Treatment Centers-Reseda,7101 Baird Ave,Reseda,CA,Active,818-342-5897,-118.53747962,34.19949512
BeverlyCare - Administration II,"101 E Beverly Blvd, Ste 307",Montebello,CA,Active,323-920-0505,-118.09844006,34.01556205
AltaMed PACE  -  Pomona,2277 N Garey Ave,Pomona,CA,Active,855-252-7223,-117.75117002,34.08954299
Eisner Health at Nevin Avenue Elementary School,1569 E 32nd St,Los Angeles,CA,Active,213-747-5542,-118.24677016,34.01239612
Neighborhood Healthcare ~ Chablis Court,2180 Chablis Ct STE 107,Escondido,CA,Active,760-520-8300,-117.11646146,33.11102381
La Maestra Family Clinic Inc. Wellness Supportive Services,4175 Fairmount Ave,San Diego,CA,Active,619-280-4213,-117.10056099,32.75279099
Valley Health Center Lenzen,976 Lenzen Ave,San Jose,CA,Active,408-792-5509,-121.91183201,37.33429535
South Napa Shelter,100 Hartle Ct,Napa,CA,Active,707-252-4096,-122.27960033,38.28362023
Sacramento Community Clinic - Explorer Drive Admin,3040 Explorer Dr,Sacramento,CA,Active,916-642-1867,-121.33267032,38.56385013
La Maestra El Cajon Medical Clinic,165 S 1st St,El Cajon,CA,Active,619-312-0347,-116.94420891,32.79402153
Los Angeles Christian Health Centers at Pico Aliso,1625 E 4th St,Los Angeles,CA,Active,323-268-8391,-118.22187608,34.04311035
Mission City Community Network - Wilshire,"3660 Wilshire Blvd, Ste 102",Los Angeles,CA,Active,818-895-3100,-118.3049803,34.06169139
Hurtt Family Health Clinic - Administration,"14642 Newport Ave, Suite 300",Tustin,CA,Active,714-247-0300,-117.8289167,33.73054733
501 Supportive Services Center,501 S Atlantic Blvd,Los Angeles,CA,Active,323-268-9191,-118.15554203,34.02709412
OPSAM HEALTH: 2835 Highland,2835 Highland Ave,National City,CA,Active,844-200-2426,-117.09119506,32.66029543
Western Sierra Medical Clinic - Litton Drive,"140 Litton Dr, Suite 100",Grass Valley,CA,Active,530-274-9762,-121.05241703,39.23391398
Venice Family Clinic - Bill's Clinic at Safe Place for Youth (SPY),2469 Lincoln Blvd,Venice,CA,Active,310-392-8630,-118.45070547,33.99281126
AltaMed Urgent Care - Anaheim,1325 N Anaheim Blvd,Anaheim,CA,Active,888-499-9303,-117.9207272,33.85319356
Mendocino Coast Clinics,855 Sequoia Cir,Fort Bragg,CA,Active,707-964-1251,-123.80255408,39.43013299
Aria Community Health Center Hanford 107  [Wee Dental],329 W 8th St STE 107,Hanford,CA,Active,559-587-2505 x2630,-119.650361,36.32686179
La Maestra Family Clinic,4060 Fairmount Ave,San Diego,CA,Active,619-280-4213,-117.1010567,32.75047729
Wilmington Family Health Center,200 E Anaheim St,Wilmington,CA,Active,310-522-8700,-118.26081245,33.77994595
Mobile Dental Clinic,3255 N Texas St,Fairfield,CA,Active,707-784-2120,-122.0341575,38.28804101
RECOVERY POINT,401 W Morrison Ave STE C,Santa Maria,CA,Active,805-346-8185,-120.44102283,34.94319125
"Benevolence industries, Inc. - Compton",920 N Long Beach Blvd STE 1,Compton,CA,Active,323-732-0100,-118.2082376,33.90206385
JWCH Medical Clinic - Lynwood,3591 E Imperial Hwy,Lynwood,CA,Active,310-638-9007,-118.20548267,33.93075311
Omni Family Health,"9900 Stockdale Hwy, Suite 205",Bakersfield,CA,Active,866-707-6664,-119.11271606,35.35503657
DAP Health,1695 N Sunrise Way STE 201,Palm Springs,CA,Active,760-323-2118,-116.52867715,33.84336167
Aria Community Health Center,569 W Putnam Ave,Porterville,CA,Active,559-781-9301,-119.0296773,36.06898734
Ravenswood Family Health Center at 1803 Bay Road,1803 Bay Rd,East Palo Alto,CA,Active,650-330-7400,-122.13441521,37.47198265
Grossmont Spring Valley Family Health Center,8788 Jamacha Rd,Spring Valley,CA,Active,619-515-2555,-117.009845,32.71506254
St. Anthony Medical Centers - Pico Site,2515 W Pico Blvd,Los Angeles,CA,Active,213-384-4555,-118.29227995,34.04744098
Edison Pacific Health Center,437 S Pacific Ave,Glendale,CA,Active,818-241-1500,-118.26444935,34.14024131
MVHC HealthHub Express,610 W 3rd St,Dorris,CA,Active,530-999-9070,-121.92460904000001,41.96448326
Mobile Medical Van,16 Ritter St,San Rafael,CA,Active,415-457-8182,-122.52522831,37.97138805
"Community Medical Centers, Vacaville Suite 210","600 Nut Tree Rd, Suite 210",Vacaville,CA,Active,707-359-1800,-121.94904849,38.36137919
"Tzu Chi Mobile Unit, Vision",10414 Vacco St,South El Monte,CA,Active,626-281-3833,-118.04465817,34.04717226
"Community Medical Centers, Lodi","2401 W Turner Rd, Suite 450",Lodi,CA,Active,209-370-1700,-121.30559644,38.14611356
Mobile Health Clinic #6,40910,Fremont,CA,Active,510-770-8040,-121.96799699,37.53321799
American Indian Health and Services Carpinteria Dental,5412 Carpinteria Ave,Carpinteria,CA,Active,805-696-1002,-119.51371,34.39540798
Salud at 150 Carnation,"150 Carnation Dr, Ste 2",Freedom,CA,Active,831-728-0222,-121.77069065,36.93716132
TL Health Care Foundation,"1418 S San Gabriel Blvd, Ste B",San Gabriel,CA,Active,626-782-7021,-118.09073542,34.08253781
Ethel Baker Elementary School,5717 Laurine Way,Sacramento,CA,Active,916-315-4560,-121.45199501,38.52119802
TrueCare Mobile Unit,150 Valpreda Rd,San Marcos,CA,Active,760-736-6767,-117.15697036,33.14041617
Gilroy Health Clinic II,"9460 N Name Uno, Suite 215",Gilroy,CA,Active,408-797-2510,-121.57114494,37.03773716
REDWAY FAMILY RESOURCE CENTER/REDWAY ELEMENTARY,344 Humboldt Ave,Redway,CA,Active,707-923-2783,-123.8249155,40.11948363
NORTHEAST COMMUNITY CLINIC,"1414 S Grand Ave, Ste 456",Los Angeles,CA,Active,213-745-6047,-118.26569993,34.03663977
DAP Health -Borrego Springs Community Health Center,4343 Yaqui Pass Rd,Borrego Springs,CA,Active,760-767-5051,-116.32887999,33.19392184
Indian Health Center of Santa Clara Valley - Development and Communications,"1631 Willow St, Ste 102",San Jose,CA,Active,408-445-3400,-121.91470021,37.30391707
DOCTORS OFFICE/FAIR OAKS COMMUNITY HEALTH CENTERS,1057 E Grand Ave,Arroyo Grande,CA,Active,805-481-7220,-120.59539997,35.11883001
Pajaro Valley Mobile,45 Neilson St,Watsonville,CA,Active,831-728-8250,-121.79221748,36.92824535
Innercare Brawley,900 Main St,Brawley,CA,Active,760-344-6471,-115.52858803,32.97851799
WellSpace Health - Perinatal Education Center,"7501 Hospital Dr, Suite 204",Sacramento,CA,Active,916-392-2290,-121.41672313,38.46462047
Yehowa Medical Services - Wilmington,1037 E Pacific Coast Hwy,Wilmington,CA,Active,323-776-1500,-118.24963325,33.79113563
Family HealthCare Network - Tulare Hillman,1062 S K St,Tulare,CA,Active,877-960-3426,-119.34157798,36.195777
Centro Medico Community Clinic- Avalon,"11900 Avalon Blvd, Suite 100",Los Angeles,CA,Active,951-278-8910,-118.26504388,33.92439825
SILVER AVENUE HEALTH CENTER,1525 Silver Ave,San Francisco,CA,Active,415-657-1700,-122.40639296,37.7323355
Livingstone Community Health Clinic,"12362 Beach Blvd, Suite 10",Stanton,CA,Active,714-248-9500,-117.99231377,33.78299583
KMOH ADMINISTRATIVE OFFICES  -  OFFICE PARK,5101 Office Park Dr,Bakersfield,CA,Active,661-326-2800,-119.05808994,35.36595798
Tri-State Community Healthcare Center,"31739 Riverside Dr, Suite A 1",Lake Elsinore,CA,Active,760-326-0222,-117.37392822,33.67729861
AltaMed PACE - Lynwood,3820 Martin Luther King Jr Blvd,Lynwood,CA,Active,888-499-9303,-118.19845796,33.92748199
Family HealthCare Network - Farmersville East,682 E Visalia Rd,Farmersville,CA,Active,877-960-3426,-119.20095789,36.29823621
SAC Blythe Medical,332 W Hobsonway,Blythe,CA,Active,909-382-7100,-114.599804,33.61017298
JWCH MEDICAL CLINIC @ WEINGART,515 E 6th St,Los Angeles,CA,Active,213-622-2639,-118.24476881,34.04212941
Eastside Neighborhood Clinic,915 N Milpas St,Santa Barbara,CA,Active,844-594-0343,-119.69116344,34.43025591
Hickory Head Start,635 N Hickory St,Escondido,CA,Active,760-520-8300,-117.07850108,33.12902646
Waterford Bentley St Center,12633 Bentley St,Waterford,CA,Active,209-850-3500,-120.76088975,37.64097049
"ChapCare by AltaMed General Pediatrics and Dental Group  -  Pasadena, Lincoln",2055 Lincoln Ave,Pasadena,CA,Active,888-499-9303,-118.15981102,34.18098398
Wesley Lounge,"5520 Santa Monica Blvd, Suite 110",Los Angeles,CA,Active,866-733-5924,-118.31036106,34.09060787
Clinica Romero - Montebello,"540 N Montebello Blvd, Suite D",Montebello,CA,Active,323-728-0080,-118.10524273,34.01851285
Peach Tree Lindhurst High School,4446 Olive Ave,Olivehurst,CA,Active,530-741-6150,-121.53707644,39.08413159
Perris Valley Community Health Center,450 E San Jacinto Ave,Perris,CA,Active,951-210-1480,-117.21680894,33.78731193
San Fernando Community Health Center-Admin,"444 S Brand Blvd, Suite 104",San Fernando,CA,Active,818-963-5690,-118.44191252,34.27994173
AHS Mobile Unit #2,1699 W Grand Ave,Oakland,CA,Active,510-986-6830,-122.29161604,37.81777031
ROOSEVELT HEALTH CENTER (aka Roosevelt Middle School-Based Clinic),1926 19th Ave,Oakland,CA,Active,510-535-2893,-122.23689477,37.7906946
Laura's Place,1861 Newton Ave,San Diego,CA,Active,619-515-2300 x4647,-117.14654001,32.70029274
Universal Community Health Center - Washington,1005 E Washington Blvd,Los Angeles,CA,Active,323-233-3100,-118.25285978,34.02602434
LA CLINICA DE LA RAZA - WIC PROGRAM,1450 Fruitvale Ave FL 1,Oakland,CA,Active,510-535-4000,-122.22544619,37.77832432
"Community Medical Centers, CareLink Dental Van",2650 Wigwam Dr,Stockton,CA,Active,209-636-5555,-121.25681553,37.98694863
LMC - EAST OAKLAND CLINIC,"10700 Macarthur Blvd, Ste 14",Oakland,CA,Active,510-563-4300,-122.15067526,37.74183622
CVFHC Administration,"264 Landis Ave, Ste 103",Chula Vista,CA,Active,619-515-2300,-117.08149317,32.6423406
Venice Family Clinic - HSD Health and Dignity Center,13435 Yukon Ave,Hawthorne,CA,Active,310-392-8636,-118.33609996,33.91071001
TCC Family Health and Wellness,1500 E Anaheim St,Long Beach,CA,Active,844-822-4646,-118.17278545,33.78257284
Mendocino Coast Clinics Family Wellness Center,"510 Cypress St, Ste C",Fort Bragg,CA,Active,707-964-1251,-123.79893989,39.43257853
La Clinica Dental Mobile,339 E Leland Rd,Pittsburg,CA,Active,510-535-4000,-121.88719717,38.01220989
SOUTHEAST HEALTH CENTER,2401 Keith St,San Francisco,CA,Active,415-671-7000,-122.39224515,37.72587812
Martinez Health Center-Specialty 3A,2500 Alhambra Ave,Martinez,CA,Active,925-370-5851,-122.13291803,38.006699
JWCH Medical Clinic @ Charles Cobb Hotel,521 S San Pedro St,Los Angeles,CA,Active,213-353-1118,-118.24455181,34.04357349
United Health Centers Fowler 6th Street,130 S 6th St,Fowler,CA,Active,559-646-6618,-119.67833569,36.62949409
Fresno Administrative Office,"1945 N Fine Ave, Suite 116",Fresno,CA,Active,559-457-5800,-119.72942272,36.7685536
DAP Health - Woolcott Dental,590 Palm Canyon Dr,Borrego Springs,CA,Active,760-767-5112,-116.3799982,33.25750059
LAC-CANOGA PARK HEALTH CENTER,7107 Remmet Ave,Canoga Park,CA,Active,818-340-3570,-118.60064196,34.19941
Apple Valley Health Center,20254 US Highway 18,Apple Valley,CA,Active,951-571-2300,-117.22034141,34.52666167
PACOIMA HEALTH CENTER,12756 Van Nuys Blvd,Pacoima,CA,Active,818-896-0531,-118.41071792,34.2738988
LA CLINICA NORTH VALLEJO SUPPORT SERVICES,190 Hospital Dr,Vallejo,CA,Active,707-645-7316,-122.23896361,38.13150377
Omni Family Health,860 Sequoia Ave,Lindsay,CA,Active,866-707-6664,-119.0960463,36.21373848
Cares Community Health dba One Community Health - Carmichael Health Center,"3637 Mission Ave, Ste 1",Carmichael,CA,Active,916-443-3299,-121.35526014,38.63156321
LA CLINICA OAKLEY,2021 Main St,Oakley,CA,Active,925-776-8200,-121.73285298,38.00391998
Santa Cruz Mountain Health Center 2,231 Main St STE A,Ben Lomond,CA,Active,831-427-3500,-122.08978719,37.09111039
AHS Administrative Office,200 Webster St,Oakland,CA,Active,510-735-3100,-122.27353359,37.79535249
COMMUNITY HEALTH CENTERS TEMPLETON,1330 Las Tablas Rd,Templeton,CA,Active,805-929-3211,-120.72373604,35.55476689
TC HOUSE,412 E Tunnell St,Santa Maria,CA,Active,805-925-2160,-120.43075885,34.95717097
Peach Tree North Sacramento II,3840 Rosin Ct,Sacramento,CA,Active,530-749-3242,-121.47330776,38.63756575
Garfield Health Center Atlantic,"701 S Atlantic Blvd, Ste 100",Monterey Park,CA,Active,626-307-7397,-118.13635082,34.05379606
KERN MEDICAL OUTPATIENT HEALTH (KMOH)  -  STOCKDALE 400,"9330 Stockdale Hwy, #400",Bakersfield,CA,Active,661-664-2200,-119.10645101,35.355233
United Health Centers Fresno Wayte Lane 2700,290 N Wayte Ln,Fresno,CA,Active,559-646-6618 x0010,-119.78317561,36.74652859
Wesley Health Centers- Crocker Care Campus,442 Crocker St,Los Angeles,CA,Active,866-733-5924,-118.24229909,34.04381061
Los Angeles Gay & Lesbian Center,1625 Schrader Blvd,Los Angeles,CA,Active,323-993-7500,-118.33259791,34.1004623
CSVS - NORTHMAIN CLINIC,2180 N Main St,Salinas,CA,Active,831-757-8689,-121.65586964,36.72671725
Hayward High School,1633 East Ave,Fairview,CA,Active,510-723-3170,-122.0685,37.67180999
ACHCH Shelter and Street Health Services,384 14th St,Oakland,CA,Active,510-891-8950,-122.2695003,37.80387789
Wesley Health Centers- Mobile Health Clinic II,45104 10th St W,Lancaster,CA,Active,661-942-2391,-118.14738141,34.70292723
Family HealthCare Network - Fresno First Street Admin,3445 N 1st St,Fresno,CA,Active,877-960-3426,-119.77415501,36.78183099
Rosa Parks Collaborative,920 Allston Way,Berkeley,CA,Active,510-883-5230,-122.29415173,37.86576735
"Central City Community Health Center, Inc.-  Anaheim 2",2243 W Ball Rd,Anaheim,CA,Active,714-490-2750,-117.961363,33.81844429
South County Mobile,45 Neilson St,Watsonville,CA,Active,831-728-8250,-121.79221748,36.92824535
WellSpace Health - Expo Parkway,1500 Expo Pkwy,Sacramento,CA,Active,916-550-5444,-121.45486347,38.59721979
Wesley Health Centers - MLK Recuperative Care Center,1670 E 120th St,Los Angeles,CA,Active,424-338-2111,-118.2444638,33.92407944
Omni Family Health,4600 Panama Ln UNIT 102B,Bakersfield,CA,Active,866-707-6664,-119.0543501,35.29641597
KERN MEDICAL OUTPATIENT HEALTH (KMOH)  -  STOCKDALE 100,"9300 Stockdale Hwy, Suite 100",Bakersfield,CA,Active,661-664-2200,-119.1054,35.35528601
Brimhall Community Health Center,"8307 Brimhall Rd, Suite 1702",Bakersfield,CA,Active,661-635-3050,-119.09487878,35.36670112
Hansen Admin Site,10 N Cottonwood St,Woodland,CA,Active,530-405-2800,-121.79259097,38.68558299
Isleton Elementary School,412 Union St,Isleton,CA,Active,916-777-6515,-121.60792398,38.16153659
Santa Paula High School,404 N 6th St,Santa Paula,CA,Active,805-659-1740,-119.06946376,34.35639559
Families Together of Orange County - Mobile Dental,"661 W 1st St, Suite G 1",Tustin,CA,Active,714-665-9890,-117.83124226,33.74604664
Monterey County Clinic at Marina,3155 De Forest Rd,Marina,CA,Active,831-384-1445,-121.79330754,36.68533668
Aria Community Health Center Administration,555 E St,Lemoore,CA,Active,559-386-4500,-119.78945676,36.30203069
Access-Laguna Hills,"24953 Paseo de Valencia, #7",Laguna Hills,CA,Active,714-352-5800,-117.70198258,33.60049816
El Proyecto del Barrio Mobile Clinic,20800 Sherman Way,Winnetka,CA,Active,818-883-2276,-118.58649004,34.20052198
"Central City Community Health Center, Inc - Mobile 06",1860 Hamner Ave,Norco,CA,Active,323-724-0019,-117.56214436,33.90918874
Families Together of Orange County - Fountain Valley - 257,"11180 Warner Ave, Suite 257",Fountain Valley,CA,Active,714-665-9890,-117.93346275,33.71630782
BHS- Nuestra Health Center,4511 Whittier Blvd,Los Angeles,CA,Active,323-264-2890,-118.17057958,34.02322151
Val Verde Health Center,30257 San Martinez Rd,Castaic,CA,Active,661-257-4008,-118.66437192,34.44753621
East Valley Community Health Center (EVCHC) El Monte,4368 Santa Anita Ave,El Monte,CA,Active,626-919-5724,-118.02915091,34.08583873
Aria Community Health Center,781 Sequoia Ave STE 1,Lindsay,CA,Active,559-562-9399,-119.09611009,36.2124087
KERN MEDICAL OUTPATIENT HEALTH (KMOH)  -  COLUMBUS 2000,"1111 Columbus St, Suite 2000",Bakersfield,CA,Active,661-326-2800,-118.98246196,35.3967541
AltaMed Dental Group at Taft Elementary School,1829 N Cambridge St,Orange,CA,Active,888-499-9303,-117.8441348,33.81813005
Santo Nino Family Medicine,"14860 Roscoe Blvd, Suite 200",Panorama City,CA,Active,818-830-7751,-118.45729574,34.2209012
Via Care 611 Administrative Site,611 S Atlantic Blvd,Los Angeles,CA,Active,323-268-9191,-118.15605345,34.02472845
Salud Health Center,"500 Jefferson Blvd, #180",West Sacramento,CA,Active,916-403-2900,-121.5270905,38.58756794
Central Valley PACE - Merced,727 W Childs Ave,Merced,CA,Active,209-620-4979,-120.49627717,37.28907431
Camarena Health--I Street,"509 S I St, Ste C",Madera,CA,Active,559-664-4000,-120.05895707,36.9546075
Gracelight Community Health - Westlake North,303 Loma Dr,Los Angeles,CA,Active,323-953-7330,-118.26633478,34.05981979
Valley Heatlh Center Alexian,2101 Alexian Dr,San Jose,CA,Active,408-272-6050,-121.84838217,37.35965823
JWCH Institute - Downtown Women's Center,442 S Los Angeles St,Los Angeles,CA,Active,213-223-2900,-118.24707027,34.04650599
Ampla Health Richland Medical,355 Samuel Dr,Yuba City,CA,Active,530-674-9200,-121.61033294,39.12358089
Chenming & Margaret Hu Medical Center,818 Webster St,Oakland,CA,Active,510-986-6800,-122.27094073,37.79936738
"Community Medical Centers, Weberstown Dental",83 W March Ln,Stockton,CA,Active,209-636-5555,-121.30775646,37.99590445
The Village,1125 N McCadden Pl,Los Angeles,CA,Active,323-993-7400,-118.33783132,34.09176117
Santa Paula West,254 W Harvard Blvd,Santa Paula,CA,Active,805-229-0200,-119.07594256,34.34432858
Mills Middle School,10439 Coloma Rd,Rancho Cordova,CA,Active,916-294-9045,-121.30318388,38.59836711
Family HealthCare Network - Hanford 5th Street Health Center,250 W 5th St,Hanford,CA,Active,877-960-3426,-119.64732063,36.32458443
SOS Community Health Center-Mission Viejo,"27725 Santa Margarita Pkwy, Ste 101",Mission Viejo,CA,Active,949-270-2100,-117.64747992,33.65373876
"AltaMed Medical Group: Pico Rivera, Passons",6336 Passons Boulevard,Pico Rivera,CA,Active,888-499-9303,-118.08619704,33.98524646
Valley Health Center Downtown,777 E Santa Clara St,San Jose,CA,Active,408-885-5348,-121.87497099,37.34396132
"Centro Medico Community Clinic, Riverside",10368 Arlington Ave,Riverside,CA,Active,951-509-5975,-117.47867996,33.94568199
Anderson Valley Health Center,13501 Airport Rd,Boonville,CA,Active,707-895-3477,-123.37914275,39.01332571
Logan Heights Family Health Center,1809 National Ave,San Diego,CA,Active,619-515-2300,-117.14670337,32.70144769
"Comprehensive Community Health Centers, Inc-Eagle Rock",1704 West Colorado Boulevard,Los Angeles,CA,Active,323-256-4116,-118.20393738,34.13931628
Family HealthCare Network  -  D Street,112 N D St,Porterville,CA,Active,877-960-3426,-119.0184033,36.06719026
OLE Health - North Napa Campus,"1141 Pear Tree Ln, Suite 100",Napa,CA,Active,707-254-1770,-122.29234895,38.32101529
East Cliff Family Health Center,1510 Capitola Rd,Santa Cruz,CA,Active,831-427-3500,-121.98482413,36.97605507
Almond Urgent Care,720 E Almond Ave,Madera,CA,Active,559-664-4000,-120.04975349,36.94528154
Venice Family Clinic - South Bay Family Health Care,2114 Artesia Blvd,Redondo Beach,CA,Active,310-802-6177,-118.3735529,33.87253828
Kheir Clinic,"3727 W 6th St, Suite 200",Los Angeles,CA,Active,213-235-2500,-118.30381689,34.06370481
PRIME WELLNESS COMMUNITY HEALTH CENTER,"8610 S Sepulveda Blvd, Ste 104",Los Angeles,CA,Active,310-659-7867,-118.39611849,33.95945044
Medical Clinic at Reentry Resource Center San Jose,151 W Mission St,San Jose,CA,Active,669-263-4017,-121.90369075,37.34982928
Fresno -Mobile Unit,2740 S Elm Ave,Fresno,CA,Active,559-457-5800,-119.79125526,36.70102638
Omni Family Health,2107 7th St,Wasco,CA,Active,866-707-6664,-119.34942736,35.59420969
CASA DEL SOL,1501 Fruitvale Ave,Oakland,CA,Active,510-535-6200,-122.22545508,37.77904311
Downtown Family Health Center at Connections,"1250 6th Ave, Ste 100",San Diego,CA,Active,619-515-2525,-117.15932073,32.71854518
GVHC - Modesto Mission Health Center,209 Kerr Ave,Modesto,CA,Active,209-383-1848,-120.97177089,37.63668231
BACHC PARKING GARAGE,Gingham Ave,Lancaster,CA,Active,661-874-4050,-118.12282866,34.68593542
Tri-State Community Healthcare Center,540 N San Jacinto St STE P,Hemet,CA,Active,951-929-4000,-116.95864255,33.75523199
Aria Community Health Center,"781 Sequoia Ave, Ste 4",Lindsay,CA,Active,559-562-9400,-119.0961276,36.21244156
CLCHC Mission Viejo Administrative Site,"27271 Las Ramblas, Suite 350",Mission Viejo,CA,Active,949-866-3600,-117.6705377,33.56664496
AltaMed Behavioral Health  -  4th St. Elementary School,420 Amalia Ave,Los Angeles,CA,Active,888-499-9030,-118.15340003,34.02859
LifeLong New Highland/Rise Community School,8521 A St,Oakland,CA,Active,510-407-1341,-122.17879998,37.75181999
Neighborhood Healthcare ~ Devonshire Avenue,1030 E Florida Ave,Hemet,CA,Active,760-520-8300,-116.96110498,33.74787499
Equity Health - LoPrest - 551,551 Minna St,San Francisco,CA,Active,415-697-0490,-122.4092511,37.77949121
CSC - Community Health Center Alhambra,726 E Main St,Alhambra,CA,Active,213-808-1792,-118.11916348,34.09833141
Elica Health Centers - Arden Arcade,"1750 Wright St, Suite 1",Sacramento,CA,Active,916-454-2345,-121.40573747,38.59774094
AltaMed Medical Group:  Ramona Gardens,"1424 Crusado Ln, Apartment 168",Los Angeles,CA,Active,888-499-9303,-118.1952005,34.05781266
Family HealthCare Network - Community Resource Building,323 W Putnam Ave,Porterville,CA,Active,559-793-3505,-119.02427097,36.06934747
Salud Admin at 180 Westgate,180 Westgate Dr,Watsonville,CA,Active,831-725-8250,-121.79293982,36.9230521
COMMUNITY HEALTH CENTERS BROADWAY DENTAL,210 N Broadway,Santa Maria,CA,Active,805-929-3211,-120.43560803,34.95448901
East Bakersfield Community Health Center,815 Dr Martin L King Jr Blvd,Bakersfield,CA,Active,661-322-3905,-118.98487485,35.36550003
Martinez Health Center-Specialty 3B,2500 Alhambra Ave,Martinez,CA,Active,925-370-5851,-122.13291803,38.006699
Centro Medico Community Clinic Los Angeles,"231 W Vernon Ave, Suite 203",Los Angeles,CA,Active,323-231-5181,-118.27727836,34.00382332
AltaMed Medical Group - Bell Gardens,6811 Eastern Ave,Bell Gardens,CA,Active,888-499-9303,-118.16528566,33.971303
Ampla Health Colusa Medical & Dental,555 Fremont St,Colusa,CA,Active,530-458-8635,-122.01128186,39.20767074
BAY POINT COMMUNITY WELLNESS CEN,215 Pacifica Ave,Bay Point,CA,Active,925-427-8300,-121.96619536,38.03396711
"Center for Family Health & Education, inc. dba Priority Care Medical Group-Victorville","12677 Hesperia Rd, Suite 170",Victorville,CA,Active,760-666-4665,-117.28917058,34.48118565
Burney Dental Center,20615 Commerce Way,Burney,CA,Active,530-999-9031,-121.65209418,40.8882699
Family HealthCare Network Visalia-School Avenue Health Center,401 E School Ave,Visalia,CA,Active,877-960-3426,-119.28868096,36.33275498
AltaMed PACE - Walnut Park,7716 S Alameda St,Huntington Park,CA,Active,888-499-9303,-118.23369313,33.96977791
SJCH Crenshaw Health Center,4251 Crenshaw Blvd,Los Angeles,CA,Active,323-541-1411,-118.33490889,34.00672329
Wesley Health Centers - Andrew Escajeda Clinic,"1845 N Fair Oaks Ave, #G151",Pasadena,CA,Active,626-744-6140,-118.15077449,34.17780476
Martin Luther King Jr. High School,635 B St,Davis,CA,Active,530-757-5425,-121.74605623,38.5489021
AltaMed Pharmacy - West Covina,1300 S Sunset Ave,West Covina,CA,Active,888-499-9303,-117.94694035,34.05975848
The Children's Clinic Family Health Center Bellflower,17660 Lakewood Blvd,Bellflower,CA,Active,844-822-4646,-118.14227197,33.87139998
GVHC  -  Senior Health and Wellness Center,857 W Childs Ave,Merced,CA,Active,209-385-5600,-120.49705535,37.28881874
UMMA Health Fremont Wellness Center,7821 Avalon Blvd,Los Angeles,CA,Active,323-406-5800,-118.26541319,33.96778176
GARDNER SOUTH COUNTY HEALTH CTR,7526 Monterey St,Gilroy,CA,Active,408-848-9400,-121.56909364,37.0086328
GVHC- LOS BANOS,821 Texas Ave,Los Banos,CA,Active,209-826-1045,-120.86097554,37.06382369
La Maestra Family Clinic Inc.,4187 Fairmount Ave,San Diego,CA,Active,619-280-4213,-117.10085805,32.75291035
Serve the People Billing Office,1202 E 17th St STE 104,Santa Ana,CA,Active,714-352-2911,-117.85416349,33.75983802
United Health Centers Fresno Wayte Lane 1600,290 N Wayte Ln,Fresno,CA,Active,559-646-6618 x0010,-119.78317561,36.74652859
TrueCare,1295 Carlsbad Village Dr,Carlsbad,CA,Active,760-720-7767,-117.33802165,33.16504995
Community Health Centers of America Administrative Site,"5200 Pirrone Ct, Suite A",Salida,CA,Active,209-441-8383,-121.09130848,37.71648411
FHCSD Mobile Medical Unit III,823 Gateway Center Way,San Diego,CA,Active,619-515-2300,-117.11349855,32.71540946
Dinuba Community Health Center  -  Building 2,920 N Alta Ave,Dinuba,CA,Active,559-693-2462,-119.39503608,36.55327944
Mobile Clinic #1,500 W Hospital Rd,French Camp,CA,Active,209-468-6820,-121.28249382,37.88652044
MOUNTAIN EMPIRE JR/SIR HIGH SCH,3305 Buckman Springs Rd,Pine Valley,CA,Active,619-478-5254,-116.49214756,32.73415085
ROADS Community Clinic - East Long Beach,4800 E Los Coyotes Diagonal,Long Beach,CA,Active,562-506-1313,-118.13765832,33.79290194
Salud at 65 Nielson,65 Nielson St STE 101,Watsonville,CA,Active,831-728-8250,-121.79331828,36.92821271
La Maestra National City Pharmacy,209 Highland Ave,National City,CA,Active,619-434-7308,-117.10060265,32.68314253
LifeLong Medical Care - Howard J Daniel Clinic,9933 Macarthur Blvd,Oakland,CA,Active,510-568-3206,-122.15680754,37.74632008
HCHC - City of Industry,"1661 Hanover Rd, Ste 103",City Of Industry,CA,Active,626-286-8700,-117.92098369,33.99109079
Omni Family Health,2505 Merced St,Fresno,CA,Active,866-707-6664,-119.78820417,36.74094231
TCC Cabrillo Gateway,2000 San Gabriel Ave,Long Beach,CA,Active,844-822-4646,-118.22308173,33.79192512
North East Medical Services  -  1798 19th Avenue,1798 19th Ave,San Francisco,CA,Active,888-500-1886,-122.4762459,37.7544781
United Health Centers Sanger Jensen,2502 Jensen Ave,Sanger,CA,Active,559-646-6618 x0010,-119.57217134,36.7074784
MCHWC Admin - Suite 360,"4000 Civic Center Dr, Suite 360",San Rafael,CA,Active,415-339-8813,-122.53801466,38.00445063
Wesley Health Centers - Lynwood,3590 E Imperial Hwy,Lynwood,CA,Active,323-201-4516,-118.20562516,33.93004983
VCC: Fallbrook Pediatrics & Family Medicine,321 E Alvarado St,Fallbrook,CA,Active,760-631-5000,-117.24935863,33.38180065
Montclair Community Health Center,4651 Holt Blvd,Montclair,CA,Active,909-281-5800,-117.70387731,34.06266172
Family HealthCare Network  -  Reedley South Avenue Health Center,E South Ave,Reedley,CA,Active,877-960-3426,-119.39029054,36.61835603
La Maestra Central Elementary School Clinic,3878 Orange Ave BLDG 100,San Diego,CA,Active,619-281-6644,-117.11079304,32.75329731
Anita May Rosenstein Campus (AMRC) - Santa Monica Blvd.,6725 Santa Monica Blvd,Los Angeles,CA,Active,323-993-7400,-118.33712708,34.09089025
EAST VALLEY COMMUNITY HEALTH CENTER,420 Glendora Avenue,West Covina,CA,Active,626-919-5724,-117.92516961,34.06753395
Burre Mobile Dental,959 Myrtle Ave,Eureka,CA,Active,707-442-7078,-124.14864001,40.80085801
FTOC Vision Mobile Unit,"661 W 1st St, Suite G 1",Tustin,CA,Active,716-665-2939,-117.83124226,33.74604664
Kheir Family and Pediatric Clinic,"3671 W 6th St, Suite A",Los Angeles,CA,Active,213-235-2500,-118.30248266,34.0635834
AltaMed Dental Group at John Marshall Elementary School,15791 Bushard St,Westminster,CA,Active,888-499-9303,-117.96341816,33.73308868
BALBOA TEEN HEALTH CENTER,1000 Cayuga Ave,San Francisco,CA,Active,415-469-4512,-122.44041209,37.72200003
AICHC - Administrative Site,1221 N San Fernando Blvd,Burbank,CA,Active,818-843-9900,-118.32017543,34.18917888
VHC Moorpark-Maternal Fetal Medicine,2400 Moorpark Ave STE 100,San Jose,CA,Active,408-885-7049,-121.93712197,37.31608248
CHC - PUBLIC HOUSING MOBILE MEDICAL 1,2050 S Blosser Rd,Santa Maria,CA,Active,805-346-3913,-120.45319436,34.92270446
Southern California Medical Center - Mobile Clinic,314 W Arrow Hwy,San Dimas,CA,Active,818-650-6700 x693,-117.81177579,34.10292373
Angeles Community Health Center  -  Maywood School,5800 King Ave,Maywood,CA,Active,866-981-3002,-118.18309997,33.98739998
Mission Blvd.,716 E Mission Blvd,Pomona,CA,Active,909-630-7927,-117.74316337,34.0550261
Main Street Village Health Clinic,3607 Main St STE B,Fremont,CA,Active,510-252-2552,-121.95538798,37.53390459
Indian Health Center of Santa Clara Valley - Behavioral Health Clinic,1118 Meridian Ave,San Jose,CA,Active,408-445-8172,-121.91359355,37.30336663
LifeLong Eden Health Center,2045 Fairmont Dr,San Leandro,CA,Active,510-981-4100,-122.12095001,37.71074175
Marin Community Clinic - Novato,6100 Redwood Blvd,Novato,CA,Active,415-448-1500,-122.56235889,38.0960306
St. Anthony Medical Centers - Hollywood Site,6368 Hollywood Blvd,Los Angeles,CA,Active,323-469-5555,-118.32896931,34.10133213
DAP Health - Anza Community Health Center,58581 US Highway 371 STE Fgh,Anza,CA,Active,951-763-4759,-116.63978816,33.55692308
West Fresno Community Health Center,"302 Fresno St, Suite 101",Fresno,CA,Active,559-457-5700,-119.8088876,36.72375542
Westside Clinic Expansion - Admin,621 W Micheltorena St,Santa Barbara,CA,Active,805-451-3630,-119.71572845,34.41917403
Pacific Avenue Health Center,425 S Pacific Ave,San Pedro,CA,Active,310-547-0202,-118.28827458,33.74006922
Omni Family Health,1507 Panama Ln,Bakersfield,CA,Active,866-707-6664,-119.01860003,35.29516199
Bartz-Altadonna Community Health Center (MAIN  BUILDING),43322 Gingham Ave,Lancaster,CA,Active,661-874-4050,-118.1217866,34.67014091
Cache Creek High School,14320 2nd St,Yolo,CA,Active,530-753-3498,-121.80838415,38.73169242
Ampla Health -Harter Parkway Building,855 Harter Pkwy,Yuba City,CA,Active,530-674-4261,-121.65481452,39.13848504
Ontario Health Center,150 E Holt Blvd,Ontario,CA,Active,909-458-9447,-117.65045994,34.06295945
CHC Mobile Dental 3,2050 S Blosser Rd,Santa Maria,CA,Active,805-346-3913,-120.45319436,34.92270446
La Maestra Family Clinic Inc.,4159 Fairmount Ave,San Diego,CA,Active,619-280-4213,-117.10086517,32.75246062
AltaMed Medical Group: Paramount,14906 Paramount Blvd,Paramount,CA,Active,888-499-9303,-118.15990003,33.89798
Wesley Health Centers (Bellflower),14371 Clark Ave,Bellflower,CA,Active,562-867-6006,-118.13444998,33.90224198
United Health Centers Hanford,1545 Mall Dr,Hanford,CA,Active,559-646-6618 x0010,-119.66961373,36.32290469
CHC - SLO County Mobile Dental 1,2050 S Blosser Rd,Santa Maria,CA,Active,805-346-3913,-120.45319436,34.92270446
Kheir Wilshire Clinic 100,"3255 Wilshire Blvd, Suite 100",Los Angeles,CA,Active,213-235-2500,-118.2932821,34.06186125
Indian Health Center of Santa Clara Valley - Main Clinic,1333 Meridian Ave,San Jose,CA,Active,408-445-3400,-121.91406277,37.30172872
"AltaMed Behavioral Health at South Gate High School, South Gate",3351 Firestone Blvd,South Gate,CA,Active,888-499-9303,-118.20974646,33.95465038
John F. Kennedy High School,6715 Gloria Dr,Sacramento,CA,Active,916-395-5090,-121.53467293,38.50502782
TrueCare,"2210 Mesa Dr, Suite 300",Oceanside,CA,Active,760-966-3306,-117.35798533,33.20827597
Family HealthCare Network - Tulare Cherry Street Health Center,1008 N Cherry St,Tulare,CA,Active,559-688-5437,-119.33717966,36.22218263
CSC Community Health Center - San Gabriel - Medical Mobile Van,555 W Las Tunas Dr,San Gabriel,CA,Active,213-808-1792,-118.10828,34.10262798
Family HealthCare Network - Fresno Clinton,1344 W Clinton Ave,Fresno,CA,Active,877-960-3426,-119.82744924000001,36.77222621
Neighborhood Healthcare  -  Mobile Dental Health Services,8856 Arlington Ave,Riverside,CA,Active,760-520-8300,-117.46741485,33.94603139
Family Health Services - Fairfield Dental,2101 Courage Dr,Fairfield,CA,Active,707-784-2120,-122.06763683,38.23661133
Mobile Van #2 Dental,200 S Wells Rd STE 200,Ventura,CA,Active,805-647-6322,-119.1597434,34.29321833
Archie Williams School Teen Clinic,1327 Sir Francis Drake Blvd,San Anselmo,CA,Active,415-448-1500,-122.57231055,37.98431454
SAC Indio CVRM,47470 Van Buren St,Indio,CA,Active,909-382-7100,-116.19814501,33.70450107
North Broadway Elementary School,2301 N Broadway RM 23,Escondido,CA,Active,760-520-8300,-117.09293779,33.16105501
Clinica Monsenor Oscar A. Romero-Mobile Unit,123 S Alvarado St,Los Angeles,CA,Active,213-989-7700,-118.27088909,34.06615086
San Ysidro Health Julian Family Medicine,2717 A St,Julian,CA,Active,619-662-4100,-116.60344582,33.07872863
O'Connor Medical Clinic Forest #103,"2100 Forest Ave, Suite 103",San Jose,CA,Active,408-373-2548,-121.93689608,37.32627521
La Amistad Health Center,"725 W La Veta Ave, Suite 260",Orange,CA,Active,714-771-8006,-117.86024096,33.78205999
One Safe Place,2250 Benton Dr,Redding,CA,Active,530-244-0118,-122.40109074,40.59574928
Neighborhood Healthcare ~ Temecula Parkway,"31537 Rancho Pueblo Rd, Suite 102",Temecula,CA,Active,760-520-8300,-117.11023011,33.47901715
Mobile Unit #6878,4100 Alhambra Avenue,Martinez,CA,Active,925-313-6250,-122.13154219,37.99266709
Irvington Dave Clinic  II,40924 Fremont Blvd,Fremont,CA,Active,510-252-6811,-121.95993365,37.53379864
United Health Centers Reedley,1790 E Manning Ave,Reedley,CA,Active,559-646-6618 x0010,-119.42999205,36.60460944
La Maestra Hoover High School Medical and Dental Clinic,4474 El Cajon Blvd BLDG 600,San Diego,CA,Active,619-584-9285,-117.09787778,32.75529094
Kern River Health Center,67 Evans Rd,Wofford Heights,CA,Active,760-376-2276,-118.45794291,35.70611489
ARROYO VISTA FAMILY HEALTH CENTER ~ Highland Park,6000 N Figueroa St,Los Angeles,CA,Active,323-254-5291 x0,-118.18880008,34.11137122
Beverly Community Clinic,2252 Beverly Blvd,Los Angeles,CA,Active,213-674-7424,-118.2729771,34.0676078
Community Health Centers of America-Chowchilla,101 N Front St,Chowchilla,CA,Active,559-201-9181,-120.25827328,37.12463176
Clinica de Salud del Valle de Salinas - Administration,"55 Plaza Cir, Suite A",Salinas,CA,Active,831-757-8689,-121.65776655,36.65726493
WellSpace Health - Florin Community Health Center,"4241 Florin Rd, Suite 30",Sacramento,CA,Active,916-931-2229,-121.45826233,38.49681905
RRHC Mobile Medical Office,101 W Coast Rd,Redway,CA,Active,707-923-2783,-123.8131416,40.11700103
Yehowa Medical Services - Florence,1039 W Florence Ave,Los Angeles,CA,Active,323-776-1500,-118.29327086,33.97478216
Family Health Matters Medical Mobile Unit.,1182 N Euclid St,Anaheim,CA,Active,714-441-0411,-117.94140796,33.84992638
Castro Valley Health Center,19400 Santa Maria Ave,Castro Valley,CA,Active,510-293-2319,-122.07670002,37.70433999
"Central City Community Health Center, Inc. - Mobile 4",1860 Hamner Ave,Norco,CA,Active,951-479-0070,-117.56214436,33.90918874
"All For Health, Health For All-Sunland",8134 Foothill Blvd,Sunland,CA,Active,818-875-8366,-118.31035494,34.25964797
Kerman Unified School District Community Health Center,702 S 8th St,Kerman,CA,Active,559-364-2975,-120.05636204,36.72446701
Mountain View Medical Clinic,1333 E Los Angeles Ave,Simi Valley,CA,Active,805-582-4000,-118.7734139,34.27185102
SJCH 50th Street Dental Clinic at Boys & Girls Club,1000 W 50th St,Los Angeles,CA,Active,323-541-1411,-118.29195046,33.99761589
CSC Health - Dental Services Hacienda Heights,2110 S Hacienda Blvd,Hacienda Heights,CA,Active,626-457-9618,-117.96812804,33.99554331
Saban Community Clinic - Mobile Clinic Site,6043 Hollywood Blvd,Los Angeles,CA,Active,323-653-1990,-118.32148536,34.10182784
Canyon Country Health Center,27225 Camp Plenty Rd STE 2,Canyon Country,CA,Active,661-424-1220,-118.47591203,34.41648725
Chase Avenue Family Health Center,1111 W Chase Ave,El Cajon,CA,Active,619-515-2499,-116.97661503,32.78134713
LifeLong Medical Care - Elmhurst,1800 98th Ave,Oakland,CA,Active,510-639-3287,-122.16517478,37.74604892
Central Elementary School,3878 Orange Ave,San Diego,CA,Active,619-280-2058,-117.11076331,32.75330838
SCHG Rowland Heights Clinic,18397 Colima Rd,Rowland Heights,CA,Active,562-478-4102,-117.90424553,33.98886916
LOGAN HEALTH CENTER,1800 H St,Union City,CA,Active,510-471-2520,-122.02520001,37.5915
SJCH LEWIS FRAYSER CLINIC,5701 S Hoover St,Los Angeles,CA,Active,323-541-1411,-118.28732835,33.9902891
VCC: Oceanside Pediatric and Family Dentistry,"815 College Blvd, Suite 106",Oceanside,CA,Active,760-631-5000,-117.29173066,33.23873304
AltaMed Behavioral Health  -  Victoria Avenue Elementary School,3320 Missouri Ave,South Gate,CA,Active,888-499-9030,-118.21101338,33.94553162
Family and Pediatric Health Center,830 Scenic Dr,Modesto,CA,Active,209-558-8400,-120.98227819,37.64615797
Southeast Family Health Center,2403 Keith St,San Francisco,CA,Active,628-217-5500,-122.39254756,37.72583278
OVERFELT NEIGHBORHOOD HLTH CLIN.,1835 Cunningham Ave,San Jose,CA,Active,408-284-2282,-121.83019998,37.33077998
Eisner Health at Wadsworth Avenue Elementary School,981 E 41st St,Los Angeles,CA,Active,213-747-5542,-118.25771802,34.00991231
Taylor Street Elementary School,4350 Taylor St,Sacramento,CA,Active,916-927-5340,-121.4522805,38.64668894
MISSION NEIGHBORHOOD HEALTH CTR,240 Shotwell St,San Francisco,CA,Active,415-552-3870,-122.41656214,37.76474534
ROADS Community Clinic - Lynwood,3737 Martin Luther King Jr Blvd STE 402,Lynwood,CA,Active,310-639-9363,-118.20069308,33.9287314
RRHC Satellite Dental,217 Briceland-Thorne Rd,Redway,CA,Active,707-923-2783 x336,-123.82650001,40.121
Wesley Health Centers- Health and Wellness Center,45104 10th St W,Lancaster,CA,Active,661-942-2391,-118.14738141,34.70292723
"AltaMed Dental Group - Westlake, 3rd Street","2100 W 3rd St, Suite 220",Los Angeles,CA,Active,888-499-9303,-118.2731092,34.06281741
La Tortuga Administrative and Program Offices,465 LA Tortuga Dr,Vista,CA,Active,760-631-5000,-117.25903353,33.19052889
SCFHC - Mobile Unit 2,2417 W Whittier Blvd,Montebello,CA,Active,323-908-4200,-118.127897,34.01393525
Camarena Health - Almond Campus Pediatrics,730 E Almond Ave,Madera,CA,Active,559-664-4000,-120.04975634,36.94504877
East County Wellness Center II,7547 El Cajon Blvd,La Mesa,CA,Active,619-515-2300,-117.03508609,32.76795675
Point Reyes Community Health Center - Administrative Unit #27,"65 3rd St, Unit 27",Point Reyes Station,CA,Active,415-663-8666,-122.80690745,38.06762806
Via Care Community Health Center - Rio Hondo College,3600 Workman Mill Rd,Whittier,CA,Active,323-268-9191,-118.03426964,34.01863175
Via Care ELAC Health Center,1301 Avenida Cesar Chavez STE F5-302,Monterey Park,CA,Active,323-268-9191,-118.15003713,34.04004437
BARTZ-ALTADONNA CHC INTEGRATED CARE BUILDING (ICB),43210 Gingham Ave,Lancaster,CA,Active,661-874-4040,-118.12225422,34.66811856
SJCH Health Center at the Jaqueline Avant Children and Family Center,1741 E 120th St STE 200,Los Angeles,CA,Active,323-541-1600,-118.24270352,33.92464169
JWCH Institute Corporate Headquarters,5650 Jillson St,Commerce,CA,Active,213-484-1186,-118.15640704,33.99987636
BHS - Crenshaw Health Center,3850 Crenshaw Blvd,Los Angeles,CA,Active,323-438-9607,-118.33474963,34.01602192
Aria Community Health Center Administration,"781 Sequoia Ave, #5",Lindsay,CA,Active,559-562-9399,-119.09676002,36.21243699
BeverlyCare - Pediatric Center,"101 E Beverly Blvd, Ste 301",Montebello,CA,Active,323-920-0505,-118.09844006,34.01556205
NEMS Administrative Building - Broadway,369 Broadway,San Francisco,CA,Active,888-500-1886,-122.40332703,37.79827614
San Cayetano Elementary School,514 Mountain View St,Fillmore,CA,Active,NA,-118.9092985,34.40361047
CHSI Mobile Wellness Clinic 2,9380 Magnolia Ave,Riverside,CA,Active,951-373-5620,-117.44410394,33.9213474
Mobile Crisis Outreach Team,"1401 Gold St, Suite A",Redding,CA,Active,530-691-4446,-122.389257,40.57955577
Katherine Johnson Middle School/Encina High School,1400 Bell St,Sacramento,CA,Active,703-934-2400,-121.41066469,38.59334655
"Central City Community Health Center, Inc.- Paul Revere Elementary",140 W Guinida Ln,Anaheim,CA,Active,323-723-0019,-117.90821696,33.81373118
Laguna Beach Community Clinic,362 3rd St,Laguna Beach,CA,Active,949-494-0761,-117.78072645,33.54399223
Children's Hospital Oakland Behavioral Health,5275 Claremont Ave,Oakland,CA,Active,510-428-3783,-122.26152937,37.83921554
Marin City Health and Wellness Center - Phillips Drive,100 Phillips Dr,Sausalito,CA,Active,415-339-8813,-122.51307388,37.87290643
Aria Community Health Center Lemoore 209,209 C St,Lemoore,CA,Active,559-924-7005,-119.7832622,36.30064621
S. Mark Taper Center For a Healthy Community - WINNETKA Clinic,20800 Sherman Way,Winnetka,CA,Active,818-883-2273,-118.58649004,34.20052198
Wesley Health Centers--7th Street,1123 W 7th St,Los Angeles,CA,Active,866-733-5924,-118.26494757,34.05119012
GVHC - Hanshaw Dental,1717 Las Vegas St STE A,Modesto,CA,Active,209-576-4200,-121.00275082,37.60528182
Sacramento Community Clinic - Explorer Drive,3030 Explorer Dr,Sacramento,CA,Active,916-254-5700,-121.33242717,38.56336109
BACHC West Palmdale Health Center,"38660 Medical Center Dr, Suite A 200",Palmdale,CA,Active,661-874-4050,-118.14547402,34.58353443
United Health Centers Fresno Wayte Lane 1300,"290 N Wayte Ln, #1300",Fresno,CA,Active,559-646-6618 x0010,-119.78317561,36.74652859
BHS Adelante Health Center,"2015 W 1st St, Suite L",Santa Ana,CA,Active,714-716-1830,-117.89694892,33.74616366
Camarena Health Mobile Medical and Dental Center,16911 Hill Dr,Madera,CA,Active,559-664-4000,-120.07512836,36.9949509
CCHS Health Care for the Homeless Administration,2500 Bates Ave STE B,Concord,CA,Active,925-608-5200,-122.02826603,38.01215297
WellSpace Health - Placer Dental Community Health Center,100 Stonehouse Ct,Roseville,CA,Active,916-737-5555,-121.25237111,38.7699947
DAP Health - Centro Medico Thermal - 55497 Van Buren,55497 Van Buren St,Thermal,CA,Active,760-399-4526,-116.1988993,33.6455835
GVHC - Manteca,250 Northgate Dr,Manteca,CA,Active,209-381-7120,-121.21926418,37.81853956
Neighborhood Healthcare ~ San Marcos,"2085 Montiel Rd, Suite 102",San Marcos,CA,Active,760-520-8300,-117.11809292,33.13247637
Mission City Community Network -  Parthenia,15210 Parthenia St,North Hills,CA,Active,818-895-3100,-118.46385382,34.22803931
JWCH Institute -Center for Community Health,522 S San Pedro St,Los Angeles,CA,Active,213-486-4040,-118.24413774,34.0434758
"ChapCare by AltaMed Medical Group  -  Pasadena, Lake",1595 N Lake Ave,Pasadena,CA,Active,888-499-9303,-118.13242801,34.17324798
Centro Medico Hardy Street,"575 E Hardy St, Suite 207",Inglewood,CA,Active,951-278-8910,-118.34774033,33.94939606
Unicare Community Health Center - Huntington Park,3203 E Florence Ave,Huntington Park,CA,Active,909-988-2555,-118.21016949,33.97289912
Golden Valley Health Centers - Modesto Paradise Suite E101,401 Paradise Rd,Modesto,CA,Active,209-722-4842,-121.01281304,37.6280065
Van Nuys Women's & Reproductive Health Center Suite 307,"14624 Sherman Way, Suite 307",Van Nuys,CA,Active,818-988-6335,-118.451186,34.20016701
Mobile Health Clinic #3,40910 Fremont Blvd,Fremont,CA,Active,510-770-8040,-121.96027002,37.53434271
AltaMed Behavioral Health at Nimitz Middle School,6021 Carmelita Ave,Huntington Park,CA,Active,888-499-9303,-118.19807491,33.98568249
Patient Navigation Center,400 S Melrose Dr STE 200,Vista,CA,Active,760-736-6767,-117.25388679,33.1905998
La Maestra City Heights Clinic,4074 Fairmount Ave,San Diego,CA,Active,619-255-9155,-117.10093692,32.75098033
La Maestra Hope Clinic,4171 Fairmount Ave,San Diego,CA,Active,619-584-1612,-117.10063744,32.75269632
Venice Family Clinic - Robert Levine Family Health Center,905 East Venice Boulevard,Venice,CA,Active,310-664-7960,-118.45440901,33.99331736
LA CLINICA PITTSBURG - MEDICAL,"2240 Gladstone Dr, Suite 4",Pittsburg,CA,Active,925-431-2100,-121.86769081,38.00696047
Ampla Health Yuba City,1000 Sutter St,Yuba City,CA,Active,530-673-9420,-121.61335964,39.14476598
Wesley Health Centers (Vermont),954 N Vermont Ave,Los Angeles,CA,Active,323-201-4516,-118.29149507,34.08897017
San Fernando Community Health Center - Lanark,14533 Lanark St,Panorama City,CA,Active,818-963-5690,-118.45035037,34.21800113
Yehowa Medical Services - Crenshaw,5141 South Crenshaw Boulevard,Los Angeles,CA,Active,323-776-1500,-118.33102597,33.99549053
Indian Health Center of Santa Clara Valley - Human Resources,"1631 Willow St, Ste 105",San Jose,CA,Active,408-445-3400,-121.91470021,37.30391707
DAP Health - San Jacinto Community Health Center,651 N State St,San Jacinto,CA,Active,951-487-8506,-116.96992979,33.79522566
SF GENERAL HOSP-POSITIVE HLTH,1001 Potrero Ave,San Francisco,CA,Active,415-206-2400,-122.4053899,37.7553828
Mt. Pleasant SB Health Clinic,1650 S White Rd,San Jose,CA,Active,408-729-9700,-121.81001032,37.34653033
REDWOOD COAST MEDICAL SERVICES - DENTAL CLINIC,175 Main St,Point Arena,CA,Active,707-882-2189,-123.69217029,38.90858557
Elm Women's & Pediatric Health Center,2760 S Elm Ave,Fresno,CA,Active,559-457-5300,-119.79185909,36.70031795
FamilyHealth - Center for Older Adults,3420 College Ave,San Diego,CA,Active,619-515-2445,-117.05363659,32.74395362
Chico Annex,470 Rio Lindo Ave,Chico,CA,Active,530-674-4261,-121.85084578,39.75649106
AltaMed PACE - Long Beach,1500 Hughes Way,Long Beach,CA,Active,888-499-9303,-118.21241618,33.8272794
Estrellita Continuation High School- Sacramento County: School Based Health Center,12935 Marengo Rd,Galt,CA,Active,209-744-5318,-121.28260417,38.28565434
Eden Street Health Administrative Office,21455 Birch St,Hayward,CA,Active,510-471-5880,-122.09363021,37.68167109
United Health Centers Earlimart,476 W Washington Ave,Earlimart,CA,Active,559-646-6618 x0010,-119.27780867,35.88340476
ARROYO VISTA FAMILY HEALTH CENTER ~ Mobile Clinic,6000 N Figueroa St,Los Angeles,CA,Active,323-254-5221,-118.18880008,34.11137122
AltaMed Dental Group at Clara King Elementary,8710 Moody St,Cypress,CA,Active,888-499-9303,-118.04580816000001,33.83613094
Ampla Health Arbuckle Medical & Dental,89 Putnam Way,Arbuckle,CA,Active,530-476-2200,-122.06230041,39.02101016
CORPORATE HQ - Clinica Sierra Vista,"1430 Truxtun Ave, Ste 400",Bakersfield,CA,Active,661-635-3050,-119.01731726,35.37342709
Camarena Health -  Oakhurst,49169 Road 426,Oakhurst,CA,Active,559-664-4000,-119.64996982,37.3303403
"Central City Community Health Center, Inc - Benson","180 N Benson Ave, Suite A",Upland,CA,Active,323-724-0019,-117.68047998,34.09558999
VCC: PIER VIEW,818 Pier View Way,Oceanside,CA,Active,760-631-5000,-117.37775271,33.19865921
SJCH - Avalon Health and Access Center,6818 Avalon Blvd,Los Angeles,CA,Active,213-226-7481,-118.26486602,33.97742158
"Center for Family Health & Education, Inc. dba Priority Care Medical Group - Mission Hills","14901 Rinaldi St, Ste 202",Mission Hills,CA,Active,818-361-7358,-118.45743563,34.27903033
Innercare Imperial and PACE,1600 N Imperial Ave,El Centro,CA,Active,760-412-4422,-115.57003516,32.80763509
Indian Health Center of Santa Clara Valley - Pediatric Center,2039 Forest Ave STE 105,San Jose,CA,Active,408-445-3400,-121.93437405,37.32711788
Indian Health Center of Santa Clara Valley - Silver Creek,1642 E Capitol Expy,San Jose,CA,Active,408-445-3400,-121.81073519,37.30554831
Shoreline Middle School,855 17th Ave,Santa Cruz,CA,Active,831-475-6565,-121.98640002,36.96749999
AltaMed Dental Group - Mobile Unit #2,1325 N Anaheim Blvd,Anaheim,CA,Active,888-499-9303,-117.9207272,33.85319356
Hurtt Family Health Clinic - Medical and Dental,"14642 Newport Ave, Ste 200",Tustin,CA,Active,714-247-0300,-117.82935733,33.73087909
Jurupa Valley Community Health Center,8876 Mission Blvd,Jurupa Valley,CA,Active,951-360-8795,-117.47706351,34.01148727
Casa Grande High School Health Clinic,333 Casa Grande Rd,Petaluma,CA,Active,707-559-7500,-122.59950002,38.24353
SAC Mobile Unit #3,250 S G St,San Bernardino,CA,Active,909-382-7100,-117.29938091,34.09701256
USARC,3227 State St,Santa Barbara,CA,Active,805-681-7356,-119.73347285,34.44004455
San Ysidro Health Santee Family Medicine,120 Town Center Pkwy,Santee,CA,Active,619-662-4100,-116.9895364,32.84102921
McKinleyville Community Health Center,"1644 Central Ave, Suite F",Mckinleyville,CA,Active,707-839-3068,-124.10190001,40.93510001
"Central City Community Health Center, Inc.- Mobile 5",4126 Maine Ave,Baldwin Park,CA,Active,626-653-0800,-117.96010153,34.08760564
Waterford Bentley St Center,12619 Bentley St,Waterford,CA,Active,209-850-3500,-120.76129619,37.64094346
Opsam Health Mira Mesa Boulevard,8977 Mira Mesa Blvd,San Diego,CA,Active,844-200-2426,-117.13055253,32.91369533
WellSpace Health - North Highlands Community Health Center,Watt Ave,North Highlands,CA,Active,916-679-3925,-121.38282311,38.66748698
LifeLong Street Medicine Van #2,2730 Adeline St,Oakland,CA,Active,510-981-4177,-122.2818538,37.82001121
Mission City Community Network -  Victorville2,14357 7th St,Victorville,CA,Active,818-895-3100,-117.31739991,34.51158455
United Health Centers Parlier 3rd Street,601 3rd St,Parlier,CA,Active,559-646-6618 x0010,-119.52840004,36.61478
Benevolence Health Center - Sylmar,"12610 Glenoaks Blvd, Floor 1",Sylmar,CA,Active,818-361-4111,-118.43898857,34.29933054
North East Medical Services - 939 Story Road,"939 Story Rd, Unit 103",San Jose,CA,Active,888-500-1886,-121.85928636,37.33232317
Axis Community Health - Livermore Site,3311 Pacific Ave,Livermore,CA,Active,925-462-1755,-121.75524112,37.67570661
La Maestra Mobile Dental Unit,4060 Fairmount Ave,San Diego,CA,Active,619-280-4213,-117.1010567,32.75047729
Yerba Buena SB Health Clinic,1855 Lucretia Ave,San Jose,CA,Active,510-770-8040,-121.84917996,37.31977659
Mobile Health Clinic #2,40910 Fremont Blvd,Fremont,CA,Active,510-770-8040,-121.96027002,37.53434271
ACHCH Lifelong West Oakland Street Health Team Zone 10 Mobile Health Unit,10700 Macarthur Blvd,Oakland,CA,Active,510-981-4100,-122.15033797,37.74311999
"Center for Family Health & Education, Inc. dba Priority Care Medical Group - El Monte 2",3229 Santa Anita Ave,El Monte,CA,Active,626-575-4584,-118.04287718,34.06691038
"Community Medical Centers, Lawrence",721 Calaveras St,Lodi,CA,Active,209-331-8019,-121.26629998,38.14304
AltaMed Pharmacy - Pomona,2277 N Garey Ave,Pomona,CA,Active,888-499-9303,-117.75117002,34.08954299
Hawaiian Gardens Health Center,22310 Wardham Ave,Hawaiian Gardens,CA,Active,562-928-9600,-118.06511403,33.82620899
Open Door Teen Clinic,833 W Washington Blvd,Crescent City,CA,Active,707-495-6925,-124.21176827,41.77268306
CSVS - MOBILE1,950 Circle Dr,Salinas,CA,Active,831-633-1514,-121.62719397,36.67951138
IBCC Admin Site 2015,"2232 Verus St, Suite I",San Diego,CA,Active,619-429-5387,-117.08746997,32.59445965
North Central Behavioral Health Center,4930 Naples St,San Diego,CA,Active,619-269-8969,-117.20304493,32.77021466
LifeLong Rodeo Health Center,25 California St,Rodeo,CA,Active,510-981-4100,-122.26252983,38.03901056
Camarena Health- SAMC Urgent Care,1245 E Herndon Ave,Fresno,CA,Active,559-664-4000,-119.76672864,36.83674482
CSC - COMMUNITY HEALTH CENTER Suite 213,767 N Hill St STE 213,Los Angeles,CA,Active,213-808-1792,-118.23970774,34.06255556
SAN BENITO HEALTH FOUNDATION,351 Felice Dr,Hollister,CA,Active,831-637-5783,-121.416241,36.85326693
United Health Centers Clovis Shaw,313 W Shaw Ave,Clovis,CA,Active,559-646-6618 x0010,-119.7162084,36.80890253
Ampla Health Marysville Medical at the Cannery,608 J St,Marysville,CA,Active,530-674-4261,-121.59921493,39.14090234
Central Elementary School,122 W 4th Ave RM Parent,Escondido,CA,Active,760-520-8300,-117.08099794,33.11830428
Gracelight Community Health - Echo Park,150 N Reno St,Los Angeles,CA,Active,323-953-7330,-118.28021697,34.07266376
Serve The People Medical & Vision Center - Orange,293 S Main St,Orange,CA,Active,714-352-2911,-117.8671598,33.78423355
CASTLEMONT HIGH SCHOOL-YOUTH UPRISING,8711 Macarthur Blvd,Oakland,CA,Active,510-428-3556,-122.16302046,37.75771825
Dental Mobile Unit #5,660 S Fair Oaks Ave,Sunnyvale,CA,Active,408-494-7461,-122.02363578,37.36490379
Omni Family Health,2811 H St,Bakersfield,CA,Active,866-707-6664,-119.02151299,35.38527185
LifeLong Brookside San Pablo Dental Care,"2023 Vale Rd, Suite 114",San Pablo,CA,Active,510-981-4100,-122.33857163,37.95370425
CHC -  Mobile Dental 2,2050 S Blosser Rd,Santa Maria,CA,Active,805-346-3913,-120.45319436,34.92270446
Kennedy High School Health Clinic,4300 Cutting Blvd,Richmond,CA,Active,510-231-8650,-122.32903042,37.925338000000004
Family Health Matters Admin Offices,888 S Disneyland Dr,Anaheim,CA,Active,714-441-0411,-117.92285755,33.82033977
COMMUNITY HEALTH EDUCATION,1537 Fruitvale Ave,Oakland,CA,Active,510-535-4130,-122.22520521,37.77958525
FHCCGLA Fedde School Based Health Center,21409 Elaine Ave,Hawaiian Gardens,CA,Active,562-928-9600,-118.07815208,33.835387
Family Health Matters Dental Clinic,1160 N East St,Anaheim,CA,Active,714-441-0411,-117.90589467,33.85016212
"APLA Health - 3717 S. La Brea, Suite 204",3717 S La Brea Ave STE 204,Los Angeles,CA,Active,213-201-1600,-118.35562745,34.01990601
La Posada,4500 Hollister Ave,Santa Barbara,CA,Active,805-518-2719,-119.77556979,34.43923008
Complete Care Community Health Center Inc--Porterville,"365 Pearson Dr, #5",Porterville,CA,Active,559-788-2175,-119.02827098,36.07252698
Montclair Community Health Center,"4651 Holt Blvd, Suite I",Montclair,CA,Active,909-281-5800,-117.70387731,34.06266172
Tennyson High School,27035 Whitman St,Hayward,CA,Active,510-582-1635,-122.0664,37.64185001
"Camarena Health  -  Matilda Torres High School, School Based Health Center",16645 Road 26,Madera,CA,Active,559-664-4000,-120.07350001,36.99149001
ACHCH Bay Area Community Health Street Health Team Zone 1 Mobile Unit,39500 Liberty St,Fremont,CA,Active,510-770-8040,-121.97706459,37.54900216
Precision Health Center - Hill Street,"709 N Hill St, Ste 18",Los Angeles,CA,Active,213-687-0888,-118.24065707,34.06072948
REDWOOD COAST MEDICAL SERVICES - POINT ARENA,30 Mill St,Point Arena,CA,Active,707-882-1704,-123.69166033,38.90865711
LifeLong Medical Care - Eastmont,"7200 Bancroft Ave, Suite 125 A",Oakland,CA,Active,510-981-4100,-122.17682127,37.76819986
CSC - Community Health Center MPK,883 S Atlantic Blvd,Monterey Park,CA,Active,626-609-3399,-118.13858033,34.05081046
Marin Community Clinic - 4th Street Dental,"411 4th St, Suite A",San Rafael,CA,Active,415-448-1500,-122.51803019,37.97156373
Solano County Health & Social Services Department,275 Beck Ave,Fairfield,CA,Active,707-784-8607,-122.06758034,38.23522928
SJCH at Compton College,1111 E Artesia Blvd,Compton,CA,Active,323-541-1600,-118.21119996,33.87731999
Valley Health Center - Morgan Hill,"18550 De Paul Dr, Suite 208",Morgan Hill,CA,Active,669-263-4017,-121.64581731,37.1537323
Hesperia Community Health Center,"16377 Main St, Suite A",Hesperia,CA,Active,760-688-4808,-117.30565384,34.42174778
MOBILE HEALTH CLINIC,225 37th Ave,San Mateo,CA,Active,650-573-2786,-122.30071744,37.531157
San Ysidro Health Corporate Office,1601 Precision Park Ln,San Ysidro,CA,Active,619-662-4100,-117.05883295,32.56697824
LifeLong Our Place,2577 San Pablo Ave,Oakland,CA,Active,510-446-7100,-122.27571012,37.81700144
Fillmore Family Medical Group,828 W Ventura St,Fillmore,CA,Active,805-524-2000,-118.92126048,34.39541754
Clinicas del Camino Real Inc - La Colonia,801 Cooper Rd,Oxnard,CA,Active,805-300-8100,-119.17047182,34.20465917
Families Together of Orange County-Wellness Center,621 W 1st St,Tustin,CA,Active,714-665-9890,-117.83053616,33.74599803
United Health Centers Fresno Tuolumne 2630,2630 Tuolumne St,Fresno,CA,Active,800-492-4227,-119.78730026,36.74224666
Innercare Mecca,91275 66th Ave,Mecca,CA,Active,760-396-1249,-116.074163,33.56830198
SCFHC Medical/Dental Annex,4415 South Central Avenue,Los Angeles,CA,Active,323-908-4200,-118.25651328,34.00344307
COMMUNITY HEALTH CENTERS - SANTA MARIA II,1835 N Broadway,Santa Maria,CA,Active,805-345-3701,-120.43560703,34.973362
Community Health Centers of America Livingston,517 Main St,Livingston,CA,Active,209-445-2388,-120.72292643,37.38546054
Arvin Community Health Center,1305 Bear Mountain Blvd,Arvin,CA,Active,661-854-3131,-118.8391066,35.2085419
Dap Health- Mobile Dental Trailer 1,55497 Van Buren St,Thermal,CA,Active,760-773-5743,-116.1988993,33.6455835
"Centro Medico Community Clinic, Inc.",1307 W 6th St STE 113,Corona,CA,Active,951-278-8910,-117.58992743,33.87793975
San Bernardino County Department of Public Health-Administration,"451 E Vanderbilt Way, Suite 400",San Bernardino,CA,Active,909-387-6465,-117.27555015,34.06827454
Venice Family Clinic - Lou Colen Children's Health and Wellness Center,4700 Inglewood Blvd STE 101,Los Angeles,CA,Active,310-664-7760,-118.41518464,33.9931542
SACHS-Frazee Clinic,488 S K St,San Bernardino,CA,Active,909-383-8092,-117.30772109,34.09227567
ALAMEDA HEALTH SYSTEM AMBULATORY HEALTH CARE SERVICES,15400 Foothill Blvd,Castro Valley,CA,Active,510-895-7301,-122.12004452,37.70813502
Community Practice Clinic Antioch,"1104 Buchanan Rd, Suite C 10",Antioch,CA,Active,925-427-8585,-121.82294469,37.99902872
Complete Care Community Health Center-Huntington Park,7301 State St,Huntington Park,CA,Active,323-581-5120,-118.20994008,33.97151531
ARLETA HEALTH CENTER,8902 North Woodman Avenue,Pacoima,CA,Active,818-830-7033,-118.43740188,34.23134186
CHC - Administrative Headquarters,2050 S Blosser Rd,Santa Maria,CA,Active,805-346-3900,-120.45319436,34.92270446
Ampla Health-Garden Highway,358 Garden Hwy,Yuba City,CA,Active,530-674-4261,-121.61003496,39.12381093
Mobile Van #3,200 S Wells Rd STE 200,Ventura,CA,Active,805-647-6322,-119.1597434,34.29321833
Family HealthCare Network - Tulare West Health Center,263 S West St,Tulare,CA,Active,877-960-3426,-119.367584,36.20484098
Plaza Community Health Center,770 10th St,Arcata,CA,Active,707-630-5177,-124.08603751,40.8699456
TrueCare,"2210 Mesa Dr, Suite 5",Oceanside,CA,Active,760-757-5841,-117.35798533,33.20827597
Napa Valley Corporate Drive,2650 Napa Valley Corporate Dr,Napa,CA,Active,707-254-1774,-122.27395495,38.25160718
CESAR CHAVEZ SBHC,"440 Arthur Rd, #A",Watsonville,CA,Active,831-761-6125,-121.76964157,36.920906
Clinicas del Camino Real Inc - Fillmore,355 Central Ave,Fillmore,CA,Active,805-659-1740,-118.91388994,34.4002971
East Valley Community Health Center - Hope for Home,1400 E Mission Blvd,Pomona,CA,Active,626-919-4333,-117.72791803,34.05458131
County of Monterey Mobile Clinic 1,855 E Laurel Dr,Salinas,CA,Active,831-796-1386,-121.62401799,36.69152403
Eisner Health,1530 S Olive St,Los Angeles,CA,Active,213-747-5542,-118.26510071,34.03529917
4080 Centre Administration,4080 Centre St,San Diego,CA,Active,619-515-2300,-117.14693387,32.75213821
WellSpace Health - South Valley Dental Clinic,8231 E Stockton Blvd STE C,Sacramento,CA,Active,916-737-5573,-121.41031684,38.45972439
Mission City Community Network- Barstow II,401 E Buena Vista St,Barstow,CA,Active,818-895-3100,-117.02350096,34.89562877
Lemon Grove Family Health Center,7592 Broadway,Lemon Grove,CA,Active,619-515-2550,-117.03451671,32.74323738
Hurtt Family Health Clinic - Anaheim,"947 S Anaheim Blvd, Ste 260",Anaheim,CA,Active,714-247-0300,-117.90941021,33.82170946
Hillside Health Center,333 Laws Ave,Ukiah,CA,Active,707-468-1010,-123.21182998,39.12771501
DAP Health - Palm Springs Family Health Center,"1100 N Palm Canyon Dr, Ste 104",Palm Springs,CA,Active,760-327-1180,-116.5467425,33.83783498
OPSAM HEALTH: 9855 Erma Road,9855 Erma Rd STE 105-106,San Diego,CA,Active,844-200-2426,-117.114268,32.91967121
Golden Valley Health Centers - Modesto Paradise Suite E104,401 Paradise Rd,Modesto,CA,Active,209-722-4842,-121.01281304,37.6280065
KCS Health Center - Booth,"4968 Booth Cir, Ste 110",Irvine,CA,Active,714-503-6550,-117.78550447,33.68585335
AAA Santa Ana,"2740 S Bristol St, Ste 222",Santa Ana,CA,Active,714-760-4360,-117.88545012,33.70999394
Wesley Health Centers - Lynwood High School,12124 Bullis Rd,Lynwood,CA,Active,323-201-4516,-118.20419998,33.91516001
Watsonville Health Center - Building E,"1430 Freedom Blvd, Suite E",Watsonville,CA,Active,831-763-8400,-121.76427078,36.92775431
CSVS - GONZALES CLINIC,126 5th St,Gonzales,CA,Active,831-757-8689,-121.44408283,36.50844378
"Community Medical Centers, Sutter Street",1800 S Sutter St,Stockton,CA,Active,209-469-2229,-121.28022526,37.93397496
LifeLong Brookside Community Health Center San Pablo,"2023 Vale Rd, Ste 107",San Pablo,CA,Active,510-215-9092,-122.33794726000001,37.95364327
Lincoln Elementary School,1029 N Broadway RM sonr6,Escondido,CA,Active,760-520-8300,-117.08709465,33.13421553
"East Valley Community Health Center, Inc - El Monte",4368 Santa Anita Ave,El Monte,CA,Active,626-919-5724,-118.02915091,34.08583873
LifeLong East Bay Community Recovery Project - Main Office,2579 San Pablo Ave,Oakland,CA,Active,510-981-4135,-122.27546663,37.8170804
AltaMed Medical Group:  Santa Ana Bristol Clinic,"2720 S Bristol St, Suite 110",Santa Ana,CA,Active,888-499-9303,-117.88577014,33.71029636
Escondido Physical Health and Wellness Center,157 E Valley Pkwy,Escondido,CA,Active,760-546-2094,-117.08078104,33.12298026
"ChapCare by AltaMed Medical Group  -  Pasadena, Del Mar","3160 E Del Mar Blvd, Suite 100",Pasadena,CA,Active,888-499-9303,-118.08500563,34.14108888
Anderson Family Health Center,2965 East St,Anderson,CA,Active,530-378-0486,-122.29836364,40.45180224
WATTS HEALTHCARE CORPORATION,10300 Compton Ave,Los Angeles,CA,Active,323-564-4331,-118.24505279,33.9427112
Juniper Elementary School,1809 S Juniper St RM Mpr,Escondido,CA,Active,760-520-8300,-117.06725366,33.10521523
ROADS Community Clinic - Paramount,16415 Colorado Ave,Paramount,CA,Active,562-630-5581,-118.16152696,33.88535698
CLCHC - SANO Santa Ana,1444 S Main St,Santa Ana,CA,Active,949-866-3600,-117.86809522,33.72740253
"AltaMed Medical Group: Huntington Park, Rugby","6601 Rugby Ave, Suite 300",Huntington Park,CA,Active,888-499-9303,-118.2268789,33.97911074
Mobile Van #1,2602 1st Ave,San Diego,CA,Active,619-234-2158,-117.16419909,32.73270556
Manteca Clinic,283 Spreckels Ave,Manteca,CA,Active,209-953-6400,-121.19991179,37.79476303
Neighborhood Healthcare ~ Valley Center,28477 Lizard Rocks Rd,Valley Center,CA,Active,760-520-8300,-117.02143348,33.2308699
Mission City Community Network - Corona,613 S Howard St,Corona,CA,Active,818-895-3100,-117.56257963,33.87430703
Central Bakersfield Community Health Center,301 Brundage Ln,Bakersfield,CA,Active,661-323-6086,-119.00545737,35.35329703
Omni Family Health,1001 Main St,Delano,CA,Active,866-707-6664,-119.24598002,35.76925501
GVHC - Modesto Coolidge,208 W Coolidge Ave,Modesto,CA,Active,209-724-6200,-120.99519319,37.66487417
CHCA Fresno Primary Care,"1300 N Fresno St, Suite 220",Fresno,CA,Active,209-441-6383,-119.7812979,36.75990984
"Center for Family Health & Education, Inc. dba Orchard Medical Center",555 6th St,Orange Cove,CA,Active,559-626-7118,-119.31274121,36.62531588
ARC 201 Mental Health Clinic,"310 8th St, Suite 201",Oakland,CA,Active,510-735-3900,-122.27047302,37.799049
La Maestra Family Clinic Inc.,4177 Fairmount Ave,San Diego,CA,Active,619-280-4213,-117.10085998,32.75279129
Linda Vista Health Care Center,6985 Linda Vista Rd,San Diego,CA,Active,858-279-0925,-117.1694107,32.7875647
Frank Kiang Medical Center,250 E 18th St FL 2,Oakland,CA,Active,510-735-3888,-122.25264497,37.80003961
Family HealthCare Network - Three Rivers Health Center,41651 Sierra Dr STE A,Three Rivers,CA,Active,877-960-3426,-118.90559144,36.43825305
CSC - Community Health Center,"767 N Hill St, Suite 200",Los Angeles,CA,Active,213-808-1792,-118.23988124,34.06255858
"Tzu Chi Mobile Unit, Medical",10414 Vacco St,South El Monte,CA,Active,626-281-3383,-118.04465817,34.04717226
Santa Paula Hospital Clinic,"845 N 10th St, Suite 3",Santa Paula,CA,Active,805-525-0215,-119.06537063,34.36695486
Mayview Community Health Center Palo Alto a member of Ravenswood Family Health Network,270 Grant Ave,Palo Alto,CA,Active,650-327-8717,-122.1420595,37.42696638
CHILDREN'S HOSPITAL MEDICAL CENTER OF NORTHERN CA,747 52nd St,Oakland,CA,Active,510-428-3783,-122.2670584,37.8368585
Omni Family Health,1215 Jefferson St,Delano,CA,Active,866-707-6664,-119.24542548,35.77245543
FUENTE WELLNESS CENTER,16335 E 14th St,Ashland,CA,Active,510-481-4554,-122.11501537,37.69539649
United Health Centers Mendota Barboza 121,121 Barboza St,Mendota,CA,Active,559-646-6618 x0010,-120.38343261,36.76625247
NORTH EAST MEDICAL SERVICES..,1520 Stockton St,San Francisco,CA,Active,415-391-9686,-122.40875817,37.79993798
Liberty St Health Clinic,39500 Liberty St,Fremont,CA,Active,510-770-8040,-121.97706459,37.54900216
Anphon Prairie Avenue,133 N Prairie Ave,Inglewood,CA,Active,310-912-6100,-118.34422982,33.96395052
El Proyecto Dental Center,8932 Woodman Ave,Arleta,CA,Active,818-810-3500,-118.43780429,34.23211028
"Tzu Chi Mobile Unit, Dental",10414 Vacco St,South El Monte,CA,Active,626-281-3383,-118.04465817,34.04717226
Kerman Unified School District Behavioral Health Center,601 S 1st St,Kerman,CA,Active,559-364-2975,-120.06528809,36.72566101
"Clinicas del Camino Real, Inc. - East Simi Valley",4370 Eve Rd,Simi Valley,CA,Active,805-915-4400,-118.70949396,34.282318
FamilyHealth--Sweetwater Family Counseling Center,"333 H St, Suite 2010",Chula Vista,CA,Active,619-515-2300,-117.07849002,32.63441199
"Central City Community Health Center, Inc. - Lincoln 2",1814 W Lincoln Ave,Anaheim,CA,Active,714-805-7719,-117.94633308,33.83218126
Tri-State Community Health Center,"540 N San Jacinto St, Suite P",Hemet,CA,Active,844-444-1424,-116.95776513,33.75547809
HCHC - San Gabriel,923 S San Gabriel Blvd,San Gabriel,CA,Active,626-286-8700,-118.09103499,34.09083799
Marin Community Clinic - San Rafael Campus,3260 Kerner Blvd,San Rafael,CA,Active,415-448-1500,-122.49989644,37.96044916
San Diego Community Health Center,2630 1st Ave,San Diego,CA,Active,619-234-2158,-117.16419406,32.73288024
La Maestra El Cajon Dental Clinic,183 S 1st St,El Cajon,CA,Active,619-328-1335,-116.94429022,32.79382037
VHC Moorpark-Internal Medicine,2400 Moorpark Ave STE 212,San Jose,CA,Active,408-885-7049,-121.93712197,37.31608248
Family HealthCare Network - Main Street,114 W Main St,Visalia,CA,Active,559-737-4700,-119.2930051,36.33042699
"Central City Community Health Center, Inc. - Garden Grove",12511 Brookhurst St,Garden Grove,CA,Active,714-741-0116,-117.95898799,33.78109012
Rohnert Park Health Center Pharmacy,"5900 State Farm Dr, Suite C",Rohnert Park,CA,Active,707-559-7600,-122.70676064,38.35395098
FHCSD Mobile Medical Unit II,823 Gateway Center Way,San Diego,CA,Active,619-515-2300,-117.11349855,32.71540946
SAC Hospitality Lane Administration,"275 W Hospitality Ln, Ste 200",San Bernardino,CA,Active,909-382-7100,-117.28915273,34.06583092
Cares Community Health dba One Community Health Admin,1507 21st St,Sacramento,CA,Active,916-443-3299,-121.48070152,38.57037918
Rustic Lane Elementary School,6420 Rustic Ln,Jurupa Valley,CA,Active,760-520-8300,-117.42938482,34.00424794
GVHC - Ceres Whitmore Avenue,3109 E Whitmore Ave,Ceres,CA,Active,209-383-1848,-120.93758697,37.5952361
Beverly Health Center,8405 Beverly Blvd,Los Angeles,CA,Active,323-653-8622,-118.37341695,34.0763417
Janus of Santa Cruz,718 Carmel St,Santa Cruz,CA,Active,831-462-1060,-121.99782983,36.9648555
DALY CITY YOUTH HEALTH CENTER,2780 Junipero Serra Blvd,Daly City,CA,Active,650-991-2240,-122.47126529,37.69052795
California Institute of the Arts,24700 McBean Pkwy,Valencia,CA,Active,661-255-7830,-118.56412092,34.39333216
"Center for Family Health & Education, Inc dba Priority Care Medical Group - Long Beach 2",306 E Pacific Coast Hwy FL 2,Long Beach,CA,Active,562-477-3500,-118.188599,33.78984247
CNHF - Lucas Clinic,"1127 Wilshire Blvd, Suite 707",Los Angeles,CA,Active,213-482-4830,-118.26415934,34.05287543
Complete Care Community Health Center- Altadena,"2595 E Washington Blvd, Ste 106",Pasadena,CA,Active,626-794-8133,-118.09688723,34.16917765
Kheir Clinic-Dental & Optometry,3750 W 6th St,Los Angeles,CA,Active,213-235-2500,-118.30434822,34.0634062
Franklin Elementary School,915 Foothill Blvd,Oakland,CA,Active,510-874-3354,-122.24824095,37.79371136
Ritter Center Complex,800 A St,San Rafael,CA,Active,415-457-8182,-122.52799174,37.97126228
DAP Health - Centro Medico Cathedral City - 69175 Ramon,69175 Ramon Rd,Cathedral City,CA,Active,760-321-6776,-116.45606213,33.81357109
Contra Costa County Dental Van,2023 Vale Rd,San Pablo,CA,Active,510-981-4100,-122.33857163,37.95370425
Community Health Centers Santa Maria Women's Health A,"116 S Palisade Dr, Suite 301",Santa Maria,CA,Active,805-934-5402,-120.41206344,34.95236965
"Comprehensive Community Health Centers, Inc-North Hollywood",12157 Victory Blvd,North Hollywood,CA,Active,818-755-8000,-118.39849007,34.18684498
Unicare Community Health Center - Vernon,985 W Vernon Ave,Los Angeles,CA,Active,909-988-2555,-118.29112275,34.00381929
WellSpace Health,777 12th St STE 250,Sacramento,CA,Active,916-550-5444,-121.48939808,38.58201703
Family HealthCare Network - Hanford 12th Avenue Health Center,939 S 12th Ave,Hanford,CA,Active,877-960-3426,-119.67277371,36.31491406
SAC Barstow Suite 101,801 E Mountain View St,Barstow,CA,Active,909-382-7100,-117.017684,34.8935949
The Children's Clinic Administrative Site,701 E 28th St,Long Beach,CA,Active,562-264-3551,-118.18425566,33.80846425
"Friends of Family Health Center - 1129 W. 4th Street, Ontario",1129 W Fourth St,Ontario,CA,Active,909-363-9300,-117.67125184,34.07760121
Elica Health Centers Health On Wheels 4,1276 Halyard Dr,West Sacramento,CA,Active,916-454-2345,-121.55073694,38.57322269
Los Angeles Christian Health Centers at Gateways Percy Village,3455 Percy St,Los Angeles,CA,Active,213-893-1930,-118.19860364,34.02820233
Community Health Centers Mobile Medical Van #4,2050 S Blosser Rd,Santa Maria,CA,Active,805-346-3900,-120.45319436,34.92270446
Hurtt Family Health Clinic,"14642 Newport Ave, Suite 310",Tustin,CA,Active,714-247-0300,-117.82891494,33.73056929
Saint Youstina,"809 S Main St, Ste A",Santa Ana,CA,Active,714-973-7700,-117.86767839,33.73791766
Kheir Pharmacy,"3255 Wilshire Blvd, Ste 110",Los Angeles,CA,Active,213-235-2500,-118.29327028,34.06186154
MNHC Administration,"2017 Mission St, #200",San Francisco,CA,Active,415-552-1013 x2225,-122.41962187,37.76481487
Aria Community Health Center Mobile 3,555 E St,Lemoore,CA,Active,559-386-4500,-119.78945676,36.30203069
AltaMed Dental Group at Lowell Elementary School,700 S Flower St,Santa Ana,CA,Active,888-499-9303,-117.87720777,33.73871809
Tarzana Treatment Centers - Yolanda,6025 Yolanda Ave,Tarzana,CA,Active,818-654-3815,-118.54087849,34.17955775
Kerman Health Center,449 S Madera Ave,Kerman,CA,Active,559-364-2970,-120.0605897,36.72876512
The Children's Clinic Family Health Center Cabrillo Gateway,2000 San Gabriel Ave,Long Beach,CA,Active,844-822-4646,-118.22308173,33.79192512
"APLA Health - 3717 S. La Brea, Suite 201",3717 S La Brea Ave STE 201,Los Angeles,CA,Active,213-201-1600,-118.35562745,34.01990601
Martinez Health Center-Family Medicine 2B,2500 Alhambra Ave,Martinez,CA,Active,925-370-5851,-122.13291803,38.006699
Aria Community Health Center,1000 Skyline Blvd STE C,Avenal,CA,Active,559-386-4500,-120.12160467,36.00791122
Kheir-Wilshire Clinic,"3255 Wilshire Blvd, Ste 120",Los Angeles,CA,Active,213-235-2500,-118.29327028,34.06186154
Neighborhood Healthcare PACE ~ Murrieta,"30135 Technology Dr, Ste 100",Murrieta,CA,Active,760-520-8300,-117.1346372,33.55921549
Point Reyes Community Health Center - Pharmacy,11 4th St,Point Reyes Station,CA,Active,415-663-8666,-122.80711423,38.0688006
UMMA Health Jordan Wellness Center,10110 Juniper St,Los Angeles,CA,Active,323-789-5610,-118.23277925,33.94464012
Clinica Sierra Vista Corporate Headquarters,9525 Camino Media,Bakersfield,CA,Active,661-635-3050,-119.11009465,35.34286711
Unicare Community Health Center - Hesperia Suite C,"11919 Hesperia Rd, Ste C",Hesperia,CA,Active,760-948-1454,-117.29258268,34.46759708
Valley Community Healthcare,"13400 Riverside Dr, Suite 300",Sherman Oaks,CA,Active,818-763-8836,-118.4246256,34.15719052
AltaMed Pharmacy - South Gate,8627 Atlantic Ave,South Gate,CA,Active,888-499-9303,-118.18412499,33.95456581
Omni Family Health,4815 E Butler Ave,Fresno,CA,Active,866-707-6664,-119.73568207,36.72963814
Eisner Health Family Medicine Center at California Hospital,"1400 S Grand Ave, Suite 101",Los Angeles,CA,Active,213-744-0801,-118.26529232,34.03697513
All For Health-Montrose,2048 Montrose Ave,Montrose,CA,Active,818-409-3020,-118.22484897,34.20593347
Marin City Health and Wellness Dental Van,630 Drake Ave,Sausalito,CA,Active,415-339-8813,-122.51450182,37.87295777
CALI MED HEALTH - RESEDA,18614 Sherman Way,Reseda,CA,Active,818-996-9497,-118.53912097,34.20105482
Peach Tree Clinic,"5730 Packard Ave, Suite 500",Marysville,CA,Active,530-741-6245,-121.56746914,39.1198154
Omni Family Health,1100 4th St,Taft,CA,Active,866-707-6664,-119.45276903,35.14890399
Occidental Area Health Center,3802 Main St,Occidental,CA,Active,707-874-2444,-122.9478049,38.4090627
"Central City Community Health Center, Inc. - Beverly",5233 E Beverly Blvd,Los Angeles,CA,Active,323-724-0019,-118.15247132,34.03175806
United Health Centers Fresno First Street,4615 N 1st St,Fresno,CA,Active,559-646-6618 x0010,-119.77275003,36.80163998
Kerman Dental Center/ Valley Optometric Center,942 S Madera Ave,Kerman,CA,Active,559-364-2980,-120.0597987,36.72122937
CCHC Administrative Offices - Suite 25,801 S Chevy Chase Dr STE 25,Glendale,CA,Active,818-630-2201,-118.23961755,34.13675301
ALVISO HEALTH CENTER,1621 Gold St,Alviso,CA,Active,408-935-3900,-121.97541662,37.42480259
ROADS - MCA Behavioral Health Center,4525 E Atherton St,Long Beach,CA,Active,310-627-5850,-118.14035536,33.79085957
LAGLC Transitional Living Program,1625 Schrader Blvd,Los Angeles,CA,Active,323-993-7471,-118.33259791,34.1004623
"AltaMed Medical Group - Westlake, 3rd Street",2100 W 3rd St STE 400,Los Angeles,CA,Active,888-499-9303,-118.27339284,34.06307709
Valley Health Center Gilroy,7475 Camino Arroyo,Gilroy,CA,Active,408-686-2209,-121.55773976,37.01097944
VCC: Mobile Medical Clinic1,465 LA Tortuga Dr,Vista,CA,Active,760-631-5000,-117.25903353,33.19052889
AltaMed Dental Group at Diamond Elementary,1450 S Center St,Santa Ana,CA,Active,888-499-9303,-117.89816647,33.72792082
OHI - Lincoln Elementary,620 Carolina St,Vallejo,CA,Active,707-558-2000,-122.25415622,38.1040649
BACHC Campus,42933 Business Center Pkwy,Lancaster,CA,Active,661-874-4050,-118.1253251,34.66339662
W.E. Mitchell Middle School,2100 Zinfandel Dr,Rancho Cordova,CA,Active,916-294-9050,-121.27725211,38.61034384
APLA Health & Wellness Wilshire Dental Clinic,"1127 Wilshire Blvd, Suite 1504",Los Angeles,CA,Active,213-201-1388,-118.26415934,34.05287543
Administrative Site,917 Oakdale Rd Trlr A,Modesto,CA,Active,209-558-7163,-120.95749751,37.65604099
BILL WILSON CENTER,3490 The Alameda,Santa Clara,CA,Active,408-243-0222,-121.94192187,37.35391432
Fallbrook Union HS SBHC,2400 S Stage Coach Ln,Fallbrook,CA,Active,760-978-7671,-117.24125099,33.34890646
HCHC-Telstar Admin Office,9095 Telstar Ave,El Monte,CA,Active,626-286-8700,-118.06946022,34.0688404
SCFHC Medical/Dental Annex,4415 S Central Ave STE 100,Los Angeles,CA,Active,323-908-4200,-118.25651337,34.00344316
Neighborhood Healthcare ~ Behavioral Health 311,"488 E Valley Pkwy, #311",Escondido,CA,Active,760-520-8300,-117.07738201,33.12561499
Family Health Matters Mobile Dental Clinic,1182 N Euclid St,Anaheim,CA,Active,714-411-0411,-117.94140796,33.84992638
Mt. Shasta Alternative Health Center,701 Pine St,Mount Shasta,CA,Active,530-999-9040,-122.31928965,41.31569722
Ampla Health Gridley Medical,520 Kentucky St,Gridley,CA,Active,530-846-6231,-121.69627586,39.36396142
KERN MEDICAL OUTPATIENT HEALTH (KMOH)  -  COLUMBUS 1000,"1111 Columbus St, Suite 1000",Bakersfield,CA,Active,661-326-2800,-118.98246196,35.3967541
WellSpace Health - Women's Health Education Center,"7601 Hospital Dr, Suite 104 B",Sacramento,CA,Active,916-689-3433,-121.41592416,38.46485889
Cares Community Health dba One Community Health Arden-Arcade Campus,1442 Ethan Way,Sacramento,CA,Active,916-443-3299,-121.41907425,38.59212464
AltaMed Dental Group at Danbrook Elementary School,320 S Danbrook Dr,Anaheim,CA,Active,888-499-9303,-118.00827937,33.82778734
"Community Medical Centers, Tracy",730 N Central Ave,Tracy,CA,Active,209-650-4000,-121.42552689,37.73620651
Rohnert Park Health Center,"5900 State Farm Dr, Ste 200",Rohnert Park,CA,Active,707-559-7577,-122.70715937,38.35350938
St. Anthony Medical Centers  -  Hawthorne Site,13865 Hawthorne Blvd,Hawthorne,CA,Active,323-469-5555,-118.3530459,33.90536215
San Ysidro Health Otay,1637 Third Ave STE BF,Chula Vista,CA,Active,619-662-4100,-117.06448252,32.596563
HCHC - Rosemead,8841 Garvey Ave,Rosemead,CA,Active,626-286-8700,-118.07586491,34.06299771
CHCA Merced,850 W Olive Ave,Merced,CA,Active,209-761-0134,-120.48345688,37.31913043
EVCHC - Covina Health Center,276 W College St,Covina,CA,Active,626-919-5724,-117.89420527,34.08728532
CMWC - Rio Hondo,12444 Washington Blvd,Whittier,CA,Active,562-270-0324,-118.04643991,33.96738324
SMHC Pharmacy,255 7th St,San Francisco,CA,Active,628-230-6166,-122.40863504,37.77739988
ACHCH Lifelong North/West Berkeley  Albany Street Health Team Zone 14 Mobile Unit,"3075 Adeline St, Suite 280",Berkeley,CA,Active,510-981-4100,-122.2693278,37.85277352
POTRERO HILL HEALTH CENTER,1050 Wisconsin St,San Francisco,CA,Active,415-648-3022,-122.39893114,37.75400653
APLA Health - CDU / MLK Medical Campus,1679 E 120th St,Los Angeles,CA,Active,323-329-9700,-118.24385426,33.92499525
SFCHC-Bryant Navigation Center,Bryant St,San Francisco,CA,Active,415-292-3400,-122.38958504,37.78630735
Clinicas Del Camino Real Inc - Maravilla,450 W Clara St,Oxnard,CA,Active,805-488-0210,-119.18228544,34.15085342
County of Ventura,2901 N Ventura Rd,Oxnard,CA,Active,805-677-5223,-119.18191295,34.24530243
Magnolia Community Health Center,9380 Magnolia Ave,Riverside,CA,Active,951-373-5620,-117.44410394,33.9213474
KidCare Express Mobile Medical Unit,823 Gateway Center Way,San Diego,CA,Active,619-515-2300,-117.11349855,32.71540946
The Childrens Clinic - S. Mark Taper Foundation Childrens Clinic Family Health Center,455 E Columbia St,Long Beach,CA,Active,844-822-4646,-118.18737817,33.80937725
Crenshaw Community Clinic,"3631 Crenshaw Blvd, Suite 109",Los Angeles,CA,Active,323-732-0100,-118.33557869,34.0231664
Wesley Health Centers- Midnight Mission,601 S San Pedro St,Los Angeles,CA,Active,866-733-5924,-118.24551707,34.04226147
Families Together of Orange County - Magnolia,"14571 Magnolia St, Suite 204",Westminster,CA,Active,714-665-9890,-117.97279676,33.75099427
Omni Family Health - Mobile #1,"4900 California Ave, Suite 400 B",Bakersfield,CA,Active,866-707-6664,-119.05700272,35.36490597
UC Irvine Family Health Center- Anaheim,2441 W La Palma Ave STE 100,Anaheim,CA,Active,657-282-6356,-117.96970342,33.84690994
West County Health Center,13601 San Pablo Ave,San Pablo,CA,Active,510-231-1200,-122.337873,37.9558739
Wellness Center at the Elizabeth Learning Center,4811 Elizabeth St,Cudahy,CA,Active,323-505-5800,-118.18199942,33.96337954
Mobile Dental Clinic,Multiple locationsContra Costa County,Martinez,CA,Active,925-313-6166,-122.114355,37.992486
GVHC - LE GRAND,13161 Jefferson St,Le Grand,CA,Active,209-389-1900,-120.25084348,37.2292771
GVHC - Atwater Administrative Offices,1910 Customer Care Way,Atwater,CA,Active,209-384-6424,-120.57397373,37.36223806
"Bloomington Community Health Center, Building 2",18651 Valley Blvd,Bloomington,CA,Active,909-546-7520,-117.39740081,34.07013272
Kedren Community Health Center - Mobile Unit,4211 Avalon Blvd STE A,Los Angeles,CA,Active,323-233-0425,-118.26530749,34.00723999
NORTH COUNTY MENTAL HEALTH,375 89th St,Daly City,CA,Active,650-301-8650,-122.47424438,37.69164601
Third Street Services,1522 3rd St,Eureka,CA,Active,707-269-7073,-124.15535065,40.80530092
County of Monterey Integrated Health Clinic,299 12th St,Marina,CA,Active,831-755-4353,-121.80090699,36.66833533
SAC Mobile Unit #2,250 S G St,San Bernardino,CA,Active,909-382-7100,-117.29938091,34.09701256
CSVS - GREENFIELD CLINIC,808 Oak Ave,Greenfield,CA,Active,831-678-0881,-121.24299192,36.32156954
Aria Community Health Center Hanford 109,329 W 8th St STE 109,Hanford,CA,Active,559-582-2500,-119.65053543,36.32681896
Serve the People Mobile Dental Clinic,1206 E 17th St,Santa Ana,CA,Active,714-352-2911,-117.85402041,33.75952579
Children's Hospital Oakland Primary Care,5220 Claremont Ave,Oakland,CA,Active,510-428-3129,-122.26080324,37.83845915
Universal Community Health Center- Central,2098 S Central Ave,Los Angeles,CA,Active,323-233-3100 x303,-118.25217347,34.02245038
Yehowa Medical Services - Administrative Site,2950 Columbia St,Torrance,CA,Active,323-776-1500,-118.33916472,33.8439443
Reseda Health Center,6416 Tampa Ave,Tarzana,CA,Active,818-898-1388,-118.55308497,34.18733201
GARDNER HEALTH CENTER,195 E Virginia St,San Jose,CA,Active,408-918-5500,-121.87777055,37.32605279
Complete Care Community Health Center- Monterey Park Suite 218,"941 S Atlantic Blvd, Ste 218",Monterey Park,CA,Active,626-458-8020,-118.13915298,34.04914326
Neighborhood Healthcare ~ Valley Parkway,728 E Valley Pkwy,Escondido,CA,Active,760-737-6900,-117.07324731,33.12800798
Martinez Health Center-Family Medicine 3A,2500 Alhambra Ave,Martinez,CA,Active,925-370-5851,-122.13291803,38.006699
Fillmore High school,555 Central Ave,Fillmore,CA,Active,NA,-118.91476769,34.40362501
LifeLong Brookside San Pablo Immediate/Urgent Care,"2023 Vale Rd, Suite 103",San Pablo,CA,Active,510-231-9800,-122.33857163,37.95370425
NORTH EAST MEDICAL SERVICES - 2308 TARAVAL,2308 Taraval St,San Francisco,CA,Active,888-500-1886,-122.49105177,37.74259596
Southern California Medical Center El Monte 2,"12100 Valley Blvd, Suite 112",El Monte,CA,Active,626-575-7500,-118.01671097,34.0609682
Happy Camp Medical Clinic,64109 Hillside Rd,Happy Camp,CA,Active,530-493-1600,-123.37564056,41.79311201
UMMA Health Locke Wellness Center,316 E 111th St,Los Angeles,CA,Active,323-789-5610,-118.26895303,33.93445699
Community Health Centers of America,"5320 State Highway 49 N, Suite 1",Mariposa,CA,Active,209-966-2344,-119.98357795,37.50014459
Morongo Basin Healthcare District,"58295 29 Palms Hwy, Suite A",Yucca Valley,CA,Active,760-820-9229,-116.39192313,34.13056243
Mission City Community Network- Panorama City,8771 Van Nuys Blvd,Panorama City,CA,Active,818-895-3100,-118.45057664,34.22938113
School Health Clinics of Santa Clara County - Administration,6840 Via Del Oro STE 210,San Jose,CA,Active,408-284-2282,-121.77807368,37.23193827
"Central City Community Health Center, Inc. - Riverside County Admin","11800 Sterling Ave, Ste A",Riverside,CA,Active,323-724-0019,-117.48924828,33.89428467
Serve the People Mobile Vision Clinic,1206 E 17th St,Santa Ana,CA,Active,714-352-2911,-117.85402041,33.75952579
"Petaluma Health Center, Inc. Mobile Unit",5900 State Farm Dr,Rohnert Park,CA,Active,707-559-6500,-122.70699768,38.3537732
"Center for Family Health & Education, Inc",8727 Van Nuys Blvd STE 101,Panorama City,CA,Active,818-405-0090,-118.45029048,34.22816873
Beach Area Women's Health Center,3690 Mission Blvd,San Diego,CA,Active,619-515-2444,-117.25269606,32.7823885
Angeles Community Health Center - 7th Street - Fl 4,1919 W 7th St,Los Angeles,CA,Active,213-413-2222,-118.27507643,34.05582603
United Health Centers Sanger 7th Street,1570 7th St,Sanger,CA,Active,559-646-6618 x0010,-119.55960511,36.70626964
Garfield Health Center Rowland Heights Dental Clinic,19138 E Walnut Dr N STE 101,Rowland Heights,CA,Active,626-300-9980,-117.88504192,33.99572259
Omni Family Health,210 N Chester Ave,Bakersfield,CA,Active,866-707-6664,-119.02046726,35.407185
WellSpace Health - Norwood Community Health Center,3946 Norwood Ave,Sacramento,CA,Active,916-564-0521,-121.45635788,38.63995186
Todos Para La Salud: Canoga Park,"22030 Sherman Way, Suite 211",Canoga Park,CA,Active,818-884-7424,-118.60682127,34.20085567
Bolinas Community Health Center,88 Mesa Rd,Bolinas,CA,Active,415-868-0124,-122.69737701,37.910871
Neighborhood Healthcare ~ Menifee Suite C,26926 Cherry Hills Blvd STE C,Menifee,CA,Active,760-520-8300,-117.1900156,33.710853
Banning Family Community Health Center,1070 E Ramsey St,Banning,CA,Active,909-881-6146,-116.86441043,33.9249758
Innercare Brawley Dental,283 Main St,Brawley,CA,Active,760-344-3583,-115.53789085,32.97925933
"AltaMed Medical Group: Pico Rivera, Slauson",9436 Slauson Ave,Pico Rivera,CA,Active,888-499-9303,-118.09656,33.967737
South Central Family Health Center Vernon Avenue Site,1111 E Vernon Ave,Los Angeles,CA,Active,323-908-4200,-118.25586888,34.00405395
DALY CITY CLINIC,380 90th St,Daly City,CA,Active,650-301-8600,-122.47421119,37.69132913
SF Community Health Pine Street,1460 Pine St,San Francisco,CA,Active,415-292-3400,-122.41987726,37.78998543
NORTH EAST MEDICAL SERVICES,1520 Stockton St,San Francisco,CA,Active,888-500-1886,-122.40875817,37.79993798
Comunity Health Centers of America Sacramento,2928 Eastern Ave,Sacramento,CA,Active,209-761-0134,-121.36359133,38.61870366
AltaMed Medical and Dental Group: West Covina,1300 South Sunset Avenue,West Covina,CA,Active,888-499-9303,-117.94730873,34.06015997
GVHC - Ceres East,1920 Memorial Dr,Ceres,CA,Active,209-383-1848,-120.96077995,37.60015989
Gilroy Neighborhood Health Clinic,9300 Wren Ave,Gilroy,CA,Active,408-284-2282,-121.58715044,37.03076233
Mobile Optometry Van,1381 University St,Healdsburg,CA,Active,707-480-3898,-122.86549125,38.62736388
Gracelight Community Health - Hollywood,4618 Fountain Ave,Los Angeles,CA,Active,323-953-7330,-118.29020937,34.09536326
Mendocino Coast Clinics Medication-Assisted Treatment & Support Clinic,690 S Main St,Fort Bragg,CA,Active,707-964-1251,-123.80569931,39.43286415
San Ysidro Health Sherman Heights,316 25th St,San Diego,CA,Active,619-662-4100,-117.14037596,32.70873001
WellSpace Health - Health Care for Women Community Health Center,"7601 Hospital Dr, #220",Sacramento,CA,Active,916-689-3433,-121.41522,38.4643095
Nathaniel Colley High School,8182 Gerber Rd STE A,Sacramento,CA,Active,916-228-2329,-121.40524772,38.48161046
Palm Desert Community Health Center,"41990 Cook St, Suite F 2007",Palm Desert,CA,Active,909-281-5800,-116.35521869,33.74871012
VCC: Durian Senior Adult Care,"105 Durian St, Suite B",Vista,CA,Active,760-631-5000,-117.27237341,33.19259012
Center South,2313 W Martin Luther King Jr Blvd,Los Angeles,CA,Active,323-860-3799,-118.31898193,34.01101222
Administrative Site,"220 S Indian Hill Blvd, Ste F",Claremont,CA,Active,909-281-5800,-117.71926137,34.09165715
Orange Glen Elementary School,2861 E Valley Pkwy RM 29,Escondido,CA,Active,760-520-8300,-117.03594406,33.14534416
Mobile Health Center,1172 N Maclay Ave,San Fernando,CA,Active,818-898-1388,-118.42385421,34.29559075
Omni Family Health,659 S Central Valley Hwy,Shafter,CA,Active,866-707-6664,-119.26670612,35.49676798
Tri-State Community Healthcare Center,1655 N Mount Vernon Ave,San Bernardino,CA,Active,323-344-9255,-117.31279757,34.12944269
San Ysidro Health Paradise Hills,2400 E 8th St STE A,National City,CA,Active,619-662-4100,-117.0819991,32.68281736
GVHC - ROBERTSON ROAD,1121 Hammond St,Modesto,CA,Active,209-576-4437,-121.01910098,37.61521601
COMMUNITY HEALTH CENTERS CAMBRIA,1276 Tamsen St,Cambria,CA,Active,805-927-5292,-121.09093171,35.56299926
CMCC- 6th Street Resource Center,"1307 W 6th St, Suite 124",Corona,CA,Active,951-278-8910,-117.58993254,33.87833734
"Community Health Systems, Inc.",7880 Mission Grove Pkwy S,Riverside,CA,Active,951-571-2300,-117.32539976,33.90839074
SAN ANTONIO NEIGHBORHOOD HEALTH CENTER,1030 International Blvd,Oakland,CA,Active,510-238-5400,-122.24901745,37.79192446
Camarena Health--Cleveland Avenue,"2339 W Cleveland Ave, Suite 103",Madera,CA,Active,559-673-8055,-120.08578838,36.97504413
WellSpace Health - South Valley Community Health Center,"8233 E Stockton Blvd, Suite D",Sacramento,CA,Active,916-236-4701,-121.40958292,38.45962632
Ampla Health Medical,931 Market St,Yuba City,CA,Active,530-671-8820,-121.61382811,39.14491421
Humboldt Open Door Clinic,1150 Foster Ave,Arcata,CA,Active,707-826-8610,-124.08634211,40.87991126
Unicare Community Health Center - Moreno Valley,24853 Alessandro Blvd STE 4,Moreno Valley,CA,Active,951-571-8518,-117.22862767,33.9168788
Neighborhood Healthcare ~ Temecula Parkway,"31720 Temecula Pkwy, Ste 200",Temecula,CA,Active,760-520-8300,-117.10341864,33.47991376
Wesley Health Centers Bell Oasis,5502 K St,Bell Gardens,CA,Active,866-733-5924,-118.16813927,33.98829651
Garfield Health Center,"210 N Garfield Ave, Suite 203",Monterey Park,CA,Active,626-307-7397,-118.12264499,34.06394101
Golden Plains Unified School District Community Health Center,6171 S Daniels Ave,Tranquillity,CA,Active,559-364-2984,-120.25327616,36.64440582
DAP Health - Centro Medico El Cajon,133 W Main St,El Cajon,CA,Active,619-401-0404,-116.96316333,32.79448794
Martinez Health Center - Specialty 1A,2500 Alhambra Ave,Martinez,CA,Active,925-370-5851,-122.13291803,38.006699
WeCare at Weaverville Health Center,31660 State Highway 3,Weaverville,CA,Active,530-623-8888,-122.92712263,40.73856588
CSVS - KINGCITY CLINIC,122 San Antonio Dr,King City,CA,Active,831-728-2506,-121.12833956,36.2215972
GVHC - TURLOCK PEDIATRIC HEALTH CENTER 1120,1120 Delbon Ave,Turlock,CA,Active,209-385-5503,-120.83573403,37.51056931
Bellflower Health Center Suite 102,"10230 Artesia Blvd, Suite 102",Bellflower,CA,Active,323-268-9191,-118.11615873,33.87222069
TrueCare Vista Way Health Center Ste B/C,"3998 Vista Way, Suite B",Oceanside,CA,Active,760-736-6767,-117.29260096,33.18424699
SJCH at Dominguez High School,15301 S San Jose Ave,Paramount,CA,Active,323-541-1411,-118.18175381,33.89330281
Gilroy Health Clinic,"9460 N Name Uno, Suite 110",Gilroy,CA,Active,408-729-9700,-121.57109641,37.0376727
Omni Family Health,1133 Chelsea St,Ridgecrest,CA,Active,866-707-6664,-117.66773966,35.64246661
Universal Community Health Center - San Pedro,2801 S San Pedro St,Los Angeles,CA,Active,323-233-3100,-118.26265169,34.01983187
LAGLC Youth Center on Highland,1220 N Highland Ave,Los Angeles,CA,Active,323-860-2280,-118.33859257,34.09313899
JWCH Institute Inc (Covenant House),1325 N Western Ave,Los Angeles,CA,Active,866-733-5924,-118.3094191,34.09542352
St. Jude Neighborhood Health Centers Leadership Offices @ SJO,1100 W Stewart Dr,Orange,CA,Active,714-744-8808 x18808,-117.86494874,33.78212458
COMMUNITY HEALTH CENTERS - ARROYO GRANDE,1205 E Grand Ave STE H,Arroyo Grande,CA,Active,805-929-3211,-120.60062508,35.12051046
AHS Mobile Unit #1,2000 Doolittle Dr,San Leandro,CA,Active,510-735-3888,-122.17950699,37.706593
NORTH COUNTY MENTAL HEALTH,1400 Emeline Ave,Santa Cruz,CA,Active,831-454-4170,-122.01823574,36.99285261
White Memorial Community Health Center-Administration,"1828 E Cesar E Chavez Ave, Suite 6100",Los Angeles,CA,Active,323-987-1200,-118.21572569,34.05014259
SO-CAL COMMUNITY HEALTH CENTER,"9700 Woodman Ave, Suite A10",Arleta,CA,Active,818-582-8944,-118.44739856,34.24592768
AltaMed Dental Group at Clinton Elementary,13641 Clinton St,Garden Grove,CA,Active,888-499-9303,-117.91164399,33.76450473
Via Care 284 Family Health Center,284 S Atlantic Blvd,Los Angeles,CA,Active,323-268-9191,-118.15306585,34.0327851
Family HealthCare Network - Visalia Bridge Administration,409 N Bridge St,Visalia,CA,Active,800-713-8698,-119.28908793,36.33325296
Omni Family Health,1507 Panama Ln STE 100G,Bakersfield,CA,Active,866-707-6664,-119.01861227,35.29577052
Camarena Health- Chowchilla North,285 Hospital Dr,Chowchilla,CA,Active,559-664-4000,-120.27363002,37.12188099
Haight Ashbury Integrated Care Center,1563 Mission St,San Francisco,CA,Active,415-746-1940,-122.41820021,37.77309267
COUNTY HLTH CLINIC - CARPINTERIA,931 Walnut Ave,Carpinteria,CA,Active,805-560-1050,-119.51677483,34.39717244
Kedren Community Health / Amity,3745 S Grand Ave,Los Angeles,CA,Active,323-234-0616,-118.27931416,34.01527547
"AltaMed Behavioral Health at Lillian Street Elementary School, Los Angeles",5909 Lillian St,Los Angeles,CA,Active,888-499-9303,-118.24068213,33.98645979
Human Services and Child Welfare,64105 Hillside Rd,Happy Camp,CA,Active,530-493-1600,-123.37589535,41.79290323
Southern California Medical Center - San Dimas,314 W Arrow Hwy,San Dimas,CA,Active,909-620-8500,-117.81177579,34.10292373
GVHC - Modesto Womens and Florida,1500 Florida Ave,Modesto,CA,Active,209-574-1030,-120.99550148,37.6657383
BHS - Carson Health Center,"1000 E Dominguez St, Suite 110",Carson,CA,Active,310-830-4561,-118.25752003,33.84016201
MAXINE HALL HEALTH CENTER,1301 Pierce St,San Francisco,CA,Active,415-292-1300,-122.43620647,37.78233732
AltaMed Field-Based Services Office -- Orange,500 City Pkwy W,Orange,CA,Active,888-499-9303,-117.89576246,33.78332181
Martinez Health Center-Specialty 2B,2500 Alhambra Ave,Martinez,CA,Active,925-370-5851,-122.13291803,38.006699
La Maestra National City Clinic,217 Highland Ave,National City,CA,Active,619-434-7308,-117.10058193,32.68320035
Open Door Community Health Centers Administration,1275 8th St,Arcata,CA,Active,707-826-8633,-124.09169563,40.86892778
Aria Community Health Center Kettleman City,304 Becky Pease St,Kettleman City,CA,Active,559-386-4501,-119.96002882,36.00946409
Morongo Basin Community Health Center-Dental,57019 Yucca Trl STE C,Yucca Valley,CA,Active,760-820-4130,-116.42023444,34.1205313
Eisner Health at Van Nuys,6618 Van Nuys Blvd,Van Nuys,CA,Active,818-908-9962,-118.4484768,34.1912169
United Health Centers Selma Rose,1201 Rose Ave,Selma,CA,Active,559-646-6618 x0010,-119.59981553,36.56852228
St. Mary Health Centers - Apple Valley,18077 US Highway 18 STE 100,Apple Valley,CA,Active,760-946-4240,-117.26965994,34.54032819
Medical Respite and Sobering Center,1171 Mission St,San Francisco,CA,Active,415-734-4201,-122.4124602,37.77782082
KARUK TRIBE,64236 Second Ave,Happy Camp,CA,Active,530-493-5257,-123.37985093,41.79171916
Tri-State Community Healthcare Center,"11273 Laurel Canyon Blvd, Suite 2",San Fernando,CA,Active,323-319-5607,-118.44961414,34.27488057
Chowchilla Health Center,300 Prosperity Blvd,Chowchilla,CA,Active,559-664-4000,-120.25430085,37.12511619
COASTSIDE MENTAL HEALTH CENTER,225 Cabrillo Hwy S FL 2,Half Moon Bay,CA,Active,650-726-6369,-122.43376013,37.46542226
WellSpace Health - Del Paso Heights Community Health Center,3441 Marysville Blvd,Sacramento,CA,Active,916-563-7200,-121.43140277,38.63123146
Hill Country Community Clinic - Churn Creek,3270 Churn Creek Rd,Redding,CA,Active,530-337-6243,-122.35352603,40.56002234
KCS Buena Park Homeless Shelter Clinic,6494 Caballero Blvd,Buena Park,CA,Active,714-503-6550,-118.01961397,33.86570794
OLE Health Mobile Health Center,2650 Napa Valley Corporate Dr,Napa,CA,Active,707-254-1774,-122.27395495,38.25160718
The Hubito,1645 Logan Ave,San Diego,CA,Active,619-906-4508,-117.1485279,32.70434424
WINDSOR HOTEL,238 Eddy St,San Francisco,CA,Active,415-255-3525,-122.4116842,37.7841712
MCHC - Dora Street Admin - Suite G,1165 S Dora St,Ukiah,CA,Active,707-468-1010,-123.20834898,39.13530298
Fortuna Community Health Center,3750 Rohnerville Rd,Fortuna,CA,Active,707-725-6101,-124.13228181,40.58151555
One Health Center,199 N 2nd Ave,Upland,CA,Active,818-895-3100,-117.64878826,34.09595083
OPSAM HEALTH: 10737 Camino Ruiz Ste. 140,"10737 Camino Ruiz, Ste 140",San Diego,CA,Active,844-200-2426,-117.14378714,32.91416853
Burney Alternative Health Center,37092 State Highway 299 E,Burney,CA,Active,530-999-9030,-121.66653192,40.88201575
Aria Community Health Center,973 Sequoia Ave,Lindsay,CA,Active,559-562-7799,-119.0969057,36.21515709
Del Norte Community Health Center,550 E Washington Blvd,Crescent City,CA,Active,707-465-6925,-124.19890361,41.77322307
Marin Community Clinic - Larkspur,"5 Bon Air Rd, Suite 117",Larkspur,CA,Active,415-448-1500,-122.54007702,37.94418198
San Ysidro Health Precision Park,1666 Precision Park Ln,San Ysidro,CA,Active,619-662-4100,-117.06011068,32.56619939
HAMILTON FAMILY RESIDENCE,260 Golden Gate Ave,San Francisco,CA,Active,415-255-3525,-122.41493068,37.78185352
Dora Street Health Center,"1165 S Dora St, Ste A1",Ukiah,CA,Active,707-468-1010,-123.20957022,39.13597638
"La Maestra Family Clinic, Inc",4185 Fairmount Ave,San Diego,CA,Active,619-280-4213,-117.10058606,32.7529075
Southern California Medical Center,"12100 Valley Blvd, Ste 109A",El Monte,CA,Active,626-575-7500,-118.01647326,34.06135314
Sierra Medical Family Inc,15301 Tyler Foote Rd,Nevada City,CA,Active,530-292-3478,-121.0366754,39.36581923
COMMUNITY HEALTH CENTERS - DEL MAR,2120 Cienaga St,Oceano,CA,Active,805-929-3211,-120.6086536,35.09783879
Camarena Health - 6th Street,344 E 6th St,Madera,CA,Active,559-664-4000,-120.05542293,36.9625869
Friends of Family Health Center - Pico Rivera,5062 Rosemead Blvd,Pico Rivera,CA,Active,562-801-2287,-118.08397617,34.00007858
CENTRAL COUNTY MENTAL HEALTH CTR,1950 Alameda de las Pulgas,San Mateo,CA,Active,650-573-3571,-122.32096997,37.54461498
AltaMed Dental Group at Gilbert Elementary,9551 Orangewood Ave,Garden Grove,CA,Active,888-499-9303,-117.96638796,33.79584512
Mobile Health Clinic #11,40910 Fremont Blvd,Fremont,CA,Active,510-770-8040,-121.96027002,37.53434271
Via Care Chronic Disease Care Clinic,615 S Atlantic Blvd,Los Angeles,CA,Active,323-268-9191,-118.15634049,34.02447633
Angeles Community Health Center  -  7th Street  -  Fl 3,1919 W 7th St,Los Angeles,CA,Active,323-413-2222,-118.27507643,34.05582603
Sherman Heights Family Health Center,2391 Island Ave,San Diego,CA,Active,619-515-2435,-117.14268584,32.71024005
North East Medical Services - Pacific Suite 604,"728 Pacific Ave, Suite 604",San Francisco,CA,Active,888-500-1886,-122.40746693,37.79709287
Venice Family Clinic - Chuck Lorre Rose Avenue Health and Wellness Center,604 Rose Ave,Venice,CA,Active,310-392-8636,-118.47166735,33.99915632
Moreno Valley Family Health Center,22675 Alessandro Blvd,Moreno Valley,CA,Active,951-571-2350,-117.2672369,33.9159948
"Clinicas del Camino Real, Incorporated - Moorpark",4279 Tierra Rejada Rd,Moorpark,CA,Active,805-222-2323,-118.89958807,34.26837806
"Community Medical Centers, Mobile Unit 104",2650 Wigwam Dr,Stockton,CA,Active,209-940-5600,-121.25681553,37.98694863
Peach Tree Health Sacramento Administration,3840 Rosin Ct,Sacramento,CA,Active,916-779-7656,-121.47330776,38.63756575
CLCHC - The Adam Raine Healing Center,26051 Acero,Mission Viejo,CA,Active,949-866-3600,-117.67661391,33.61874037
San Ysidro Health Southwest High School,1685 Hollister St,San Diego,CA,Active,619-662-4100,-117.08314273,32.56764464
"Center for Family Health & Education, Inc. dba Priority Care Medical Group - Mobile Unit 1",8727 North Van Nuys Boulevard,Panorama City,CA,Active,818-899-5555,-118.45029333,34.22813788
Fresno Administration,1690 W Shaw Ave STE 109,Fresno,CA,Active,559-693-2462,-119.82412515,36.80944806
"Community Medical Centers, 747 Channel",747 E Channel St,Stockton,CA,Active,209-944-4700,-121.28161783,37.95628072
Aria Community Health Center,271 N L St,Dinuba,CA,Active,559-591-1820,-119.39235529,36.54236178
Modesto Orangeburg Ave Center,2116 E Orangeburg Ave,Modesto,CA,Active,209-850-3500,-120.957955,37.66330311
Alameda Health System Highland Care Pavilion Specialty Care,1411 E 31st St,Oakland,CA,Active,510-437-4800,-122.23167076,37.79828322
BRENTWOOD HEALTH CENTER,"171 Sand Creek Rd, Suite A",Brentwood,CA,Active,925-513-6810,-121.69923878,37.94793398
Herman Ostrow School of Dentistry of USC,545 S San Pedro St,Los Angeles,CA,Active,213-347-6357,-118.24487065,34.04311877
AltaMed Behavioral Health  -  Willow Elementary School,2777 Willow Pl,South Gate,CA,Active,888-499-9030,-118.22199996,33.95514001
AICHC-Northridge,17114 Devonshire St,Northridge,CA,Active,818-646-1771,-118.50605168,34.25726005
Altura Centers Health Mobile Clinic 1,1134 E Cartmill Ave,Tulare,CA,Active,559-685-4601,-119.32991749,36.24092323
Hillcrest Family Health Center - Annex,4065 3rd Ave,San Diego,CA,Active,619-515-2545,-117.16246194,32.75122584
ST. JAMES HEALTH CENTER,55 E Julian St,San Jose,CA,Active,408-918-2600,-121.89270149,37.3413532
Palm Springs Community Health Center,191 N Sunrise Way,Palm Springs,CA,Active,760-778-2210,-116.5285396,33.82427855
NORTH EAST MEDICAL SERVICES - 2633 SAN BRUNO,2633 San Bruno Ave,San Francisco,CA,Active,888-500-1886,-122.40368535,37.72846981
San Jacinto Preschool ~ Hyatt,465 El Monte St,San Jacinto,CA,Active,760-520-8300,-116.95391539,33.77578408
APHCV - Administrative Office,4216 Fountain Ave,Los Angeles,CA,Active,323-644-3880,-118.28153109,34.0955718
Steve Schilling Mobile Unit,301 Brundage Ln,Bakersfield,CA,Active,661-635-3050,-119.00545737,35.35329703
SF GEN HOSPITAL URGENT CARE CTR,1001 Potrero Ave,San Francisco,CA,Active,415-206-8000,-122.4053899,37.7553828
The Children's Clinic Family Health Center in North Long Beach at Hamilton Middle School,1060 E 70th St,Long Beach,CA,Active,844-822-4646,-118.17991048,33.88088988
GVHC - Merced Ranchero,2752 Ranchero Ln,Merced,CA,Active,866-682-4842,-120.53587907,37.32830413
GVHC - TURLOCK PEDIATRIC HEALTH CENTER 1199 Suite 5,"1199 Delbon Ave, Suite 5",Turlock,CA,Active,209-385-5503,-120.83583176,37.51096307
HEALTH SERVICES AGENCY MENTAL HEALTH DIVISION,225 37th Ave,San Mateo,CA,Active,650-573-2541,-122.30071744,37.531157
ZUCKERBERG SAN FRANCISCO GENERAL HOSPITAL,1001 Potrero Ave,San Francisco,CA,Active,415-206-8238,-122.4053899,37.7553828
Youth Health Center SPARK,39 Oconnor Dr,San Jose,CA,Active,669-263-4017,-121.93703455,37.32370137
"Community Medical Centers, Vacaville Dental","600 Nut Tree Rd, Suite 120",Vacaville,CA,Active,209-636-5555,-121.94923985,38.36129717
La Maestra El Cajon Pharmacy,165 S 1st St STE 1B,El Cajon,CA,Active,619-312-0347,-116.94456246,32.79400598
MOBILE DENTAL MEDICAL UNIT,10300 Compton Ave,Los Angeles,CA,Active,323-564-4331 x3280,-118.24505279,33.9427112
Aria Community Health Center,174 N Villa St,Porterville,CA,Active,559-386-4500,-119.0305636,36.06900327
San Ysidro Health King-Huerta-Itliong Health Center,950 S Euclid Ave,San Diego,CA,Active,619-662-4100,-117.08554708,32.69613331
Lombardi Campus,751 Lombardi Ct STE B,Santa Rosa,CA,Active,707-303-3600,-122.74861626,38.42791599
OCEAN PARK HEALTH CENTER,1351 24th Ave,San Francisco,CA,Active,415-682-1900,-122.48259863,37.76231849
Windsor Dental Clinic,8499 Old Redwood Hwy STE 111,Windsor,CA,Active,707-433-5494,-122.80154018,38.54391005
Cares Community Health dba One Community Health Wind Youth Campus,815 S St FL 1,Sacramento,CA,Active,916-443-3299,-121.49985015,38.57126917
Yehowa Medical Services - Mobile Unit # 2,5720 Imperial Hwy,South Gate,CA,Active,323-776-1500,-118.16900496,33.92919999
"Northeast Community Clinic - Harbor City, Suite 103","1403 Lomita Blvd, #103",Harbor City,CA,Active,310-784-1800,-118.30129167,33.79789278
GVHC - McHenry Suite 300,"1524 McHenry Ave, Ste 300",Modesto,CA,Active,209-722-4842,-120.99395074,37.66621138
COUNTY HEALTH CLINIC FRANKLIN,1136 E Montecito St,Santa Barbara,CA,Active,805-568-2099,-119.68017099,34.42667801
Tri-State Community Healthcare Center,1406 Bailey Ave STE H,Needles,CA,Active,760-326-0222,-114.61834989,34.83259464
ARROYO VISTA FAMILY HEALTH CENTER ~ Lincoln Heights,2411 N Broadway,Los Angeles,CA,Active,323-987-2000 x0,-118.21644955,34.07379348
Neighborhood Healthcare ~ Chablis Court,"2180 Chablis Ct, Ste 100",Escondido,CA,Active,760-520-8300,-117.11649742,33.11103965
Petaluma Health Center - Administration Offices - Finance,1016 Clegg Ct,Petaluma,CA,Active,707-559-7500,-122.66202139,38.26922221
Family Health Center,1611 1st St,Bakersfield,CA,Active,661-635-5300,-119.02039099,35.35489391
Comprehensive Care Center,"625 34th St, Suite 100",Bakersfield,CA,Active,833-678-2781,-119.00940441,35.39013055
SALVATION ARMY-HARBOR LIGHT,1275 Harrison St,San Francisco,CA,Active,415-626-2950,-122.40967372,37.77263825
BeverlyCare-Women's Health Center,433 N 4th St,Montebello,CA,Active,323-920-0505,-118.10232868,34.01557202
Kedren Community Care Clinic,4211 Avalon Blvd STE B,Los Angeles,CA,Active,323-234-0616,-118.26530749,34.00723999
WellSpace Health - Roseville Community Health Center,"5 Medical Plaza Dr, Suite 170",Roseville,CA,Active,916-978-1738,-121.24663855,38.76623508
"Family Health Care Centers of Greater Los Angeles, Inc.",6513 Garfield Ave,Bell Gardens,CA,Active,562-928-9600,-118.14786706,33.97238054
Central City Community Health Center - Mobile 1,5970 S Central Ave,Los Angeles,CA,Active,323-234-3280,-118.25621472,33.9856345
Behavioral Health Services - Family Health Center,2501 W El Segundo Blvd,Hawthorne,CA,Active,424-456-8933,-118.32066192,33.91695026
Unicare Community Health Center Hesperia,11919 Hesperia Rd,Hesperia,CA,Active,760-948-1454,-117.29193426,34.46754432
Saint Anthony Medical Clinic,150 Golden Gate Ave,San Francisco,CA,Active,415-241-8320,-122.41321918,37.78223364
Chinatown Service Center - Medical Mobile Van,767 N Hill St,Los Angeles,CA,Active,213-808-1792,-118.23988124,34.06255858
"ChapCare by AltaMed Medical and Dental Group  -  El Monte, Peck","3703 Peck Rd, Suite A",El Monte,CA,Active,888-499-9303,-118.02402678,34.07339542
Community Health Centers - New Cuyama,4711 Highway 166,New Cuyama,CA,Active,805-929-3211,-119.6835126,34.94597128
WellSpace Health - Gregory Bunker Community Health Center,4990 Stockton Blvd,Sacramento,CA,Active,916-737-5555,-121.44590707,38.53011075
"DENTAL CARE MOBILE, A CONTRA COSTA COLLABORATIVE",339 E Leland Rd,Pittsburg,CA,Active,925-431-1250,-121.88719717,38.01220989
Harmony Health Medical Clinic and Family Resource Center,920 Chestnut St,Yuba City,CA,Active,530-743-6888,-121.62033096,39.14213142
Health Information Management Services,972 Broadway,Chula Vista,CA,Active,619-515-2300,-117.08326963,32.61485282
CHCA Fresno Primary Care and Specialty,"7085 N Maple Ave, Suite 101",Fresno,CA,Active,209-441-8383,-119.74567472,36.83898136
Wesley Palmdale East,37926 47Th Street East,Palmdale,CA,Active,661-942-2391,-118.04492287,34.5714665
AltaMed Dental Group - Mobile Unit #3,"3601 W Sunflower Ave, Ste 100",Santa Ana,CA,Active,888-499-9303,-117.91806829,33.69573188
"FAMILY HEALTH CENTER WARD 81, 85",995 Potrero Ave,San Francisco,CA,Active,415-206-8000,-122.40654365,37.75626884
AMH Comprehensive Medical Centers - Administrative - Ste A,206 S Atlantic Blvd STE A,East Los Angeles,CA,Active,323-924-8328,-118.15096358,34.03445611
SOUTH SAN FRANCISCO CLINIC,306 Spruce Ave,South San Francisco,CA,Active,650-877-7070,-122.41562655,37.65670328
Neighborhood Healthcare ~ Mobile Dental Health Services #2,25260 N Centre City Pkwy Spc G030,Escondido,CA,Active,760-520-8300,-117.10639648,33.17044811
Venice Family Clinic - Gardena Health Center,742 W Gardena Blvd,Gardena,CA,Active,310-802-6177,-118.28877716,33.8813881
Santa Clara Valley Dentalcare - Mountain View El Camino Real,2486 W El Camino Real,Mountain View,CA,Active,408-373-7354,-122.10941434,37.3994276
United Health Centers Fresno Wayte Lane 2500,290 N Wayte Ln,Fresno,CA,Active,559-646-6618 x0010,-119.78317561,36.74652859
Via Care 507 Community Health Center,507 S Atlantic Blvd,Los Angeles,CA,Active,323-268-9191,-118.15540915,34.02684439
NORTH EAST MEDICAL SERVICES - EASTMOOR,211 Eastmoor Ave,Daly City,CA,Active,888-500-1886,-122.47865796,37.68496178
Complete Care Community Health Center - Downey,8530 Florence Ave,Downey,CA,Active,562-928-4642,-118.12087657,33.94906992
Dellums Apartment - Supportive Housing Program,644 14th St,Oakland,CA,Active,510-444-4020,-122.27576703,37.80616142
Pomona Community Health Center,1450 E Holt Ave,Pomona,CA,Active,909-630-7927,-117.721513,34.06190504
Dental Campus,1110 N Dutton Ave,Santa Rosa,CA,Active,707-303-3600,-122.72985982,38.44673215
San Ysidro Health Mobile Health Services 1F,4004 Beyer Blvd,San Ysidro,CA,Active,619-662-4100,-117.04746943,32.55870002
Redwood Community Health Center,2350 Buhne St,Eureka,CA,Active,707-443-4593,-124.14220405,40.78522475
AICHC  -  Northridge - Suite 101,"17114 Devonshire St, Suite 101",Northridge,CA,Active,818-646-1771,-118.50605528,34.25727074
Hemet Community Health Center,880 N State St,Hemet,CA,Active,951-766-2450,-116.97119998,33.76177
HCHC-San Diego,7808 Clairemont Mesa Blvd,San Diego,CA,Active,626-286-8700,-117.15288318,32.83306364
Alexander Valley Dental Clinic,100 W 3rd St,Cloverdale,CA,Active,707-894-2094,-123.01932064,38.80779679
United Health Centers Fresno Wayte Lane 2600,290 N Wayte Ln,Fresno,CA,Active,559-646-6618 x0010,-119.78317561,36.74652859
Camino Health Center - San Clemente,1300 Avenida Vista Hermosa,San Clemente,CA,Active,949-240-2030 x0,-117.59211904,33.45775402
Mobile Unit #6879,4100 Alhambra Avenue,Martinez,CA,Active,925-313-6250,-122.13154219,37.99266709
Clinica Romero - Van Nuys,"7400 Van Nuys Blvd, Suite 120",Van Nuys,CA,Active,818-782-9892,-118.44847798,34.20519795
Homeless Clinic at HomeFirst Shelter,2011 Little Orchard St,San Jose,CA,Active,408-294-2100,-121.87101398,37.30315901
UMMA Health Mobile 2,7821 Avalon Blvd,Los Angeles,CA,Active,323-789-5610,-118.26541319,33.96778176
Providence Mine,103 Providence Mine Rd,Nevada City,CA,Active,530-292-3478,-121.02796195,39.24949267
NEMS Integrative Medicine,"728 Pacific Ave, Ste 303",San Francisco,CA,Active,888-500-1886,-122.40744095,37.79686207
Ravenswood Family Health Center,1885 Bay Rd,East Palo Alto,CA,Active,650-330-7400,-122.13248997,37.47298198
BHS - El Puerto Health Center,1334 N Avalon Blvd,Wilmington,CA,Active,310-836-4000,-118.26298353,33.78987746
SJCH - Mobile Vision,1060 Exposition Blvd,Los Angeles,CA,Active,323-541-1600,-118.29332962,34.01800411
San Ysidro Health National City Family Clinic,1136 D Ave,National City,CA,Active,619-662-4100,-117.10186119,32.67367329
Family HealthCare Network-Ivanhoe Health Center,33025 Road 159,Ivanhoe,CA,Active,877-960-3426,-119.21822318,36.38893003
Ravenswood Family Health Center,1796 Bay Rd BLDG 2,East Palo Alto,CA,Active,650-330-7400,-122.13583309,37.47165877
San Ysidro Health El Cajon/San Diego PACE,875 El Cajon Blvd,El Cajon,CA,Active,619-662-4100,-116.9769674,32.78509698
San Ysidro Health Mountain Health Family Medicine,1388 Buckman Springs Rd,Campo,CA,Active,619-662-4100,-116.47323899,32.62974499
White Memorial Community Health Center-Mendez High School,1200 Plaza del Sol St,Los Angeles,CA,Active,323-987-1200,-118.22670749,34.04837959
Via Care West LA College,9000 Overland Ave,Culver City,CA,Active,323-268-9191,-118.38623355,34.00306719
Angeles Community Health Center - 7th Street,1919 W 7th St,Los Angeles,CA,Active,213-413-2222,-118.27507643,34.05582603
Landis Avenue Dental Services,264 Landis Ave STE 200,Chula Vista,CA,Active,619-515-2300,-117.0814661,32.6423204
"Central City Community Health Center, Inc. - La Puente",13742 Amar Rd,La Puente,CA,Active,626-919-0400,-117.97715567,34.05387485
Los Angeles Christian Health Centers at Los Angeles Mission,303 E 5th St,Los Angeles,CA,Active,213-629-1227,-118.24543836,34.04490064
MVHC Billing Office,100 Bridge St,Mcarthur,CA,Active,530-999-9012,-121.13632462,41.1213022
Via Care Valley Community College,5800 Fulton Ave,Van Nuys,CA,Active,323-268-9191,-118.42139999,34.17641001
ACHCH ROOTS Street Health Zone 6 Mobile Unit,9925 International Blvd STE 5,Oakland,CA,Active,510-777-1177,-122.16991843,37.74334157
LACHC at Pico Aliso - Annex 1,1619 1/2 E 4th St,Los Angeles,CA,Active,213-893-1960,-118.22208906,34.04334609
United Health Centers Fresno Bullard 1780,1780 E Bullard Ave,Fresno,CA,Active,559-646-6618 x0010,-119.75455401,36.82350791
CLINICAS DEL CAMINO REAL,200 S Wells Rd STE 200,Ventura,CA,Active,805-659-1740,-119.1597434,34.29321833
Santo Nino Mission Hills,"14901 Rinaldi St, Suite 203",Mission Hills,CA,Active,818-365-8553,-118.45782296,34.27903209
Family HealthCare Network - Visalia Mooney,2333 S Mooney Blvd,Visalia,CA,Active,877-960-3426,-119.31542627,36.30867826
Neighborhood Healthcare ~ Mobile School-Based Health Center,25260 N Centre City Pkwy,Escondido,CA,Active,760-520-8300,-117.10656286,33.17060711
SCHG Administrative Site,515 S Flower St # 1971,Los Angeles,CA,Active,213-478-0737,-118.25680548,34.05089127
North Park Family Health Center II,3514 30th St,San Diego,CA,Active,619-515-2424,-117.13035288,32.74246474
Aria Community Health Center Administration,224 W D St,Lemoore,CA,Active,559-754-1592,-119.78397985,36.30215747
Neighborhood Healthcare - Grand Avenue,1001 E Grand Ave,Escondido,CA,Active,760-520-8200,-117.06808531,33.12608718
NEVHC- Newhall Health Center,23413 Lyons Ave,Valencia,CA,Active,661-593-7500,-118.54299022,34.38079656
LA CLINICA DE LA RAZA - DENTAL,3050 E 16th St,Oakland,CA,Active,510-535-4200,-122.22477879,37.77986608
Community Medicine Inc. Bellflower,8800 Alondra Blvd STE C,Bellflower,CA,Active,562-602-2503,-118.14467841,33.88917703
United Health Centers Dinuba,300 Westgate Way,Dinuba,CA,Active,559-646-6618 x0010,-119.40776014,36.54435202
Venice Family Clinic - Mobile Clinic #3,8933 S La Cienega Blvd,Inglewood,CA,Active,310-392-8636,-118.37060247,33.95514018
Neighborhood Healthcare ~ Beaumont,831 N Highland Springs Ave,Beaumont,CA,Active,760-520-8300,-116.94696189,33.9281243
AltaMed Dental Group at Fremont Elementary,1930 W 10th St,Santa Ana,CA,Active,888-499-9303,-117.89607167,33.75338295
Urgent Care,980 Placer St,Redding,CA,Active,530-246-5710,-122.38468769,40.58402911
NORTH EAST MEDICAL SERVICES - 1870 LUNDY,1870 Lundy Ave,San Jose,CA,Active,888-500-1886,-121.88967327,37.39289327
Family HealthCare Network - Reedley,826 E Manning Ave,Reedley,CA,Active,877-960-3426,-119.44072131,36.60437965
Cedar House,141 S Cedar St,Glendale,CA,Active,818-839-4010,-118.24459003,34.14478476
County of Monterey - Laurel Family Practice,"1441 Constitution Blvd, Suite 300",Salinas,CA,Active,831-755-4123,-121.63307807,36.69614359
LifeLong Lenoir Pediatric Health Center,2940 Summit St STE 1B,Oakland,CA,Active,510-981-4177,-122.26477232,37.81849413
Ampla Health North Chico Medical,100 Independence Cir,Chico,CA,Active,530-891-7889,-121.87334055,39.77272664
Castle family Health center @ Castle,3605 Hospital Rd,Atwater,CA,Active,209-381-2000,-120.57744283,37.36676537
Petaluma Health Center - Administration Offices - Billing,5401 Redwood Hwy N,Petaluma,CA,Active,707-559-7500,-122.66869683,38.27879811
NORTH HILLS WELLNESS CENTER,9119 Haskell Ave,North Hills,CA,Active,818-763-8836,-118.47665861,34.23626594
United Health Centers Fresno Milburn,6810 N Milburn Ave,Fresno,CA,Active,559-646-6618 x0010,-119.87694597,36.83660887
VCC:  HORNE,517 N Horne St,Oceanside,CA,Active,760-631-5000,-117.37866056,33.20118937
AltaMed PACE - South Los Angeles,1776 E Century Blvd,Los Angeles,CA,Active,888-499-9303,-118.24131103,33.945222
EPISCOPAL SANCTUARY,201 8th St,San Francisco,CA,Active,415-255-3525,-122.41116134,37.77628894
YOUTH HEART HEALTH CENTER,286 E 10th St,Oakland,CA,Active,510-879-1568,-122.258136,37.7951301
San Ysidro Health Mobile Health Services 1K,1388 Buckman Springs Rd,Campo,CA,Active,619-662-4100,-116.47323899,32.62974499
CITY TEAM MINISTRIES,580 Charles St,San Jose,CA,Active,408-288-2189,-121.89620747,37.36517227
Reentry Mobile Medical Unit #4,725 E Santa Clara St,San Jose,CA,Active,669-263-4017,-121.8758143,37.34350266
Garfield Health Center El Monte Administrative Site,10454 Valley Blvd,El Monte,CA,Active,626-300-9939,-118.04537616,34.07598023
AltaMed Pharmacy - Garden Grove,12751 Harbor Blvd,Garden Grove,CA,Active,888-499-9303,-117.91559505,33.77758724
Hurtt Family Health Clinic - Village of Hope,1 Hope Dr,Tustin,CA,Active,714-247-0300,-117.83263441,33.71554222
Irvington Dave Clinic I,40910 Fremont Blvd,Fremont,CA,Active,510-770-8040,-121.96027002,37.53434271
"Tender Care Community Clinic, Inc.",7862 Firestone Blvd,Downey,CA,Active,562-869-7007,-118.14076088,33.94304157
Andrew Hill SB Health Clinic,3200 Senter Rd,San Jose,CA,Active,408-729-9700,-121.83015505,37.29275447
CHPY - LARKIN STREET YOUTH CENTER,134 Golden Gate Ave,San Francisco,CA,Active,415-673-0911,-122.41298449,37.7822634
Women's Services Administration,1835 Logan Ave,San Diego,CA,Active,619-515-2300,-117.14558229,32.70209125
Wesley Health Centers-- Vermont Annex,964 N Vermont Ave,Los Angeles,CA,Active,562-867-7999,-118.2917047,34.08937024
United Health Centers Kingsburg,1251 Draper St,Kingsburg,CA,Active,559-646-6618 x0010,-119.55496732,36.51363938
NORTHEASTERN HEALTH CENTER,1850 Spring Ridge Dr,Susanville,CA,Active,530-251-5000,-120.6259406,40.4376691
Williamson Elementary School,2275 Benita Dr,Rancho Cordova,CA,Active,916-294-9185,-121.28446416,38.61226296
Grossmont Family Counseling Center,"8851 Center Dr, Suite 312",La Mesa,CA,Active,619-515-2383,-117.00705483,32.78061346
Aria Community Health Center,1000 Skyline Blvd STE B,Avenal,CA,Active,559-386-4500,-120.12160467,36.00791122
United Health Centers Mendota Barboza 119 Building 1,119 Barboza St,Mendota,CA,Active,800-492-4227,-120.38389324,36.76627517
Oak Park Family Health Center,5160 Federal Blvd,San Diego,CA,Active,619-515-2454,-117.0836029,32.72187174
Camino Health Center - SJC Allcove,27125 Calle Arroyo,San Juan Capistrano,CA,Active,949-240-2030,-117.65623323,33.49953831
"AltaMed Dental Group - Westlake, 3rd Street","2100 W 3rd St, Suite 301",Los Angeles,CA,Active,888-499-9303,-118.2731092,34.06281741
WellSpace Health Interim Care Program at The Salvation Army,1200 N B St,Sacramento,CA,Active,916-320-8622,-121.48568138,38.59007832
NORTH EAST MEDICAL SERVICES - SAN BRUNO AVENUE,2574 San Bruno Ave,San Francisco,CA,Active,888-500-1886,-122.40449555,37.72902406
SACHS-Norton Clinic,1455 E 3rd St,San Bernardino,CA,Active,909-382-7100,-117.25548958,34.10448943
Hollywood Wilshire Health Center and Wallis Annenberg Children & Family Health Center,5205 Melrose Ave,Los Angeles,CA,Active,323-330-1819,-118.31398347,34.08365529
Omni Family Health,"4900 California Ave, Suite 100 B",Bakersfield,CA,Active,866-707-6664,-119.05700272,35.36490597
"La Clinica de La Raza, Inc. - Information Technology",1600 Harbor Bay Pkwy STE 120,Alameda,CA,Active,510-535-6271,-122.24050655,37.7251406
Clinicas del Camino Real Inc - Newbury Park Optical,"1000 Newbury Rd, Suite 170",Newbury Park,CA,Active,805-498-3640,-118.90480689,34.18284681
SCHC Loaves and Fishes Health Center,401 N 12th St,Sacramento,CA,Active,916-874-9456,-121.4817532,38.59254977
Pacific Elementary School,6201 41st St,Sacramento,CA,Active,916-433-5089,-121.45986462,38.51318019
Venice Family Clinic - Maxine Waters Health & Dignity Center,11802 York Ave,Hawthorne,CA,Active,310-675-1189,-118.3449609,33.92722685
Share Our Selves at the BESST Center,2045 Meyer Pl UNIT C,Costa Mesa,CA,Active,949-270-2100,-117.92483668,33.64942623
Dientes Community Dental Care  -  Penny Lane,"55 Penny Ln, Suite 103",Watsonville,CA,Active,831-218-5341,-121.77907473,36.93064975
Eisner Health   -  Mobile Care Van #1,"15477 Ventura Blvd, Suite 300",Sherman Oaks,CA,Active,213-747-5542,-118.47127089,34.15484166
United Health Centers Fresno Jensen,4340 E Jensen Ave,Fresno,CA,Active,559-646-6618 x0010,-119.75254046,36.70686889
Complete Care Community Health Center-Visalia,220 S Akers St STE D,Visalia,CA,Active,310-706-2594,-119.34896813,36.32809225
Orleans Karuk Medical Clinic,325 Asip Rd,Orleans,CA,Active,530-627-3452 x3200,-123.54733879,41.30056491
LifeLong William Jenkins Health Center,150 Harbour Way,Richmond,CA,Active,510-981-4137,-122.35947987,37.93383293
MOBILE UNIT 1 CLINIC,1621 Gold St,Alviso,CA,Active,408-935-3918,-121.97541662,37.42480259
Mobile Screening Unit,4094 4th Ave,San Diego,CA,Active,619-515-2300,-117.16260954,32.75154682
El Dorado Community Health Center South Lake Tahoe,3443 Lake Tahoe Blvd,South Lake Tahoe,CA,Active,530-621-7700,-119.96550397,38.94634001
"Southland Integrated Services, Inc.",9862 Chapman Ave,Garden Grove,CA,Active,714-620-7000,-117.96078381,33.78792925
LIFELONG MEDICAL CARE,2344 6th St,Berkeley,CA,Active,510-981-4122,-122.29610866,37.86195187
Serve the People Business Office,"1202 E 17th St, Suite 200",Santa Ana,CA,Active,714-352-2911,-117.85417372,33.75960479
Marin Community Clinic-San Rafael,3110 Kerner Blvd,San Rafael,CA,Active,415-448-1500,-122.50017992,37.95811359
KHW Huntington Park,5421 Pacific Blvd,Huntington Park,CA,Active,213-385-0448,-118.22530275,33.99308762
San Francisco Community Clinic Consortium,170 Capp St,San Francisco,CA,Active,415-355-2222,-122.41868502,37.76395698
Wesley Health Centers - Health and Wellness Center 2,45124 10th St W,Lancaster,CA,Active,866-733-5924,-118.14727001,34.70263499
Aria Community Health Center Hanford 111,"329 W 8th St, Unit 111",Hanford,CA,Active,559-582-2500,-119.65038548,36.32664654
San Ysidro Health Mobile Health Services 1J,4004 Beyer Blvd,San Ysidro,CA,Active,619-662-4100,-117.04746943,32.55870002
Tarzana Treatment Centers  -  Woodland Hills,6022 Variel Ave,Woodland Hills,CA,Active,818-996-1051,-118.59212226,34.17988775
OPSAM HEALTH: 10737 Camino Ruiz Ste. 235,"10737 Camino Ruiz, Ste 235",San Diego,CA,Active,858-578-4220,-117.14378714,32.91416853
Family HealthCare Network- Porterville Health Center,1107 W Poplar Ave,Porterville,CA,Active,877-960-3426,-119.04230003,36.05098
GVHC - McHenry Suite 550,"1524 McHenry Ave, Ste 550",Modesto,CA,Active,866-682-4842,-120.99395074,37.66621138
Unicare Community Health Center - Colton,308 N LA Cadena Dr,Colton,CA,Active,909-884-6700,-117.32369203,34.06813121
Kheir Family & Pediatrics - Olympic,"2675 W Olympic Blvd, Suite 103",Los Angeles,CA,Active,213-235-2500,-118.29080658,34.05258311
Glen View SB Health Clinic,480 W 8th St,Gilroy,CA,Active,408-729-9700,-121.57305669,37.00124411
Children's Legacy Center,1110 Shasta St,Redding,CA,Active,530-246-5806,-122.38845795,40.58718951
Mandalay Bay Women & Children's,2000 Outlet Center Dr STE 110,Oxnard,CA,Active,805-604-4588,-119.14699067,34.22164119
KCS Health Center - MacArthur,"19742 Macarthur Blvd, Suite 250",Irvine,CA,Active,714-503-6550,-117.86136095,33.6574006
WellSpace Health Tom Gagen Community Health Center,631 H St,Sacramento,CA,Active,916-569-8650,-121.49696275,38.58369676
Omni Family Health,4646 N First St,Fresno,CA,Active,866-707-6664,-119.7722203,36.80218707
Asian and Pacific Islander Wellness Center,"726 Polk St, Floor 4",San Francisco,CA,Active,415-292-3400,-122.41929061,37.78377335
CNHF - Inglewood Clinic,2710 W Manchester Blvd,Inglewood,CA,Active,323-778-4310,-118.32380002,33.95969
Salud at Valle Verde,252 Green Valley Rd,Freedom,CA,Active,831-728-8250,-121.77040407,36.93786976
AltaMed PACE - Westlake,2100 W 3rd St STE 101,Los Angeles,CA,Active,888-499-9303,-118.27333115,34.06308647
WellSpace Health - J Street Community Health Center,1820 J St,Sacramento,CA,Active,916-313-8400,-121.4818739,38.57693533
Victory Outreach,1641 W Central Ave,Lompoc,CA,Active,805-737-9968,-120.47788996,34.661959
St. Joseph Neighborhood Health - Women's Health,363 S Main St STE 320,Orange,CA,Active,714-441-8006,-117.8672753,33.78278759
Mobile Health Clinic #4,40910 Fremont Blvd,Fremont,CA,Active,510-770-8040,-121.96027002,37.53434271
Valley Health Center McKee,227 N Jackson Ave,San Jose,CA,Active,669-263-4017,-121.85064009,37.36431455
Las Islas Family Medical Group North,2400 S C St,Oxnard,CA,Active,805-240-7000,-119.18095841,34.17702583
LifeLong Medical Care--West Oakland,991 14th St,Oakland,CA,Active,510-407-1341,-122.28269996,37.80848999
BIG VALLEY MEDICAL CENTER,554-850 Medical Center Dr,Bieber,CA,Active,530-999-9010,-121.12961277,41.13169567
"Community Health Systems, Inc. - Administrative Office",21801 Alessandro Blvd,Moreno Valley,CA,Active,951-571-2328,-117.28190984,33.91651259
Family Health Matters Mobile Vision Clinic,1182 N Euclid St,Anaheim,CA,Active,714-411-0411,-117.94140796,33.84992638
The Hub Cap,1659 Logan Ave,San Diego,CA,Active,619-515-2300,-117.14862392,32.70396548
Wilmington Community Clinic Mobile Unit,1009 N Avalon Blvd,Wilmington,CA,Active,310-549-5760,-118.2628552,33.78315576
AltaMed Medical Group: Huntington Park,1900 E Slauson Ave,Huntington Park,CA,Active,888-499-9303,-118.23702704,33.988949
TrueCare,"2210 Mesa Dr, Suite 100",Oceanside,CA,Active,760-966-3306,-117.35798533,33.20827597
Homeless Persons' Health Project Coral Street Clinic,115A Coral St,Santa Cruz,CA,Active,831-454-2080,-122.03019999,36.98494001
SCFHC- Santa Fe,7300 Santa Fe Ave,Huntington Park,CA,Active,323-908-4200,-118.23011171,33.97367994
Asian Resource Center Clinic,817 Harrison St,Oakland,CA,Active,510-986-0430,-122.27024998,37.79905599
Ampla Health Test to Treat Mobile Unit,355 Samuel Dr,Yuba City,CA,Active,530-677-9200,-121.61033294,39.12358089
Martinez Health Center-Family Practice 1A,2500 Alhambra Ave,Martinez,CA,Active,925-370-5851,-122.13291803,38.006699
Mission City Community Network - Hollister,1000 Hollister St,San Fernando,CA,Active,818-895-3100,-118.44330592,34.28009001
OLE Health East Fairfield,"1101 B Gale Wilson Blvd, Ste 101C",Fairfield,CA,Active,707-419-8990,-122.04625309,38.26106465
JANUS OF SANTA CRUZ,200 7th Ave,Santa Cruz,CA,Active,831-462-1060,-121.99819997,36.96434999
"Community Medical Centers, Channel",701 E Channel St,Stockton,CA,Active,209-944-4700,-121.28227086,37.95621756
Venice Family Clinic - Meyer Mobile Clinic,604 Rose Ave,Venice,CA,Active,310-392-8636,-118.47166735,33.99915632
West Ventura Medical Clinic,133 W Santa Clara St,Ventura,CA,Active,805-641-5600,-119.30307671,34.2799937
COMMUNITY HEALTH CENTERS ARBOR,"1418 E Main St, #210",Santa Maria,CA,Active,805-928-3678,-120.41352298,34.95247798
All For Health - North Hollywood,"5160 Vineland Ave, Ste 109",North Hollywood,CA,Active,818-738-7774,-118.37028781,34.16413606
TrueCare Vista Way Health Center Ste 204,"3998 Vista Way, Suite 204",Oceanside,CA,Active,760-736-6767,-117.29260096,33.18424699
Bienestar,"1441 Constitution Blvd, Suite 201",Salinas,CA,Active,831-755-4353,-121.6317,36.69876
Ravenswood Family Dentistry,525 Veterans Blvd,Redwood City,CA,Active,650-289-7700,-122.23265614,37.49369048
TrueCare San Marcos Rancheros Administrative Offices,"340 Rancheros Dr, Ste 298",San Marcos,CA,Active,760-736-7676,-117.15643225,33.13881757
Axis Community Health - Hacienda,"5925 W Las Positas Blvd, Suite 100",Pleasanton,CA,Active,925-462-1755,-121.89947147,37.68398449
Equity Health - Main,229 7th St,San Francisco,CA,Active,415-503-6000,-122.40853211,37.77756329
SAC Indio CVRM Manila,"84110 Manila Ave, #B",Indio,CA,Active,909-382-7100,-116.19693274,33.7044986
Martin Luther King Jr. Technology Academy,Fairfield St,Sacramento,CA,Active,916-556-3490,-121.45313264,38.60771746
Daly City Youth Health Center,350 90th St FL 3RD,Daly City,CA,Active,650-991-2240,-122.47314401,37.69111749
FHCSD Facility Services,3959 Lockridge St,San Diego,CA,Active,619-515-2300,-117.10916502,32.71002556
Mobile Clinic 2,2813 S Main St,Corona,CA,Active,951-272-5445,-117.57017891,33.84770844
Anphon Medical Center,"333 E Nutwood St, Ste C",Inglewood,CA,Active,310-912-6100,-118.35061096,33.96053016
"ChapCare by AltaMed Medical Group  -  El Monte, Garvey",10127 Garvey Ave,El Monte,CA,Active,888-499-9303,-118.04814931,34.06304423
United Health Centers Fresno Wayte Lane 2300,290 N Wayte Ln,Fresno,CA,Active,559-646-6618 x0010,-119.78317561,36.74652859
Mobile Medical Services Van,33255 9th St,Union City,CA,Active,510-471-5907,-122.02642134,37.60261348
Centro Medico Community Clinic- Brockton,"6281 Brockton Ave, Suite 5",Riverside,CA,Active,951-278-8910,-117.39679262,33.95749306
CMWC Cultural Awareness Community Annex,1350 E Anaheim St,Long Beach,CA,Active,562-270-0324,-118.17509324,33.7825689
BERKELEY PRIMARY CARE,2001 Dwight Way,Berkeley,CA,Active,510-204-4666,-122.26901717,37.86421238
Angeles Community Health Center - Huntington Park,6208 Seville Ave,Huntington Park,CA,Active,323-588-8855,-118.22260061,33.98382405
DIENTES COMMUNITY DENTAL CLINIC,1830 Commercial Way,Santa Cruz,CA,Active,831-464-5409,-121.98007998,36.98821499
COMMUNITY RECOVERY CENTER EAST,7501 International Blvd,Oakland,CA,Active,510-735-9610,-122.18563366,37.75819049
SOS Center for Health and Innovation - Admin Only Site,20151 SW Birch St,Newport Beach,CA,Active,949-270-2100,-117.87585217,33.65920082
CHCA Merced Alternative Medicine Health Center,104 W Alexander Ave,Merced,CA,Active,209-761-0134,-120.47147881,37.31468312
Hueneme High School,500 W Bard Rd,Oxnard,CA,Active,805-659-1740,-119.18282481,34.16105437
San Ysidro Health Escondido Family Medicine,704 E Grand Ave,Escondido,CA,Active,619-662-4100,-117.07273525,33.12528642
SCFHC- Cudahy Family Health Center,"7910 Atlantic Ave, Ste M",Cudahy,CA,Active,323-908-4200,-118.18601285,33.96226484
AltaMed Medical Group: East LA/Whittier East (Commerce),5427 Whittier Blvd,Los Angeles,CA,Active,888-499-9303,-118.15339425,34.01983543
Ravenswood Family Health Center,1796 Bay Rd BLDG 3,East Palo Alto,CA,Active,650-330-7400,-122.13583309,37.47165877
"De Novo Health Care, Inc.  - Corporate Headquarters",803 E Rosecrans Ave,East Rancho Dominguez,CA,Active,310-605-4800,-118.21522998,33.90359399
SAC Blythe Medical and Behavioral Health,322 W Hobsonway,Blythe,CA,Active,909-382-7100,-114.60008681,33.61024292
Indio CRC,"82013 Doctor Carreon Blvd, Ste I",Indio,CA,Active,909-382-7100,-116.23300141,33.70742384
Ontario Maple Head Start,555 W Maple St,Ontario,CA,Active,909-984-4117,-117.65872123,34.04283462
Good News Rescue Mission - SCHC Clinic,3100 S Market St,Redding,CA,Active,530-646-3980,-122.38826559,40.56835705
Hill Country Community Clinic,3300 Churn Creek Rd,Redding,CA,Active,530-337-5750,-122.35338513,40.55968874
Vernon E. Greer Elementary School,248 W A St,Galt,CA,Active,209-745-2641,-121.32048497,38.25467328
Serve the People Mobile Dental Clinic 2,"1206 E 17th St, Suite 101",Santa Ana,CA,Active,714-352-2911,-117.8540381,33.75970793
Omni Family Health,"4844 N 1st St, Suite 104",Fresno,CA,Active,866-707-6664,-119.77124003,36.80567202
Mowry I Health Clinic,"2299 Mowry Ave, Suite 3 B",Fremont,CA,Active,510-713-6685,-121.98204243,37.55707577
GVHC - LOS BANOS DENTAL,725 W I St,Los Banos,CA,Active,209-826-1094,-120.86173175,37.06242325
Las Palmas Elementary School,477 Las Palmas Ave,Sacramento,CA,Active,916-566-2700,-121.45576385,38.6198293
Innercare Calexico,223 W Cole Blvd,Calexico,CA,Active,760-357-2020,-115.50285852,32.69465273
HAVENSCOURT HEALTH CENTER,1390 66th Ave,Oakland,CA,Active,510-639-1981,-122.19359999,37.76156999
Tri-State Community Healthcare Center,1402 Bailey Ave,Needles,CA,Active,760-326-0222,-114.61868072,34.83271253
SCMC Van Nuys,14550 Haynes St,Van Nuys,CA,Active,818-650-6700,-118.45055409,34.18951675
San Ysidro Health Sports Medicine,"670 L St, Ste G",Chula Vista,CA,Active,619-662-4100,-117.08758162,32.61613777
Family HealthCare Network - Farmersville Health Center,730 N Farmersville Blvd,Farmersville,CA,Active,877-960-3426,-119.20683008,36.30343793
Venice Family Clinic - Irma Colen Health Center,"4700 Inglewood Blvd, Suite 102",Culver City,CA,Active,310-664-7420,-118.41457997,33.99401301
Childrens Hospital Los Angeles - Covenant House California,1325 N Western Ave,Los Angeles,CA,Active,323-461-3131,-118.3094191,34.09542352
Omni Family Health,667 S Central Valley Hwy,Shafter,CA,Active,866-707-6664,-119.26447058,35.49502449
Newhall Health Center,23772 Newhall Ave,Newhall,CA,Active,661-291-1777,-118.51520941,34.37257098
Maclay Wellness Center,12451 Gain St,Pacoima,CA,Active,818-897-2193,-118.40521219,34.27077486
Morongo Basin Healthcare District Administration,"6530 La Contenta Rd, #100",Yucca Valley,CA,Active,760-820-9230,-116.37091615,34.132488
"Central City Community Health Center, Inc. - Indio","81709 Doctor Carreon Blvd, Ste E1",Indio,CA,Active,706-342-3336,-116.24070689,33.70724925
"Unicare Community Health Center, Inc.",437 N Euclid Ave,Ontario,CA,Active,909-988-2555,-117.65156024,34.06804919
NEMS Administrative Building - Junipero Serra,2171 Junipero Serra Blvd,Daly City,CA,Active,888-500-1886,-122.47040463,37.69837211
County of Monterey - Laurel Pediatric Clinic,1441 Constitution Blvd,Salinas,CA,Active,831-755-4124,-121.6317,36.69876
United Health Centers Huron,13th St,Huron,CA,Active,559-646-6618 x0010,-120.10085896,36.20838232
LONG VALLEY HEALTH CENTER,50 Branscomb Rd,Laytonville,CA,Active,707-984-6131,-123.48422398,39.68812499
Pacifica High School,600 E Gonzales Rd,Oxnard,CA,Active,805-659-1740,-119.17030191,34.21891054
San Ysidro Health CASA,3045 Beyer Blvd,San Diego,CA,Active,619-662-4100,-117.06563318,32.57218776
Long Beach Health Center #105,1040 Elm Ave,Long Beach,CA,Active,310-547-0202,-118.18778218,33.77999474
Neighborhood Healthcare ~ Ray M. Dickinson Wellness Center,425 N Date St,Escondido,CA,Active,760-520-8300,-117.07186144,33.12915743
LifeLong Street Medicine Van #6,2730 Adeline St,Oakland,CA,Active,510-210-5050,-122.2818538,37.82001121
Family Wellness Center - Courage Building,455 1st St,Woodland,CA,Active,530-662-2211,-121.77304663,38.67573211
Magnolia West,"2220 E Gonzales Rd, Suite 120A-B",Oxnard,CA,Active,805-981-5151,-119.14782106,34.21798639
Neighborhood Healthcare ~ Gold Family Health Center,13010 Poway Rd,Poway,CA,Active,760-520-8300,-117.04927313,32.95685584
Nhan Hoa Comprehensive Health Care Clinic,7861 Garden Grove Blvd,Garden Grove,CA,Active,714-898-8888,-117.99547182,33.77379703
Isla Vista Neighborhood Clinic,970 Embarcadero Del Mar STE C,Goleta,CA,Active,844-594-0343,-119.85701247,34.411706
Indian Health Center of Santa Clara Valley - Mobile Clinic,1333 Meridian Ave,San Jose,CA,Active,408-445-3400,-121.91406277,37.30172872
Cares Community Health dba One Community Health - Midtown,1500 21st St BLDG B,Sacramento,CA,Active,916-914-6234,-121.48132539,38.57055662
Venice Family Clinic - Torrance Skypark,"23456 Hawthorne Blvd, Ste 260",Torrance,CA,Active,310-392-8630,-118.35099351,33.81262041
HAWTHORNE ELEMENTARY SCHOOL-BASED CLINIC,1700 28th Ave,Oakland,CA,Active,510-436-6440,-122.22669996,37.78206001
SOS-Dr. Robert & Dorothy Beauchamp Children & Family Dental Center,"307 Placentia Ave, Suite 202",Newport Beach,CA,Active,949-270-2100,-117.93148378,33.6260991
VENTURA COUNTY HEALTHCARE FOR THE HOMELESS PROGRAM,3147 Loma Vista Rd,Ventura,CA,Active,805-652-6694,-119.25417652,34.27618643
Elica Health Centers Health On Wheels 3,1276 Halyard Dr,West Sacramento,CA,Active,916-454-2345,-121.55073694,38.57322269
Sacramento Community Clinic - B Teri Burns,3314 Fong Ranch Rd,Sacramento,CA,Active,916-642-1867,-121.49350186,38.62784936
Opsam Health Chula Vista,637 3rd Ave,Chula Vista,CA,Active,844-200-2426,-117.07524622,32.62945133
Imperial-Vermont Clinic,837 W Imperial Hwy,Los Angeles,CA,Active,323-755-9555,-118.29041104,33.9311132
Hope Clinic,725 E Santa Clara St STE 300,San Jose,CA,Active,408-373-7534,-121.87583425,37.34338204
"Mendocino Coast Clinics, Inc.",510 Cypress St STE D,Fort Bragg,CA,Active,707-964-1251,-123.79893989,39.43257853
"AltaMed Behavioral Health at South East Middle School, South Gate",2560 Tweedy Blvd,South Gate,CA,Active,888-499-9303,-118.22584521,33.94631977
Neighborhood Healthcare ~ Arlanza Family Health Center,8856 Arlington Ave,Riverside,CA,Active,760-520-8300,-117.46741485,33.94603139
The Saban Community Clinic - The S. Mark Taper Foundation Health Center,6043 Hollywood Blvd,Los Angeles,CA,Active,323-337-1736,-118.32148536,34.10182784
AltaMed Pharmacy - Pico Passons,6336 Passons Blvd,Pico Rivera,CA,Active,888-499-9303,-118.08563486,33.98490247
"Central City Community Health Center, Inc. - Anaheim",2237 W Ball Rd,Anaheim,CA,Active,714-490-2750,-117.96095145,33.81845556
CNHF - San Bernardino Admin,275 W Hospitality Ln,San Bernardino,CA,Active,909-285-2161,-117.28921534,34.06532914
NORTH EAST MEDICAL SERVICES - PACIFIC,"728 Pacific Ave, Suite 201",San Francisco,CA,Active,888-500-1886,-122.40746693,37.79709287
La Maestra 1246 E Main Clinic,1246 E Main St,El Cajon,CA,Active,619-280-4213,-116.93858784,32.79571422
Family HealthCare Network - Fresno Women's Health Center,"7075 N Maple Ave, Suite 102",Fresno,CA,Active,877-960-2426,-119.74645558,36.83860854
SAC Pacific HS,"1020 Pacific St, Suite B",San Bernardino,CA,Active,909-382-7100,-117.26370711,34.1291386
La Clinica Oakley Behavioral Health,2005 Main St STE C,Oakley,CA,Active,510-535-4000,-121.7326726,38.00376185
TVHC Dental & Primary Care Van,22331 Mission Blvd,Hayward,CA,Active,510-471-5880,-122.08710087,37.67438139
Benevolence Mobile Health Unit,934 Atlantic Ave,Long Beach,CA,Active,562-437-1888,-118.18456915,33.77840121
Valley Health Center Lenzen,976 Lenzen Ave,San Jose,CA,Active,408-792-5509,-121.91183201,37.33429535
"Central City Community Health Center, Inc. - Broadway",5715 S Broadway,Los Angeles,CA,Active,323-948-0444,-118.27868895,33.99011379
Elica Health Centers - Midtown,"3701 J St, Suite 201",Sacramento,CA,Active,916-454-2345,-121.4566256,38.5712369
Salud Mobile,45 Neilson St,Watsonville,CA,Active,831-728-0222,-121.79221748,36.92824535
Open Door Community Health Centers - IT Department,1385 8th St,Arcata,CA,Active,707-826-8633,-124.09322264,40.86957939
GVHC- Turlock West,1200 W Main St,Turlock,CA,Active,209-668-5388,-120.86294579,37.4925326
WellSpace Health - Amador Community Health Center,11333 Prospect Dr,Jackson,CA,Active,916-737-5555,-120.80111961,38.37179261
APLA Health-North Hollywood,7336 Bellaire Ave,North Hollywood,CA,Active,213-201-1600,-118.40940557,34.20472647
Tri-State Community Healthcare Center,"1532 San Bernardino Ave, Ste B7",Pomona,CA,Active,909-301-4041,-117.7200926,34.07586448
UC IRVINE FAMILY HEALTH CENTER - SANTA ANA,800 N Main St,Santa Ana,CA,Active,714-480-2443,-117.86800939,33.7513249
Rice Family Health Center,352 L St,Chula Vista,CA,Active,619-515-2325,-117.07368576,32.61936777
SBNC Dental Mobile Unit 2,5580 Calle Real,Santa Barbara,CA,Active,805-698-1456,-119.81871262,34.44142149
Eisner Health Intergenerational Health Center - Panorama City,8640 Van Nuys Blvd,Panorama City,CA,Active,818-894-8080,-118.44979997,34.22716998
Eisner Health Family Planning Clinic at Los Angeles High School,4650 W Olympic Blvd,Los Angeles,CA,Active,213-747-5542 x3569,-118.33207866,34.05592439
San Judas Community Health Center (SJCHC),1080 N Western Ave,Los Angeles,CA,Active,323-957-3737,-118.30896514,34.09026907
Enterprise Family Health and Dental Center,1201 Industrial St,Redding,CA,Active,530-229-5000,-122.34963096,40.57415234
Sacramento County Primary Care Center,4600 Broadway,Sacramento,CA,Active,916-874-9777,-121.45266758,38.54612635
AltaMed Dental Group at Scholarship Prep - Orange County,1010 W 17th St,Santa Ana,CA,Active,888-499-9303,-117.87795569,33.75995222
LifeLong TRUST Health Center,386 14th St,Oakland,CA,Active,510-981-4137,-122.2695003,37.80387789
MULTI-SERVICE CENTER SOUTH,525 5th St,San Francisco,CA,Active,415-255-3525,-122.3998446,37.77761194
AltaMed Dental Group at Washington Elementary School,910 W Anahurst Pl,Santa Ana,CA,Active,888-499-9303,-117.87533962,33.71792385
City Heights Family Health Center,5454 El Cajon Blvd,San Diego,CA,Active,619-515-2400,-117.07762886,32.7584085
COMMUNITY HEALTH CENTERS - SAN MIGUEL,1385 Mission St,San Miguel,CA,Active,805-467-2344,-120.69625393,35.7525531
Clinica Bienestar Community Clinic,5326 E Beverly Blvd,Los Angeles,CA,Active,866-590-6411,-118.15060417,34.0301264
DAP Health,"81719 Doctor Carreon Blvd, Suite 1 D",Indio,CA,Active,760-323-2118,-116.23870328,33.70588237
Clinica Romero - Canoga Park,"21013 Sherman Way, #4",Canoga Park,CA,Active,818-887-9697,-118.59140301,34.20125398
KCS Health Center - Anaheim,"451 W Lincoln Ave, Suite 100",Anaheim,CA,Active,714-503-6550,-117.91871756,33.83475911
NEMS Traditional Medicine Center - Suite 403,728 Pacific Ave STE 403,San Francisco,CA,Active,888-500-1886,-122.40744095,37.79686207
34th Street Community Health Center,2000 Physicians Blvd,Bakersfield,CA,Active,661-324-1455,-119.00852037,35.3968121
Vida Family Health Center,954 Sacramento Ave,West Sacramento,CA,Active,916-914-2650,-121.52499494,38.5897081
Neighborhood Healthcare ~ Temecula,41840 Enterprise Cir N,Temecula,CA,Active,951-225-6400,-117.16929629,33.51761413
CCHC Administrative Offices,"801 S Chevy Chase Dr, Suite 20",Glendale,CA,Active,818-630-2202,-118.24044861,34.13665762
TIBURCIO VASQUEZ HEALTH CENTER,22331 Mission Blvd,Hayward,CA,Active,510-471-5907,-122.08710087,37.67438139
DAP Health,1695 N Sunrise Way,Palm Springs,CA,Active,760-323-2118,-116.52867715,33.84336167
Peach Tree Health Pharmacy,"5730 Packard Ave, Suite 620",Marysville,CA,Active,530-812-9400,-121.56746914,39.1198154
Elsie Allen Campus,599 Bellevue Ave,Santa Rosa,CA,Active,707-583-8777,-122.73416971,38.40495021
sequoia teen wellness center,200 James Ave,Redwood City,CA,Active,650-261-3710,-122.23522083,37.48301709
Venice Family Clinic - Common Ground at Judy and Bernard Briskin Center,622 Rose Ave,Venice,CA,Active,310-392-8630,-118.47122588,33.99939952
Watsonville Health Center - Building D,"1430 Freedom Blvd, Suite D",Watsonville,CA,Active,831-763-8400,-121.76427078,36.92775431
PITTSBURG HEALTH CENTER,2311 Loveridge Rd,Pittsburg,CA,Active,925-431-2300,-121.86964798,38.00674321
Valley Health Center - North County,4151 Middlefield Rd,Palo Alto,CA,Active,669-663-4017,-122.10433004,37.41721609
"Center for Family Health & Education, Inc.",8727 Van Nuys Blvd STE 203,Panorama City,CA,Active,818-660-1881,-118.45029048,34.22816873
BHS Mobile Health Center,2180 Valley Blvd,Pomona,CA,Active,310-679-0467,-117.7906,34.06098999
Westside Family Health Center,3861 Sepulveda Blvd,Culver City,CA,Active,310-450-2191,-118.41627119,34.01119139
BUTTE VALLEY HEALTH CENTER,610 W 3rd St,Dorris,CA,Active,530-999-9010,-121.92460904000001,41.96448326
South Central Family Health Center Mobile Unit,3410 Hooper Ave,Los Angeles,CA,Active,323-908-4200,-118.25202218,34.01249486
SJCH at Magnolia Place,1910 Magnolia Ave,Los Angeles,CA,Active,323-541-1411,-118.28566965,34.03936472
"Central City Community Health Center, Inc. -  Mobile 2",12511 Brookhurst St,Garden Grove,CA,Active,714-643-7176,-117.95898799,33.78109012
Angeles Community Health Center - Huntington Park 6212,6212 Seville Ave,Huntington Park,CA,Active,323-588-8855,-118.22256177,33.98398468
NORTHEAST VALLEY HEALTH CORPORATION,1172 N Maclay Ave,San Fernando,CA,Active,818-898-1388,-118.42385421,34.29559075
Opsam Health Mid-City Health Center,"5296 University Ave, Suite F1",San Diego,CA,Active,844-200-2426,-117.08333417,32.7491773
San Judas Community Health Center - Wilshire,2972 Wilshire Blvd UNIT 2,Los Angeles,CA,Active,213-484-0000,-118.28629301,34.06178254
Merced East Campus Center,125 E 18th St,Merced,CA,Active,209-850-3500,-120.47254524,37.2988914
Garfield Health Center Atlantic Administration,701 S Atlantic Blvd STE 300,Monterey Park,CA,Active,626-300-9939,-118.13634839,34.05382447
Vista Campus,3569 Round Barn Cir,Santa Rosa,CA,Active,707-303-3600,-122.72962706,38.47974218
"Community Medical Centers, Weberstown Admin",83 W March Ln,Stockton,CA,Active,209-636-5440,-121.30775646,37.99590445
West Delano Dental Center,441 Diaz Ave,Delano,CA,Active,661-725-3882,-119.24998247,35.75614592
BACH Family Clinic,1066 S White Rd,San Jose,CA,Active,408-729-9700,-121.8194315,37.35691089
La Maestra Family Clinic Inc. E Main Street,1242 E Main St,El Cajon,CA,Active,619-779-7900,-116.93896762,32.79518067
Delano Walk In Clinic,425 Del Sol Pkwy,Delano,CA,Active,661-720-4011,-119.25065821,35.75434419
Clinicas Del Camino Real Inc- Ventura,200 S Wells Rd,Ventura,CA,Active,805-647-6322,-119.15930553,34.29352272
AltaMed PACE - Grand Plaza,701 W Cesar E Chavez Ave,Los Angeles,CA,Active,888-499-9303,-118.2441302,34.0610705
CARE Center,"1401 Gold St, #B",Redding,CA,Active,530-691-4446,-122.38929648,40.57968984
Hurtt Family Health Clinic - Administration Offfice 3,"14642 Newport Ave, Suite 260",Tustin,CA,Active,714-247-0300,-117.82892022,33.73050337
"Southland Integrated Services, Inc.",9862 Chapman Ave,Garden Grove,CA,Active,714-620-7000,-117.96078381,33.78792925
Indian Health Center of Santa Clara Valley - Executive Office,"1631 Willow St, Ste 100",San Jose,CA,Active,408-445-3400,-121.91470021,37.30391707
Wesley Palmdale,2151 E Palmdale Blvd,Palmdale,CA,Active,661-942-2391,-118.08992631,34.58045806
VCC Mobile Behavioral Health Unit,465 LA Tortuga Dr,Vista,CA,Active,760-631-5000,-117.25903353,33.19052889
Camino Health Center,30300 Camino Capistrano,San Juan Capistrano,CA,Active,949-240-2030,-117.66803461,33.52303278
Rio Tierra Junior High School,3201 Northstead Dr,Sacramento,CA,Active,916-566-2730,-121.48015536,38.62608673
Shasta Community Health Training Center,1756 Continental St,Redding,CA,Active,530-246-5710,-122.38443112,40.58271441
Clinic Services Administration,1615 Bunker Hill Way STE 140,Salinas,CA,Active,831-796-1386,-121.61958203,36.700924
GVHC - Hanshaw,1717 Las Vegas St,Modesto,CA,Active,209-579-4200,-121.00318911,37.60534103
Kingsburg Community Health Center,121 Sierra St,Kingsburg,CA,Active,559-326-5320,-119.56859378,36.51846983
Community Practice Clinic Concord,2185 Pacheco St,Concord,CA,Active,925-646-5580,-122.03472135,37.9790139
"Tzu Chi Health Center, South El Monte",10414 Vacco St,South El Monte,CA,Active,626-281-3383,-118.04465817,34.04717226
St. Jude Neighborhood Health Centers' Ponderosa Health Center,330 E Orangewood Ave,Anaheim,CA,Active,714-446-5100,-117.90335671,33.79590086
Northeast Community Clinic,4455 W 117th St,Hawthorne,CA,Active,626-456-6200,-118.35398987,33.9285514
Innercare Winterhaven,2133 Winterhaven Dr,Winterhaven,CA,Active,760-538-3073,-114.64006503,32.73965804
"Central City Community Health Center, Inc. - Norco",1860 Hamner Ave,Norco,CA,Active,951-479-0070,-117.56214436,33.90918874
GVHC - WEST MODESTO,1114 6th St,Modesto,CA,Active,209-576-2845,-121.0055751,37.63923284
UMMA Health Mobile 1,7821 Avalon Blvd,Los Angeles,CA,Active,323-789-5610,-118.26541319,33.96778176
Telehealth & Visiting Specialist Center,2426 Buhne St,Eureka,CA,Active,707-442-4038,-124.14070001,40.78570001
Community Health Centers of America Gustine Primary Care,489 5th St,Gustine,CA,Active,209-854-3728,-120.99962848,37.2549108
"Community Medical Centers, Tracy Dental",2135 N Tracy Blvd,Tracy,CA,Active,209-636-5555,-121.43520623,37.75125605
COMMUNITY HEALTH CENTERS PALISADE PRIMARY CARE,"210 S Palisade Dr, Suite 202 A",Santa Maria,CA,Active,805-361-8400,-120.41209227,34.95172177
Concord Health Center Building 2,3024 Willow Pass Rd,Concord,CA,Active,925-646-5215,-122.02161591,37.98044838
Via Care Whittier Administration Site,5009 Whittier Blvd,Los Angeles,CA,Active,323-268-9191,-118.16136955,34.02150591
NEMS Traditional Medicine Center - Suite 503,728 Pacific Ave STE 503,San Francisco,CA,Active,888-500-1886,-122.40744095,37.79686207
COMMUNITY HEALTH CENTERS SAN LUIS OBISPO II,1551 Bishop St STE B-260,San Luis Obispo,CA,Active,805-269-1350,-120.64545141,35.27475608
School Clinic - Guerneville,14630 Armstrong Woods Rd,Guerneville,CA,Active,707-869-5977,-122.99547211,38.51038315
OLE Health American Canyon,"3431 Broadway St, Suite A 8",American Canyon,CA,Active,707-254-1770,-122.25365004,38.17016773
AltaMed PACE  -  West Covina,933 S Glendora Ave,West Covina,CA,Active,888-499-9303,-117.93505581,34.05873677
CSC - Chinatown Service Center Admin,"711 W College St, Suite 388",Los Angeles,CA,Active,213-808-1700,-118.24155243,34.06555096
Castle Family Health Center at Winton,6029 N Winton Way,Winton,CA,Active,209-357-7755,-120.61449042,37.37533294
DAP Health - Centro Medico Cathedral City - Dental Clinic,"69195 Ramon Rd, Suite C 3",Cathedral City,CA,Active,760-321-6776,-116.4560571,33.81426779
CLCHC Lake Forest Community Health Center,"23792 Rockfield Blvd, Suite 100",Lake Forest,CA,Active,949-866-3600,-117.71540486,33.62675829
La Cumbre Junior High School,2255 Modoc Rd,Santa Barbara,CA,Active,805-617-7850,-119.72714538,34.42464775
Bridge Campus,"2235 Challenger Way, Suite 109",Santa Rosa,CA,Active,707-303-3600,-122.75191898,38.42538734
COUNTY HEALTH CLINIC-SANTA MARIA,2115 Centerpointe Pkwy,Santa Maria,CA,Active,805-346-8410,-120.43009299,34.92257299
Western Sierra Medical Clinic,844 Old Tunnel Rd,Grass Valley,CA,Active,530-802-2706 x3,-121.03117612,39.235386
Tri-State Community Healthcare Center,4137 Verdugo Rd,Los Angeles,CA,Active,323-344-9255,-118.23215665,34.12607836
SJCH Manual Arts High School-based Clinic,4085 S Vermont Ave,Los Angeles,CA,Active,323-541-1411,-118.29182264,34.009291
El Cerrito High School-Based Health Center,540 Ashbury Ave,El Cerrito,CA,Active,510-231-1437,-122.2945,37.907470000000004
Gracelight Community Health - Hollywood 4,"5000 W Sunset Blvd, Suite 400",Los Angeles,CA,Active,323-953-7330,-118.29845708,34.09788407
Precision Health Center Suite 17,"709 N Hill St, Suite 17",Los Angeles,CA,Active,213-687-0888,-118.24066059,34.0611759
"Comprehensive Community Health Centers, Inc-Glendale","801 S Chevy Chase Dr, Suite 250",Glendale,CA,Active,818-265-2264,-118.24036454,34.13682589
United Health Centers Fresno Wayte Lane 1400,290 N Wayte Ln,Fresno,CA,Active,559-646-6618 x0010,-119.78317561,36.74652859
Omni Family Health,"5701 Young St, Suite C 201",Bakersfield,CA,Active,866-707-6664,-119.09955597,35.30307401
Oakhurst Dental,49185 Road 426,Oakhurst,CA,Active,559-664-4000,-119.64996982,37.3303403
Harbor High School,300 La Fonda Ave,Santa Cruz,CA,Active,831-429-3810,-121.99353645,36.98728108
CNHF - Santa Fe Springs Admin,12000 Slauson Ave,Santa Fe Springs,CA,Active,323-626-0733,-118.05963948,33.962711
RRHC Mobile Dental Services,101 W Coast Rd,Redway,CA,Active,707-923-2783,-123.8131416,40.11700103
MID-CITY COMMUNITY CLINIC-PEDIATRICS,"4305 University Ave, Suite 150",San Diego,CA,Active,619-280-2058,-117.10150002,32.74937
Children's Hospital Oakland Main Campus Behavioral Health,770 53rd St,Oakland,CA,Active,510-428-3783,-122.26884995,37.83842378
AAA Victory Blvd,11024 Victory Blvd,North Hollywood,CA,Active,818-503-9800,-118.37131468,34.1865131
CNHF - Central Clinic,2707 S Central Ave,Los Angeles,CA,Active,310-418-7786 x31041,-118.25571197,34.01754391
San Ysidro Health South Bay Pediatrics,280 E St,Chula Vista,CA,Active,619-662-4100,-117.08046298,32.64490618
ALBERT J THOMAS MEDICAL CLINIC,10615 International Blvd,Oakland,CA,Active,510-568-9230,-122.16643257,37.73831507
APLA Health - 3643 S. La Brea,3643 S La Brea Ave,Los Angeles,CA,Active,213-201-1600,-118.35562904,34.02011103
Mountain Health Mobile,1510 Capitola Rd,Santa Cruz,CA,Active,831-427-3500,-121.98482413,36.97605507
Anita May Rosenstein Campus (AMRC) - McCadden Place,1118 N McCadden Pl,Los Angeles,CA,Active,323-993-7400,-118.33733889,34.09129598
Via Care 1st Street Administrative Site,3601 E 1st St,Los Angeles,CA,Active,323-268-9191,-118.18898633,34.03633571
"Community Medical Centers, Respite Center","201 N Stanislaus St, Suite 101",Stockton,CA,Active,209-762-5000,-121.28288123,37.95616442
Ritter Center,16 Ritter St,San Rafael,CA,Active,415-457-8182,-122.52522831,37.97138805
United Health Centers Fresno Bullard 1782,"1782 E Bullard Ave, Suite 102",Fresno,CA,Active,559-646-6618 x0010,-119.75448721,36.8237333
GVHC - MERCED WOMEN'S CLINIC,797 W Childs Ave,Merced,CA,Active,209-383-5871,-120.49627717,37.28907431
WellSpace Health - Sierra Gardens Community Health Center,"151 N Sunrise Ave, Ste 1309",Roseville,CA,Active,916-737-5555,-121.26533405,38.74767009
"Center for Family Health & Education, inc. dba Priority Care Medical Group - PD","8727 Van Nuys Blvd, Suite 201",Panorama City,CA,Active,818-479-7182,-118.4503981,34.22813528
Via Care Whittier Boulevard Health Center,5015 Whittier Blvd,Los Angeles,CA,Active,323-981-2930 x32326,-118.16126771,34.02147389
CSC - Chinatown Ste. 315,767 N Hill St STE 315,Los Angeles,CA,Active,323-808-1700,-118.23970774,34.06255556
SJCH S. Mark Taper Foundation Chronic Disease and Environmental Health Center,808 W 58th St,Los Angeles,CA,Active,323-541-1411,-118.2874788,33.9894805
Beverly Community Clinic West,"3755 Beverly Blvd, Suite 200",Los Angeles,CA,Active,323-697-1603,-118.29090876,34.07647229
NECC - Hawthorne,"4455 W 117th St, Suite 300",Hawthorne,CA,Active,310-645-0444,-118.35398987,33.9285514
GVHC - McHenry Suite 560,"1524 McHenry Ave, Ste 560",Modesto,CA,Active,866-682-4842,-120.99395074,37.66621138
WESTWOOD FAMILY PRACTICE,209 Birch St,Westwood,CA,Active,530-252-1212,-121.00224103,40.30093901
Hillcrest Family Health Center,4094 4th Ave,San Diego,CA,Active,619-515-2545,-117.16260954,32.75154682
Spring Valley Family Counseling Center,3845 Spring Dr,Spring Valley,CA,Active,619-515-2385,-117.00271401,32.74859598
ADULT MEDICINE CLINICS,995 Potrero Ave,San Francisco,CA,Active,415-206-8494,-122.40654365,37.75626884
Mission City Community Network-Orange Grove,"1818 N Orange Grove Ave, Ste 205",Pomona,CA,Active,909-624-6100,-117.74890112,34.07703048
La Clinica Dental Union City,1203 J St,Union City,CA,Active,510-535-4000,-122.02157266,37.59408925
SCHC PROJ HOPE MED/DENT MOBILE,1035 Placer St,Redding,CA,Active,530-246-5947,-122.38551356,40.58299273
AltaMed PACE - Santa Ana,"3601 W Sunflower Ave, Ste 100",Santa Ana,CA,Active,888-499-9303,-117.91806829,33.69573188
San Ysidro Health Lincoln High School,4777 Imperial Ave,San Diego,CA,Active,619-266-6500,-117.08959998,32.70287999
Hughson 3rd St Center,2412 3rd St STE B,Hughson,CA,Active,209-850-3500,-120.86629796,37.59605162
Omni Family Health,6107 N First St,Fresno,CA,Active,866-707-6664,-119.77236036,36.82540117
Friends of Family Health Center - La Puente,565 S Azusa Way,La Puente,CA,Active,626-913-4795,-117.92463996,34.011814
La Clinica Julian R. Davis Pediatrics,5461 Foothill Blvd,Oakland,CA,Active,510-532-0918,-122.19697605,37.7723541
Aria Community Health Center,575 W Putnam Ave,Porterville,CA,Active,559-784-6878,-119.02967152,36.06830484
TrueCare,605 Crouch St,Oceanside,CA,Active,760-757-4566,-117.35405456,33.19664135
Omni Family Health,1014 Calloway Dr BLDG F,Bakersfield,CA,Active,866-707-6664,-119.1101781,35.36709427
Community Health Centers Atascadero,"7512 Morro Rd, #7516",Atascadero,CA,Active,805-792-1400,-120.66752783,35.47713349
POTRERO ELEMENTARY SBHC,24875 Potrero Valley Rd,Potrero,CA,Active,619-478-5254,-116.6130597,32.61038703
Fallbrook Family Health Center,1328 S Mission Rd,Fallbrook,CA,Active,760-451-4720,-117.24988108,33.36892181
All for Health - Alameda Blvd,"2031 W Alameda Ave, Ste 330",Burbank,CA,Active,818-409-3020,-118.32374093,34.15971515
LACHC 9th Street Admin Office,"315 W 9th St, Suite 950",Los Angeles,CA,Active,213-893-1960,-118.25752029,34.04346716
Community Medical Centers Mobile Unit 105,2666 West Ln,Stockton,CA,Active,209-940-5600,-121.28116797,37.98034847
"AltaMed Medical Group: Orange, Chapman",4010 E Chapman Ave STE C,Orange,CA,Active,888-499-9303,-117.81096702,33.78773249
OPSAM HEALTH: 2743 Highland,2743 Highland Ave,National City,CA,Active,844-200-2426,-117.09184826,32.66116279
"Comprehensive Community Health Centers, Inc. Mobile Van1",5951 Firestone Blvd,South Gate,CA,Active,818-265-2257,-118.1580359,33.94846437
Tarzana Treatment Centers - Atlantic Ave,5190 Atlantic Ave,Long Beach,CA,Active,818-654-3887,-118.18394721,33.85081637
"TCC Family Health, Healthy Aging at St. Mary",1045 Atlantic Ave,Long Beach,CA,Active,844-822-4646,-118.18540491,33.78024016
WellSpace Health - Richard Ikeda Hiram Johnson School Based Health Center,3535 65th St,Sacramento,CA,Active,916-737-5555,-121.42778565,38.54135617
East Valley CHC - Pomona/Garey,1555 S Garey Ave,Pomona,CA,Active,909-620-8088,-117.75052897,34.0431585
Unicare Community Health Center - Fontana 16127,16127 Foothill Blvd,Fontana,CA,Active,909-884-6700,-117.45296797,34.10612679
Family Health Services - Vacaville,1119 E Monte Vista Ave,Vacaville,CA,Active,707-469-4640,-121.97667659,38.36078977
AltaMed PACE - Huntington Park,1900 E Slauson Ave,Huntington Park,CA,Active,888-499-9303,-118.23702704,33.988949
Mobile Health Clinic #10,40910 Fremont Blvd,Fremont,CA,Active,510-770-8040,-121.96027002,37.53434271
Del Norte Mobile Dental,550 E Washington Blvd,Crescent City,CA,Active,707-465-4636,-124.19890361,41.77322307
Clinicas Del Camino Real Inc - Santa Paula,500 E Main St,Santa Paula,CA,Active,805-993-0895,-119.06846196,34.35098884
WellSpace Health - Galt Community Health Center,216 N Lincoln Way STE 10,Galt,CA,Active,916-737-5555,-121.3008439,38.25762619
Access-Santa Ana,"520 N Main St, Ste 120",Santa Ana,CA,Active,714-352-8500,-117.86763447,33.74930846
CLCHC Behavioral Health Department,"27800 Medical Center Rd, Suite 108",Mission Viejo,CA,Active,949-866-3600,-117.66465612,33.55964066
Sebastopol Community Health Center Building #2,"6800 Palm Ave, Suite A",Sebastopol,CA,Active,707-869-5977,-122.81899642,38.39666138
Medical-Behavioral Health Mobile Unit,150 N Kellogg Ave,Santa Barbara,CA,Active,805-451-9665,-119.81856241,34.4425033
Family HealthCare Network - Selma,1850 Whitson St,Selma,CA,Active,877-960-3426,-119.6125696,36.56579695
Camarena Health--Yosemite Avenue,441 E Yosemite Ave,Madera,CA,Active,559-664-4000,-120.0558634,36.96483845
La Maestra Behavioral Health Services,4167 Fairmount Ave,San Diego,CA,Active,619-779-7900,-117.10063878,32.75260357
Camarena Health  -  Madera Ranchos,37416 Avenue 12,Madera,CA,Active,559-664-4000,-119.86875333,36.92202209
Omni Family Health,311 W Noble Ave,Visalia,CA,Active,866-707-6664,-119.29555571,36.32625322
Mobile Van #2,2602 1st Ave,San Diego,CA,Active,619-234-2158,-117.16419909,32.73270556
Axis Site at Vineyard Resource Center,450 N Livermore Ave,Livermore,CA,Active,925-462-1755,-121.7710428,37.68690173
Hurtt Family Health Clinic - Double R Ranch,19292 El Toro Rd,Silverado,CA,Active,714-247-0300,-117.61758847,33.68135868
Trans Wellness Center,"3055 Wilshire Blvd, Ste 360",Los Angeles,CA,Active,323-993-2900,-118.28802907,34.06188941
Eisner Health at San Pedro Street Elementary School,1635 S San Pedro St,Los Angeles,CA,Active,213-747-5542,-118.25738307,34.02777875
Rio Mesa High School,545 Central Ave,Oxnard,CA,Active,805-659-1740,-119.14554261,34.25278902
Complete Care Health Center - South Gate,"5831 Firestone Blvd, Ste E",South Gate,CA,Active,323-266-6700,-118.16338841,33.9490832
APHCV - El Monte/Rosemead Health Center,9960 Baldwin Pl,El Monte,CA,Active,626-774-2988,-118.0513916,34.07114324
Petaluma Health Center,1179 N McDowell Blvd,Petaluma,CA,Active,707-559-7500,-122.66045121,38.26852518
Alameda Administration Office,1907 E Washington Blvd,Los Angeles,CA,Active,323-233-3100,-118.23867542,34.02011547
Golden Valley Health Centers - Modesto Stoddard Bldg 16,5913 Stoddard Rd,Modesto,CA,Active,209-385-5493,-121.07066016,37.72468291
Community Health Centers Santa Maria Women's Health B,"116 S Palisade Dr, Suite 306",Santa Maria,CA,Active,805-934-5402,-120.41206344,34.95236965
Gracelight Community Health - Gracelight Mobile 1,4816 E 3rd St,Los Angeles,CA,Active,323-780-4510,-118.16044351,34.03282198
San Ysidro Health San Ysidro Health Center,4004 Beyer Blvd,San Ysidro,CA,Active,619-662-4100,-117.04746943,32.55870002
T.H.E. Clinic at Hawthorne,10321 Hawthorne Blvd,Inglewood,CA,Active,323-730-1920 x7001,-118.35315604,33.94204986
Chula Vista Family Health Center,251 Landis Ave,Chula Vista,CA,Active,619-515-2500,-117.08125127,32.64259704
United Health Centers Fresno Wayte Lane 1800,"290 N Wayte Ln, #1800",Fresno,CA,Active,559-646-6618 x0010,-119.78317561,36.74652859
Share Our Selves Community Health Center,1550 Superior Ave,Costa Mesa,CA,Active,949-270-2100,-117.92618944,33.63278069
WIC Program,3845 Beacon Ave STE A,Fremont,CA,Active,510-471-5907 x3231,-121.98349007,37.54759852
Unicare Community Health Center - Riverside 5537,5537 Van Buren Blvd,Riverside,CA,Active,909-988-2555,-117.45309588,33.9393791
GVHC - TURLOCK PEDIATRIC HEALTH CENTER 1199 Suite 3,1199 Delbon Ave STE 3,Turlock,CA,Active,209-385-5503,-120.83568298,37.51066995
Marin Community Clinic - Greenbrae,1260 S Eliseo Dr STE 201,Greenbrae,CA,Active,415-448-1500,-122.53575464,37.94399737
Sacramento Community Clinic - Ntsa Iab,7215 55th St,Sacramento,CA,Active,916-642-1867,-121.44068121,38.4952005
CONCORD HEALTH CENTER Building 1,3052 Willow Pass Rd,Concord,CA,Active,925-646-5580,-122.02108928,37.98057638
SJCH Traynham Health Center,326 W 23rd St,Los Angeles,CA,Active,323-541-1411,-118.27152117,34.0292986
Saban Community Clinic -Hollywood Wilshire Health Center,5205 Melrose Ave,Los Angeles,CA,Active,323-337-1804,-118.31398347,34.08365529
Moreno Valley Community Health Center,23520 Cactus Ave,Moreno Valley,CA,Active,951-867-3900,-117.25184311,33.91083075
Westside Family Health Center Mobile Medical Unit (MMU).,3861 Sepulveda Blvd,Culver City,CA,Active,310-450-4773,-118.41627119,34.01119139
Gaston Middle School Health and Wellness Center,1120 E Church Ave,Fresno,CA,Active,559-457-5800,-119.79791846,36.7135246
Hurtt Family Health Clinic -  Mobile Clinic 1,1 Hope Dr,Tustin,CA,Active,714-247-0300,-117.83263441,33.71554222
Serve the People Mobile Medical Clinic,"1206 E 17th St, Ste 101",Santa Ana,CA,Active,714-352-2911,-117.85347475,33.75921671
Mobile Medical Clinic,3255 N Texas St,Fairfield,CA,Active,707-784-2120,-122.0341575,38.28804101
County of Ventura,800 S Victoria Ave,Ventura,CA,Active,805-339-1103,-119.21140509,34.26848744
Ampla Health-Forbes Avenue,508 Forbes Ave,Yuba City,CA,Active,530-674-4261,-121.61733669,39.13740592
Chino Valley Community Health Center,"13193 Central Ave, Suite 100",Chino,CA,Active,909-464-9675,-117.68896976,34.01407912
Elica Health Centers - Mack Road,6339 Mack Rd,Sacramento,CA,Active,916-454-2345,-121.4285261,38.47558455
Clovis Community Health Center,180 W Shaw Ave STE B,Clovis,CA,Active,559-203-6600,-119.7126693,36.80793865
MCHWC Women's Health Clinic,"880 Las Gallinas Ave, Suite 1",San Rafael,CA,Active,415-339-8813,-122.54785107,38.00771572
Family Health Matters Mobile Health Center,1182 N Euclid St,Anaheim,CA,Active,714-441-0411,-117.94140796,33.84992638
Noalab Community Healthcare - Coldwater Canyon,6428 Coldwater Canyon Ave,North Hollywood,CA,Active,818-358-2011,-118.41334858,34.18759248
Neighborhood Healthcare ~ Rialto,1205 W Foothill Blvd,Rialto,CA,Active,760-520-8300,-117.39609097,34.10607801
Harm Reduction Admin Office,22971 Sutro St,Hayward,CA,Active,510-252-8882,-122.08361861,37.66507291
North State Street,677 N State St,Ukiah,CA,Active,707-468-1010,-123.20834714,39.15644348
The Childrens Clinic - Long Beach Multiservice Center for the Homeless,1301 W 12th St,Long Beach,CA,Active,562-773-1147,-118.2090329,33.78201008
Neighborhood Healthcare ~ Downtown Escondido Suite 400,488 E Valley Pkwy STE 400,Escondido,CA,Active,760-520-8300,-117.07711715,33.12513454
"Community Medical Centers, CareLink Community Response Mobile Unit II",2666 West Ln STE 700,Stockton,CA,Active,833-311-2273,-121.28192042,37.9801872
STP Community Health Center +,"1206 E 17th St, Ste 105",Santa Ana,CA,Active,714-392-6626,-117.85393886,33.75983873
Mobile Health Clinic #7,40910 Fremont Blvd,Fremont,CA,Active,510-770-8040,-121.96027002,37.53434271
Yehowa Medical Services  -  Mobile Unit #4,"5720 Imperial Hwy, #L",South Gate,CA,Active,323-776-1500,-118.168954,33.92933598
DAP Health - College of the Desert Student Health Center,43500 Monterey Ave,Palm Desert,CA,Active,833-624-9399,-116.38685703,33.73324467
"AltaMed Medical and Dental Group  -  Huntington Beach, Main","2100 Main St, Suite 150",Huntington Beach,CA,Active,888-499-9303,-118.00037221,33.6801314
Addams Elementary School Health and Wellness Center,1510 N Lafayette Ave,Fresno,CA,Active,559-457-6860,-119.83697653,36.76420951
Gold Street Medical,"1401 Gold St, Suite A",Redding,CA,Active,530-337-5750,-122.389257,40.57955577
CHILDREN'S HEALTH CENTER,1001 Potrero Ave,San Francisco,CA,Active,415-206-8376,-122.4053899,37.7553828
SHASTA LAKE CITY FAMILY HLTH CTR,4215 Front St,Shasta Lake,CA,Active,530-246-9168,-122.37038581,40.68129125
James A. Watson Wellness Center,5709 Market St,Emeryville,CA,Active,510-444-9460,-122.27456968,37.84178124
Greenville Rancheria Tribal Administration,1405 Montgomery Rd,Red Bluff,CA,Active,530-528-8600,-122.22528845,40.15843957
Los Angeles Christian Health Centers at Joshua House Health Center,325 E 7th St,Los Angeles,CA,Active,213-893-1960 x21389,-118.24855802,34.04215447
"T.H.E. Clinic, Inc. Administrative Office",714 W Olympic Blvd,Los Angeles,CA,Active,323-730-1920,-118.26341964,34.04454399
Peach Tree North Sacramento,"3810 Rosin Ct, Ste 100",Sacramento,CA,Active,530-749-3242,-121.47547566,38.63804054
Tarzana Treatment Centers - Mobile Clinic (Central),6025 Yolanda Ave,Tarzana,CA,Active,818-654-3815,-118.54087849,34.17955775
Equity Health - Senior,317 Clementina St,San Francisco,CA,Active,415-284-2270,-122.40209221,37.78191425
AltaMed Health Services Corporation Headquarters,2040 Camfield Ave,Commerce,CA,Active,888-499-9303,-118.15523617,34.00801175
SOUTH COUNTY MENTAL HEALTH,802 Brewster Ave,Redwood City,CA,Active,650-363-4111,-122.23413546,37.48889155
Omni Family Health,912 Fremont St,Delano,CA,Active,866-707-6664,-119.24955901,35.76820539
SJCH at Lincoln High School,2512 Alta St,Los Angeles,CA,Active,323-541-1411,-118.20384878,34.07605634
TrueCare,"1595 Grand Ave, Suite 106",San Marcos,CA,Active,760-736-6700,-117.19854368,33.14483209
FamilyHealth - Center for Older Adults - Oceanside,"2201 Mission Ave, Suite 200",Oceanside,CA,Active,760-826-7223,-117.3609511,33.20721793
HIV Prevention Center,4040 30th St,San Diego,CA,Active,619-515-2449,-117.13033569,32.75113301
CMCC Santa Rosalia,3762 Santa Rosalia Dr,Los Angeles,CA,Active,951-278-3196,-118.33915334,34.00937475
Ontario,1556 S Sultana Av,Ontario,CA,Active,909-630-7927,-117.64644325,34.04511815
AltaMed Pharmacy - Commerce,5417 Whittier Blvd,Los Angeles,CA,Active,888-499-9303,-118.15369382,34.0196779
United Health Centers Fowler Main Street,106 E Main St,Fowler,CA,Active,559-646-6618 x0010,-119.67869971,36.62913078
United Health Centers Kerman Madera,517 S Madera Ave,Kerman,CA,Active,559-646-6618 x0010,-120.06053538,36.72710508
Inderkum High School,2500 New Market Dr,Sacramento,CA,Active,916-567-5640,-121.51717035,38.65846422
Neighborhood Healthcare ~ Menifee,"26926 Cherry Hills Blvd, Suite B",Menifee,CA,Active,951-216-2200,-117.19059998,33.71171001
Elica Health Centers - Midtown First Floor,"3701 J St, Suite 101",Sacramento,CA,Active,916-454-2345,-121.4566256,38.5712369
Unicare Community Health Center Kasota,15863 Kasota Rd,Apple Valley,CA,Active,760-946-1100,-117.26642469,34.54012028
Northeast Community Clinic,"4455 W 117th St, Ste 200",Hawthorne,CA,Active,310-219-2000,-118.35392625,33.92823867
Bell Gardens Community Health Center,6912 Ajax Ave,Bell Gardens,CA,Active,323-562-5813,-118.16259272,33.969915
Altura Centers for Health Main Clinic,1101 N Cherry St,Tulare,CA,Active,559-685-4601,-119.33815003,36.22400398
Eucalyptus Community Health Center,23990 Eucalyptus Ave,Moreno Valley,CA,Active,951-358-5222,-117.2476411,33.93225339
Ravenswood Family Dentistry,1805 Bay Rd,East Palo Alto,CA,Active,510-409-6339,-122.1345463,37.47235883
Complete Care Community Health Center--Fountain Valley,"11100 Warner Ave, Suite 200",Fountain Valley,CA,Active,714-549-4081,-117.93652349,33.71575348
Apple Valley Head Start,13589 Navajo Rd,Apple Valley,CA,Active,760-247-6955,-117.18952559,34.49846402
KERN MEDICAL OUTPATIENT HEALTH (KMOH)  -  STOCKDALE 500,"9330 Stockdale Hwy, #500",Bakersfield,CA,Active,661-847-9705,-119.10645101,35.355233
Elm Street Family Health Center,140 Elm St,San Diego,CA,Active,619-515-2300,-117.163509,32.72426138
LITTLE LAKE HEALTH CENTER,45 Hazel St,Willits,CA,Active,707-468-1010,-123.35230205,39.4000863
Antioch Health Center,2335 Country Hills Dr,Antioch,CA,Active,925-608-8500,-121.78448366,37.9707944
Indian Health Center of Santa Clara Valley - Wellness Center,602 E Santa Clara St,San Jose,CA,Active,408-445-3400,-121.8776408,37.34193319
